# Wavefront OBJ file export by VMD
# 
# Molecular graphics exported from VMD 1.9.3
# http://www.ks.uiuc.edu/Research/vmd/
# 
# Load Material Library paired with this scene:
mtllib CO2.mtl
usemtl vmd_mat_cindex_16
v 0.008964 0.020267 0.232765
v 0.008795 0.310498 0.229579
v 0.005473 0.020188 0.225766
vn -0.8141 0.0059 0.5808
vn -0.8141 0.0059 0.5808
vn -0.9537 0.0027 0.3008
f -3//-3 -2//-2 -1//-1
v 0.005473 0.020188 0.225766
v 0.008795 0.310498 0.229579
v 0.005304 0.310420 0.222580
vn -0.9537 0.0027 0.3008
vn -0.8141 0.0059 0.5808
vn -0.9537 0.0027 0.3008
f -3//-3 -2//-2 -1//-1
v 0.005473 0.020188 0.225766
v 0.005304 0.310420 0.222580
v 0.004316 0.020102 0.218031
vn -0.9537 0.0027 0.3008
vn -0.9537 0.0027 0.3008
vn -1.0000 -0.0007 -0.0086
f -3//-3 -2//-2 -1//-1
v 0.004316 0.020102 0.218031
v 0.005304 0.310420 0.222580
v 0.004147 0.310334 0.214844
vn -1.0000 -0.0007 -0.0086
vn -0.9537 0.0027 0.3008
vn -1.0000 -0.0007 -0.0086
f -3//-3 -2//-2 -1//-1
v 0.004316 0.020102 0.218031
v 0.004147 0.310334 0.214844
v 0.005606 0.020018 0.210317
vn -1.0000 -0.0007 -0.0086
vn -1.0000 -0.0007 -0.0086
vn -0.9484 -0.0040 -0.3172
f -3//-3 -2//-2 -1//-1
v 0.005606 0.020018 0.210317
v 0.004147 0.310334 0.214844
v 0.005438 0.310250 0.207130
vn -0.9484 -0.0040 -0.3172
vn -1.0000 -0.0007 -0.0086
vn -0.9484 -0.0040 -0.3172
f -3//-3 -2//-2 -1//-1
v 0.005606 0.020018 0.210317
v 0.005438 0.310250 0.207130
v 0.009217 0.019944 0.203379
vn -0.9484 -0.0040 -0.3172
vn -0.9484 -0.0040 -0.3172
vn -0.8039 -0.0070 -0.5947
f -3//-3 -2//-2 -1//-1
v 0.009217 0.019944 0.203379
v 0.005438 0.310250 0.207130
v 0.009048 0.310176 0.200192
vn -0.8039 -0.0070 -0.5947
vn -0.9484 -0.0040 -0.3172
vn -0.8039 -0.0070 -0.5947
f -3//-3 -2//-2 -1//-1
v 0.009217 0.019944 0.203379
v 0.009048 0.310176 0.200192
v 0.014795 0.019887 0.197896
vn -0.8039 -0.0070 -0.5947
vn -0.8039 -0.0070 -0.5947
vn -0.5808 -0.0093 -0.8140
f -3//-3 -2//-2 -1//-1
v 0.014795 0.019887 0.197896
v 0.009048 0.310176 0.200192
v 0.014627 0.310119 0.194710
vn -0.5808 -0.0093 -0.8140
vn -0.8039 -0.0070 -0.5947
vn -0.5808 -0.0093 -0.8140
f -3//-3 -2//-2 -1//-1
v 0.014795 0.019887 0.197896
v 0.014627 0.310119 0.194710
v 0.021795 0.019853 0.194406
vn -0.5808 -0.0093 -0.8140
vn -0.5808 -0.0093 -0.8140
vn -0.3008 -0.0106 -0.9536
f -3//-3 -2//-2 -1//-1
v 0.021795 0.019853 0.194406
v 0.014627 0.310119 0.194710
v 0.021626 0.310085 0.191219
vn -0.3008 -0.0106 -0.9536
vn -0.5808 -0.0093 -0.8140
vn -0.3008 -0.0106 -0.9536
f -3//-3 -2//-2 -1//-1
v 0.021795 0.019853 0.194406
v 0.021626 0.310085 0.191219
v 0.029531 0.019845 0.193249
vn -0.3008 -0.0106 -0.9536
vn -0.3008 -0.0106 -0.9536
vn 0.0086 -0.0110 -0.9999
f -3//-3 -2//-2 -1//-1
v 0.029531 0.019845 0.193249
v 0.021626 0.310085 0.191219
v 0.029362 0.310077 0.190062
vn 0.0086 -0.0110 -0.9999
vn -0.3008 -0.0106 -0.9536
vn 0.0086 -0.0110 -0.9999
f -3//-3 -2//-2 -1//-1
v 0.029531 0.019845 0.193249
v 0.029362 0.310077 0.190062
v 0.037245 0.019864 0.194539
vn 0.0086 -0.0110 -0.9999
vn 0.0086 -0.0110 -0.9999
vn 0.3172 -0.0102 -0.9483
f -3//-3 -2//-2 -1//-1
v 0.037245 0.019864 0.194539
v 0.029362 0.310077 0.190062
v 0.037077 0.310095 0.191352
vn 0.3172 -0.0102 -0.9483
vn 0.0086 -0.0110 -0.9999
vn 0.3172 -0.0102 -0.9483
f -3//-3 -2//-2 -1//-1
v 0.037245 0.019864 0.194539
v 0.037077 0.310095 0.191352
v 0.044184 0.019907 0.198149
vn 0.3172 -0.0102 -0.9483
vn 0.3172 -0.0102 -0.9483
vn 0.5947 -0.0085 -0.8039
f -3//-3 -2//-2 -1//-1
v 0.044184 0.019907 0.198149
v 0.037077 0.310095 0.191352
v 0.044015 0.310139 0.194963
vn 0.5947 -0.0085 -0.8039
vn 0.3172 -0.0102 -0.9483
vn 0.5947 -0.0085 -0.8039
f -3//-3 -2//-2 -1//-1
v 0.044184 0.019907 0.198149
v 0.044015 0.310139 0.194963
v 0.049667 0.019972 0.203727
vn 0.5947 -0.0085 -0.8039
vn 0.5947 -0.0085 -0.8039
vn 0.8141 -0.0059 -0.5808
f -3//-3 -2//-2 -1//-1
v 0.049667 0.019972 0.203727
v 0.044015 0.310139 0.194963
v 0.049498 0.310203 0.200541
vn 0.8141 -0.0059 -0.5808
vn 0.5947 -0.0085 -0.8039
vn 0.8141 -0.0059 -0.5808
f -3//-3 -2//-2 -1//-1
v 0.049667 0.019972 0.203727
v 0.049498 0.310203 0.200541
v 0.053157 0.020050 0.210726
vn 0.8141 -0.0059 -0.5808
vn 0.8141 -0.0059 -0.5808
vn 0.9537 -0.0027 -0.3008
f -3//-3 -2//-2 -1//-1
v 0.053157 0.020050 0.210726
v 0.049498 0.310203 0.200541
v 0.052989 0.310282 0.207540
vn 0.9537 -0.0027 -0.3008
vn 0.8141 -0.0059 -0.5808
vn 0.9537 -0.0027 -0.3008
f -3//-3 -2//-2 -1//-1
v 0.053157 0.020050 0.210726
v 0.052989 0.310282 0.207540
v 0.054314 0.020136 0.218462
vn 0.9537 -0.0027 -0.3008
vn 0.9537 -0.0027 -0.3008
vn 1.0000 0.0007 0.0086
f -3//-3 -2//-2 -1//-1
v 0.054314 0.020136 0.218462
v 0.052989 0.310282 0.207540
v 0.054146 0.310368 0.215275
vn 1.0000 0.0007 0.0086
vn 0.9537 -0.0027 -0.3008
vn 1.0000 0.0007 0.0086
f -3//-3 -2//-2 -1//-1
v 0.054314 0.020136 0.218462
v 0.054146 0.310368 0.215275
v 0.053024 0.020220 0.226176
vn 1.0000 0.0007 0.0086
vn 1.0000 0.0007 0.0086
vn 0.9484 0.0040 0.3172
f -3//-3 -2//-2 -1//-1
v 0.053024 0.020220 0.226176
v 0.054146 0.310368 0.215275
v 0.052856 0.310452 0.222989
vn 0.9484 0.0040 0.3172
vn 1.0000 0.0007 0.0086
vn 0.9484 0.0040 0.3172
f -3//-3 -2//-2 -1//-1
v 0.053024 0.020220 0.226176
v 0.052856 0.310452 0.222989
v 0.049413 0.020294 0.233114
vn 0.9484 0.0040 0.3172
vn 0.9484 0.0040 0.3172
vn 0.8039 0.0070 0.5947
f -3//-3 -2//-2 -1//-1
v 0.049413 0.020294 0.233114
v 0.052856 0.310452 0.222989
v 0.049245 0.310526 0.229927
vn 0.8039 0.0070 0.5947
vn 0.9484 0.0040 0.3172
vn 0.8039 0.0070 0.5947
f -3//-3 -2//-2 -1//-1
v 0.049413 0.020294 0.233114
v 0.049245 0.310526 0.229927
v 0.043835 0.020351 0.238596
vn 0.8039 0.0070 0.5947
vn 0.8039 0.0070 0.5947
vn 0.5808 0.0093 0.8140
f -3//-3 -2//-2 -1//-1
v 0.043835 0.020351 0.238596
v 0.049245 0.310526 0.229927
v 0.043666 0.310583 0.235410
vn 0.5808 0.0093 0.8140
vn 0.8039 0.0070 0.5947
vn 0.5808 0.0093 0.8140
f -3//-3 -2//-2 -1//-1
v 0.043835 0.020351 0.238596
v 0.043666 0.310583 0.235410
v 0.036835 0.020385 0.242087
vn 0.5808 0.0093 0.8140
vn 0.5808 0.0093 0.8140
vn 0.3008 0.0106 0.9536
f -3//-3 -2//-2 -1//-1
v 0.036835 0.020385 0.242087
v 0.043666 0.310583 0.235410
v 0.036667 0.310617 0.238900
vn 0.3008 0.0106 0.9536
vn 0.5808 0.0093 0.8140
vn 0.3008 0.0106 0.9536
f -3//-3 -2//-2 -1//-1
v 0.036835 0.020385 0.242087
v 0.036667 0.310617 0.238900
v 0.029100 0.020394 0.243244
vn 0.3008 0.0106 0.9536
vn 0.3008 0.0106 0.9536
vn -0.0086 0.0110 0.9999
f -3//-3 -2//-2 -1//-1
v 0.029100 0.020394 0.243244
v 0.036667 0.310617 0.238900
v 0.028931 0.310625 0.240057
vn -0.0086 0.0110 0.9999
vn 0.3008 0.0106 0.9536
vn -0.0086 0.0110 0.9999
f -3//-3 -2//-2 -1//-1
v 0.029100 0.020394 0.243244
v 0.028931 0.310625 0.240057
v 0.021385 0.020375 0.241954
vn -0.0086 0.0110 0.9999
vn -0.0086 0.0110 0.9999
vn -0.3172 0.0102 0.9483
f -3//-3 -2//-2 -1//-1
v 0.021385 0.020375 0.241954
v 0.028931 0.310625 0.240057
v 0.021216 0.310607 0.238767
vn -0.3172 0.0102 0.9483
vn -0.0086 0.0110 0.9999
vn -0.3172 0.0102 0.9483
f -3//-3 -2//-2 -1//-1
v 0.021385 0.020375 0.241954
v 0.021216 0.310607 0.238767
v 0.014447 0.020331 0.238343
vn -0.3172 0.0102 0.9483
vn -0.3172 0.0102 0.9483
vn -0.5947 0.0085 0.8039
f -3//-3 -2//-2 -1//-1
v 0.014447 0.020331 0.238343
v 0.021216 0.310607 0.238767
v 0.014278 0.310563 0.235157
vn -0.5947 0.0085 0.8039
vn -0.3172 0.0102 0.9483
vn -0.5947 0.0085 0.8039
f -3//-3 -2//-2 -1//-1
v 0.014447 0.020331 0.238343
v 0.014278 0.310563 0.235157
v 0.008964 0.020267 0.232765
vn -0.5947 0.0085 0.8039
vn -0.5947 0.0085 0.8039
vn -0.8141 0.0059 0.5808
f -3//-3 -2//-2 -1//-1
v 0.008964 0.020267 0.232765
v 0.014278 0.310563 0.235157
v 0.008795 0.310498 0.229579
vn -0.8141 0.0059 0.5808
vn -0.5947 0.0085 0.8039
vn -0.8141 0.0059 0.5808
f -3//-3 -2//-2 -1//-1
v -0.089666 0.020028 0.216273
v -0.089835 0.310260 0.213086
v -0.093157 0.019950 0.209274
vn -0.8141 0.0059 0.5808
vn -0.8141 0.0059 0.5808
vn -0.9537 0.0027 0.3008
f -3//-3 -2//-2 -1//-1
v -0.093157 0.019950 0.209274
v -0.089835 0.310260 0.213086
v -0.093326 0.310181 0.206087
vn -0.9537 0.0027 0.3008
vn -0.8141 0.0059 0.5808
vn -0.9537 0.0027 0.3008
f -3//-3 -2//-2 -1//-1
v -0.093157 0.019950 0.209274
v -0.093326 0.310181 0.206087
v -0.094314 0.019864 0.201539
vn -0.9537 0.0027 0.3008
vn -0.9537 0.0027 0.3008
vn -1.0000 -0.0007 -0.0086
f -3//-3 -2//-2 -1//-1
v -0.094314 0.019864 0.201539
v -0.093326 0.310181 0.206087
v -0.094483 0.310096 0.198352
vn -1.0000 -0.0007 -0.0086
vn -0.9537 0.0027 0.3008
vn -1.0000 -0.0007 -0.0086
f -3//-3 -2//-2 -1//-1
v -0.094314 0.019864 0.201539
v -0.094483 0.310096 0.198352
v -0.093024 0.019780 0.193824
vn -1.0000 -0.0007 -0.0086
vn -1.0000 -0.0007 -0.0086
vn -0.9484 -0.0040 -0.3172
f -3//-3 -2//-2 -1//-1
v -0.093024 0.019780 0.193824
v -0.094483 0.310096 0.198352
v -0.093193 0.310012 0.190638
vn -0.9484 -0.0040 -0.3172
vn -1.0000 -0.0007 -0.0086
vn -0.9484 -0.0040 -0.3172
f -3//-3 -2//-2 -1//-1
v -0.093024 0.019780 0.193824
v -0.093193 0.310012 0.190638
v -0.089413 0.019706 0.186886
vn -0.9484 -0.0040 -0.3172
vn -0.9484 -0.0040 -0.3172
vn -0.8039 -0.0070 -0.5947
f -3//-3 -2//-2 -1//-1
v -0.089413 0.019706 0.186886
v -0.093193 0.310012 0.190638
v -0.089582 0.309938 0.183700
vn -0.8039 -0.0070 -0.5947
vn -0.9484 -0.0040 -0.3172
vn -0.8039 -0.0070 -0.5947
f -3//-3 -2//-2 -1//-1
v -0.089413 0.019706 0.186886
v -0.089582 0.309938 0.183700
v -0.083835 0.019649 0.181404
vn -0.8039 -0.0070 -0.5947
vn -0.8039 -0.0070 -0.5947
vn -0.5808 -0.0093 -0.8140
f -3//-3 -2//-2 -1//-1
v -0.083835 0.019649 0.181404
v -0.089582 0.309938 0.183700
v -0.084004 0.309881 0.178217
vn -0.5808 -0.0093 -0.8140
vn -0.8039 -0.0070 -0.5947
vn -0.5808 -0.0093 -0.8140
f -3//-3 -2//-2 -1//-1
v -0.083835 0.019649 0.181404
v -0.084004 0.309881 0.178217
v -0.076835 0.019615 0.177913
vn -0.5808 -0.0093 -0.8140
vn -0.5808 -0.0093 -0.8140
vn -0.3008 -0.0106 -0.9536
f -3//-3 -2//-2 -1//-1
v -0.076835 0.019615 0.177913
v -0.084004 0.309881 0.178217
v -0.077004 0.309846 0.174727
vn -0.3008 -0.0106 -0.9536
vn -0.5808 -0.0093 -0.8140
vn -0.3008 -0.0106 -0.9536
f -3//-3 -2//-2 -1//-1
v -0.076835 0.019615 0.177913
v -0.077004 0.309846 0.174727
v -0.069100 0.019606 0.176756
vn -0.3008 -0.0106 -0.9536
vn -0.3008 -0.0106 -0.9536
vn 0.0086 -0.0110 -0.9999
f -3//-3 -2//-2 -1//-1
v -0.069100 0.019606 0.176756
v -0.077004 0.309846 0.174727
v -0.069268 0.309838 0.173570
vn 0.0086 -0.0110 -0.9999
vn -0.3008 -0.0106 -0.9536
vn 0.0086 -0.0110 -0.9999
f -3//-3 -2//-2 -1//-1
v -0.069100 0.019606 0.176756
v -0.069268 0.309838 0.173570
v -0.061385 0.019625 0.178046
vn 0.0086 -0.0110 -0.9999
vn 0.0086 -0.0110 -0.9999
vn 0.3172 -0.0102 -0.9483
f -3//-3 -2//-2 -1//-1
v -0.061385 0.019625 0.178046
v -0.069268 0.309838 0.173570
v -0.061554 0.309857 0.174860
vn 0.3172 -0.0102 -0.9483
vn 0.0086 -0.0110 -0.9999
vn 0.3172 -0.0102 -0.9483
f -3//-3 -2//-2 -1//-1
v -0.061385 0.019625 0.178046
v -0.061554 0.309857 0.174860
v -0.054447 0.019669 0.181657
vn 0.3172 -0.0102 -0.9483
vn 0.3172 -0.0102 -0.9483
vn 0.5947 -0.0085 -0.8039
f -3//-3 -2//-2 -1//-1
v -0.054447 0.019669 0.181657
v -0.061554 0.309857 0.174860
v -0.054615 0.309900 0.178470
vn 0.5947 -0.0085 -0.8039
vn 0.3172 -0.0102 -0.9483
vn 0.5947 -0.0085 -0.8039
f -3//-3 -2//-2 -1//-1
v -0.054447 0.019669 0.181657
v -0.054615 0.309900 0.178470
v -0.048964 0.019733 0.187235
vn 0.5947 -0.0085 -0.8039
vn 0.5947 -0.0085 -0.8039
vn 0.8141 -0.0059 -0.5808
f -3//-3 -2//-2 -1//-1
v -0.048964 0.019733 0.187235
v -0.054615 0.309900 0.178470
v -0.049133 0.309965 0.184048
vn 0.8141 -0.0059 -0.5808
vn 0.5947 -0.0085 -0.8039
vn 0.8141 -0.0059 -0.5808
f -3//-3 -2//-2 -1//-1
v -0.048964 0.019733 0.187235
v -0.049133 0.309965 0.184048
v -0.045473 0.019812 0.194234
vn 0.8141 -0.0059 -0.5808
vn 0.8141 -0.0059 -0.5808
vn 0.9537 -0.0027 -0.3008
f -3//-3 -2//-2 -1//-1
v -0.045473 0.019812 0.194234
v -0.049133 0.309965 0.184048
v -0.045642 0.310044 0.191047
vn 0.9537 -0.0027 -0.3008
vn 0.8141 -0.0059 -0.5808
vn 0.9537 -0.0027 -0.3008
f -3//-3 -2//-2 -1//-1
v -0.045473 0.019812 0.194234
v -0.045642 0.310044 0.191047
v -0.044316 0.019898 0.201969
vn 0.9537 -0.0027 -0.3008
vn 0.9537 -0.0027 -0.3008
vn 1.0000 0.0007 0.0086
f -3//-3 -2//-2 -1//-1
v -0.044316 0.019898 0.201969
v -0.045642 0.310044 0.191047
v -0.044485 0.310129 0.198783
vn 1.0000 0.0007 0.0086
vn 0.9537 -0.0027 -0.3008
vn 1.0000 0.0007 0.0086
f -3//-3 -2//-2 -1//-1
v -0.044316 0.019898 0.201969
v -0.044485 0.310129 0.198783
v -0.045606 0.019982 0.209683
vn 1.0000 0.0007 0.0086
vn 1.0000 0.0007 0.0086
vn 0.9484 0.0040 0.3172
f -3//-3 -2//-2 -1//-1
v -0.045606 0.019982 0.209683
v -0.044485 0.310129 0.198783
v -0.045775 0.310213 0.206497
vn 0.9484 0.0040 0.3172
vn 1.0000 0.0007 0.0086
vn 0.9484 0.0040 0.3172
f -3//-3 -2//-2 -1//-1
v -0.045606 0.019982 0.209683
v -0.045775 0.310213 0.206497
v -0.049217 0.020056 0.216621
vn 0.9484 0.0040 0.3172
vn 0.9484 0.0040 0.3172
vn 0.8039 0.0070 0.5947
f -3//-3 -2//-2 -1//-1
v -0.049217 0.020056 0.216621
v -0.045775 0.310213 0.206497
v -0.049386 0.310287 0.213435
vn 0.8039 0.0070 0.5947
vn 0.9484 0.0040 0.3172
vn 0.8039 0.0070 0.5947
f -3//-3 -2//-2 -1//-1
v -0.049217 0.020056 0.216621
v -0.049386 0.310287 0.213435
v -0.054795 0.020113 0.222104
vn 0.8039 0.0070 0.5947
vn 0.8039 0.0070 0.5947
vn 0.5808 0.0093 0.8140
f -3//-3 -2//-2 -1//-1
v -0.054795 0.020113 0.222104
v -0.049386 0.310287 0.213435
v -0.054964 0.310344 0.218917
vn 0.5808 0.0093 0.8140
vn 0.8039 0.0070 0.5947
vn 0.5808 0.0093 0.8140
f -3//-3 -2//-2 -1//-1
v -0.054795 0.020113 0.222104
v -0.054964 0.310344 0.218917
v -0.061795 0.020147 0.225594
vn 0.5808 0.0093 0.8140
vn 0.5808 0.0093 0.8140
vn 0.3008 0.0106 0.9536
f -3//-3 -2//-2 -1//-1
v -0.061795 0.020147 0.225594
v -0.054964 0.310344 0.218917
v -0.061964 0.310379 0.222408
vn 0.3008 0.0106 0.9536
vn 0.5808 0.0093 0.8140
vn 0.3008 0.0106 0.9536
f -3//-3 -2//-2 -1//-1
v -0.061795 0.020147 0.225594
v -0.061964 0.310379 0.222408
v -0.069531 0.020155 0.226751
vn 0.3008 0.0106 0.9536
vn 0.3008 0.0106 0.9536
vn -0.0086 0.0110 0.9999
f -3//-3 -2//-2 -1//-1
v -0.069531 0.020155 0.226751
v -0.061964 0.310379 0.222408
v -0.069699 0.310387 0.223565
vn -0.0086 0.0110 0.9999
vn 0.3008 0.0106 0.9536
vn -0.0086 0.0110 0.9999
f -3//-3 -2//-2 -1//-1
v -0.069531 0.020155 0.226751
v -0.069699 0.310387 0.223565
v -0.077245 0.020136 0.225461
vn -0.0086 0.0110 0.9999
vn -0.0086 0.0110 0.9999
vn -0.3172 0.0102 0.9483
f -3//-3 -2//-2 -1//-1
v -0.077245 0.020136 0.225461
v -0.069699 0.310387 0.223565
v -0.077414 0.310368 0.222275
vn -0.3172 0.0102 0.9483
vn -0.0086 0.0110 0.9999
vn -0.3172 0.0102 0.9483
f -3//-3 -2//-2 -1//-1
v -0.077245 0.020136 0.225461
v -0.077414 0.310368 0.222275
v -0.084184 0.020093 0.221851
vn -0.3172 0.0102 0.9483
vn -0.3172 0.0102 0.9483
vn -0.5947 0.0085 0.8039
f -3//-3 -2//-2 -1//-1
v -0.084184 0.020093 0.221851
v -0.077414 0.310368 0.222275
v -0.084352 0.310324 0.218664
vn -0.5947 0.0085 0.8039
vn -0.3172 0.0102 0.9483
vn -0.5947 0.0085 0.8039
f -3//-3 -2//-2 -1//-1
v -0.084184 0.020093 0.221851
v -0.084352 0.310324 0.218664
v -0.089666 0.020028 0.216273
vn -0.5947 0.0085 0.8039
vn -0.5947 0.0085 0.8039
vn -0.8141 0.0059 0.5808
f -3//-3 -2//-2 -1//-1
v -0.089666 0.020028 0.216273
v -0.084352 0.310324 0.218664
v -0.089835 0.310260 0.213086
vn -0.8141 0.0059 0.5808
vn -0.5947 0.0085 0.8039
vn -0.8141 0.0059 0.5808
f -3//-3 -2//-2 -1//-1
usemtl vmd_mat_cindex_1
v 0.008795 0.310498 0.229579
v 0.008627 0.600730 0.226392
v 0.005304 0.310420 0.222580
vn -0.8141 0.0059 0.5808
vn -0.8141 0.0059 0.5808
vn -0.9537 0.0027 0.3008
f -3//-3 -2//-2 -1//-1
v 0.005304 0.310420 0.222580
v 0.008627 0.600730 0.226392
v 0.005136 0.600651 0.219393
vn -0.9537 0.0027 0.3008
vn -0.8141 0.0059 0.5808
vn -0.9537 0.0027 0.3008
f -3//-3 -2//-2 -1//-1
v 0.005304 0.310420 0.222580
v 0.005136 0.600651 0.219393
v 0.004147 0.310334 0.214844
vn -0.9537 0.0027 0.3008
vn -0.9537 0.0027 0.3008
vn -1.0000 -0.0007 -0.0086
f -3//-3 -2//-2 -1//-1
v 0.004147 0.310334 0.214844
v 0.005136 0.600651 0.219393
v 0.003979 0.600566 0.211658
vn -1.0000 -0.0007 -0.0086
vn -0.9537 0.0027 0.3008
vn -1.0000 -0.0007 -0.0086
f -3//-3 -2//-2 -1//-1
v 0.004147 0.310334 0.214844
v 0.003979 0.600566 0.211658
v 0.005438 0.310250 0.207130
vn -1.0000 -0.0007 -0.0086
vn -1.0000 -0.0007 -0.0086
vn -0.9484 -0.0040 -0.3172
f -3//-3 -2//-2 -1//-1
v 0.005438 0.310250 0.207130
v 0.003979 0.600566 0.211658
v 0.005269 0.600482 0.203944
vn -0.9484 -0.0040 -0.3172
vn -1.0000 -0.0007 -0.0086
vn -0.9484 -0.0040 -0.3172
f -3//-3 -2//-2 -1//-1
v 0.005438 0.310250 0.207130
v 0.005269 0.600482 0.203944
v 0.009048 0.310176 0.200192
vn -0.9484 -0.0040 -0.3172
vn -0.9484 -0.0040 -0.3172
vn -0.8039 -0.0070 -0.5947
f -3//-3 -2//-2 -1//-1
v 0.009048 0.310176 0.200192
v 0.005269 0.600482 0.203944
v 0.008880 0.600408 0.197006
vn -0.8039 -0.0070 -0.5947
vn -0.9484 -0.0040 -0.3172
vn -0.8039 -0.0070 -0.5947
f -3//-3 -2//-2 -1//-1
v 0.009048 0.310176 0.200192
v 0.008880 0.600408 0.197006
v 0.014627 0.310119 0.194710
vn -0.8039 -0.0070 -0.5947
vn -0.8039 -0.0070 -0.5947
vn -0.5808 -0.0093 -0.8140
f -3//-3 -2//-2 -1//-1
v 0.014627 0.310119 0.194710
v 0.008880 0.600408 0.197006
v 0.014458 0.600351 0.191523
vn -0.5808 -0.0093 -0.8140
vn -0.8039 -0.0070 -0.5947
vn -0.5808 -0.0093 -0.8140
f -3//-3 -2//-2 -1//-1
v 0.014627 0.310119 0.194710
v 0.014458 0.600351 0.191523
v 0.021626 0.310085 0.191219
vn -0.5808 -0.0093 -0.8140
vn -0.5808 -0.0093 -0.8140
vn -0.3008 -0.0106 -0.9536
f -3//-3 -2//-2 -1//-1
v 0.021626 0.310085 0.191219
v 0.014458 0.600351 0.191523
v 0.021458 0.600316 0.188032
vn -0.3008 -0.0106 -0.9536
vn -0.5808 -0.0093 -0.8140
vn -0.3008 -0.0106 -0.9536
f -3//-3 -2//-2 -1//-1
v 0.021626 0.310085 0.191219
v 0.021458 0.600316 0.188032
v 0.029362 0.310077 0.190062
vn -0.3008 -0.0106 -0.9536
vn -0.3008 -0.0106 -0.9536
vn 0.0086 -0.0110 -0.9999
f -3//-3 -2//-2 -1//-1
v 0.029362 0.310077 0.190062
v 0.021458 0.600316 0.188032
v 0.029193 0.600308 0.186875
vn 0.0086 -0.0110 -0.9999
vn -0.3008 -0.0106 -0.9536
vn 0.0086 -0.0110 -0.9999
f -3//-3 -2//-2 -1//-1
v 0.029362 0.310077 0.190062
v 0.029193 0.600308 0.186875
v 0.037077 0.310095 0.191352
vn 0.0086 -0.0110 -0.9999
vn 0.0086 -0.0110 -0.9999
vn 0.3172 -0.0102 -0.9483
f -3//-3 -2//-2 -1//-1
v 0.037077 0.310095 0.191352
v 0.029193 0.600308 0.186875
v 0.036908 0.600327 0.188165
vn 0.3172 -0.0102 -0.9483
vn 0.0086 -0.0110 -0.9999
vn 0.3172 -0.0102 -0.9483
f -3//-3 -2//-2 -1//-1
v 0.037077 0.310095 0.191352
v 0.036908 0.600327 0.188165
v 0.044015 0.310139 0.194963
vn 0.3172 -0.0102 -0.9483
vn 0.3172 -0.0102 -0.9483
vn 0.5947 -0.0085 -0.8039
f -3//-3 -2//-2 -1//-1
v 0.044015 0.310139 0.194963
v 0.036908 0.600327 0.188165
v 0.043846 0.600370 0.191776
vn 0.5947 -0.0085 -0.8039
vn 0.3172 -0.0102 -0.9483
vn 0.5947 -0.0085 -0.8039
f -3//-3 -2//-2 -1//-1
v 0.044015 0.310139 0.194963
v 0.043846 0.600370 0.191776
v 0.049498 0.310203 0.200541
vn 0.5947 -0.0085 -0.8039
vn 0.5947 -0.0085 -0.8039
vn 0.8141 -0.0059 -0.5808
f -3//-3 -2//-2 -1//-1
v 0.049498 0.310203 0.200541
v 0.043846 0.600370 0.191776
v 0.049329 0.600435 0.197354
vn 0.8141 -0.0059 -0.5808
vn 0.5947 -0.0085 -0.8039
vn 0.8141 -0.0059 -0.5808
f -3//-3 -2//-2 -1//-1
v 0.049498 0.310203 0.200541
v 0.049329 0.600435 0.197354
v 0.052989 0.310282 0.207540
vn 0.8141 -0.0059 -0.5808
vn 0.8141 -0.0059 -0.5808
vn 0.9537 -0.0027 -0.3008
f -3//-3 -2//-2 -1//-1
v 0.052989 0.310282 0.207540
v 0.049329 0.600435 0.197354
v 0.052820 0.600514 0.204353
vn 0.9537 -0.0027 -0.3008
vn 0.8141 -0.0059 -0.5808
vn 0.9537 -0.0027 -0.3008
f -3//-3 -2//-2 -1//-1
v 0.052989 0.310282 0.207540
v 0.052820 0.600514 0.204353
v 0.054146 0.310368 0.215275
vn 0.9537 -0.0027 -0.3008
vn 0.9537 -0.0027 -0.3008
vn 1.0000 0.0007 0.0086
f -3//-3 -2//-2 -1//-1
v 0.054146 0.310368 0.215275
v 0.052820 0.600514 0.204353
v 0.053977 0.600599 0.212088
vn 1.0000 0.0007 0.0086
vn 0.9537 -0.0027 -0.3008
vn 1.0000 0.0007 0.0086
f -3//-3 -2//-2 -1//-1
v 0.054146 0.310368 0.215275
v 0.053977 0.600599 0.212088
v 0.052856 0.310452 0.222989
vn 1.0000 0.0007 0.0086
vn 1.0000 0.0007 0.0086
vn 0.9484 0.0040 0.3172
f -3//-3 -2//-2 -1//-1
v 0.052856 0.310452 0.222989
v 0.053977 0.600599 0.212088
v 0.052687 0.600683 0.219802
vn 0.9484 0.0040 0.3172
vn 1.0000 0.0007 0.0086
vn 0.9484 0.0040 0.3172
f -3//-3 -2//-2 -1//-1
v 0.052856 0.310452 0.222989
v 0.052687 0.600683 0.219802
v 0.049245 0.310526 0.229927
vn 0.9484 0.0040 0.3172
vn 0.9484 0.0040 0.3172
vn 0.8039 0.0070 0.5947
f -3//-3 -2//-2 -1//-1
v 0.049245 0.310526 0.229927
v 0.052687 0.600683 0.219802
v 0.049076 0.600757 0.226740
vn 0.8039 0.0070 0.5947
vn 0.9484 0.0040 0.3172
vn 0.8039 0.0070 0.5947
f -3//-3 -2//-2 -1//-1
v 0.049245 0.310526 0.229927
v 0.049076 0.600757 0.226740
v 0.043666 0.310583 0.235410
vn 0.8039 0.0070 0.5947
vn 0.8039 0.0070 0.5947
vn 0.5808 0.0093 0.8140
f -3//-3 -2//-2 -1//-1
v 0.043666 0.310583 0.235410
v 0.049076 0.600757 0.226740
v 0.043498 0.600814 0.232223
vn 0.5808 0.0093 0.8140
vn 0.8039 0.0070 0.5947
vn 0.5808 0.0093 0.8140
f -3//-3 -2//-2 -1//-1
v 0.043666 0.310583 0.235410
v 0.043498 0.600814 0.232223
v 0.036667 0.310617 0.238900
vn 0.5808 0.0093 0.8140
vn 0.5808 0.0093 0.8140
vn 0.3008 0.0106 0.9536
f -3//-3 -2//-2 -1//-1
v 0.036667 0.310617 0.238900
v 0.043498 0.600814 0.232223
v 0.036498 0.600849 0.235714
vn 0.3008 0.0106 0.9536
vn 0.5808 0.0093 0.8140
vn 0.3008 0.0106 0.9536
f -3//-3 -2//-2 -1//-1
v 0.036667 0.310617 0.238900
v 0.036498 0.600849 0.235714
v 0.028931 0.310625 0.240057
vn 0.3008 0.0106 0.9536
vn 0.3008 0.0106 0.9536
vn -0.0086 0.0110 0.9999
f -3//-3 -2//-2 -1//-1
v 0.028931 0.310625 0.240057
v 0.036498 0.600849 0.235714
v 0.028762 0.600857 0.236871
vn -0.0086 0.0110 0.9999
vn 0.3008 0.0106 0.9536
vn -0.0086 0.0110 0.9999
f -3//-3 -2//-2 -1//-1
v 0.028931 0.310625 0.240057
v 0.028762 0.600857 0.236871
v 0.021216 0.310607 0.238767
vn -0.0086 0.0110 0.9999
vn -0.0086 0.0110 0.9999
vn -0.3172 0.0102 0.9483
f -3//-3 -2//-2 -1//-1
v 0.021216 0.310607 0.238767
v 0.028762 0.600857 0.236871
v 0.021048 0.600838 0.235581
vn -0.3172 0.0102 0.9483
vn -0.0086 0.0110 0.9999
vn -0.3172 0.0102 0.9483
f -3//-3 -2//-2 -1//-1
v 0.021216 0.310607 0.238767
v 0.021048 0.600838 0.235581
v 0.014278 0.310563 0.235157
vn -0.3172 0.0102 0.9483
vn -0.3172 0.0102 0.9483
vn -0.5947 0.0085 0.8039
f -3//-3 -2//-2 -1//-1
v 0.014278 0.310563 0.235157
v 0.021048 0.600838 0.235581
v 0.014109 0.600794 0.231970
vn -0.5947 0.0085 0.8039
vn -0.3172 0.0102 0.9483
vn -0.5947 0.0085 0.8039
f -3//-3 -2//-2 -1//-1
v 0.014278 0.310563 0.235157
v 0.014109 0.600794 0.231970
v 0.008795 0.310498 0.229579
vn -0.5947 0.0085 0.8039
vn -0.5947 0.0085 0.8039
vn -0.8141 0.0059 0.5808
f -3//-3 -2//-2 -1//-1
v 0.008795 0.310498 0.229579
v 0.014109 0.600794 0.231970
v 0.008627 0.600730 0.226392
vn -0.8141 0.0059 0.5808
vn -0.5947 0.0085 0.8039
vn -0.8141 0.0059 0.5808
f -3//-3 -2//-2 -1//-1
v -0.089835 0.310260 0.213086
v -0.090004 0.600492 0.209900
v -0.093326 0.310181 0.206087
vn -0.8141 0.0059 0.5808
vn -0.8141 0.0059 0.5808
vn -0.9537 0.0027 0.3008
f -3//-3 -2//-2 -1//-1
v -0.093326 0.310181 0.206087
v -0.090004 0.600492 0.209900
v -0.093495 0.600413 0.202901
vn -0.9537 0.0027 0.3008
vn -0.8141 0.0059 0.5808
vn -0.9537 0.0027 0.3008
f -3//-3 -2//-2 -1//-1
v -0.093326 0.310181 0.206087
v -0.093495 0.600413 0.202901
v -0.094483 0.310096 0.198352
vn -0.9537 0.0027 0.3008
vn -0.9537 0.0027 0.3008
vn -1.0000 -0.0007 -0.0086
f -3//-3 -2//-2 -1//-1
v -0.094483 0.310096 0.198352
v -0.093495 0.600413 0.202901
v -0.094652 0.600327 0.195165
vn -1.0000 -0.0007 -0.0086
vn -0.9537 0.0027 0.3008
vn -1.0000 -0.0007 -0.0086
f -3//-3 -2//-2 -1//-1
v -0.094483 0.310096 0.198352
v -0.094652 0.600327 0.195165
v -0.093193 0.310012 0.190638
vn -1.0000 -0.0007 -0.0086
vn -1.0000 -0.0007 -0.0086
vn -0.9484 -0.0040 -0.3172
f -3//-3 -2//-2 -1//-1
v -0.093193 0.310012 0.190638
v -0.094652 0.600327 0.195165
v -0.093362 0.600243 0.187451
vn -0.9484 -0.0040 -0.3172
vn -1.0000 -0.0007 -0.0086
vn -0.9484 -0.0040 -0.3172
f -3//-3 -2//-2 -1//-1
v -0.093193 0.310012 0.190638
v -0.093362 0.600243 0.187451
v -0.089582 0.309938 0.183700
vn -0.9484 -0.0040 -0.3172
vn -0.9484 -0.0040 -0.3172
vn -0.8039 -0.0070 -0.5947
f -3//-3 -2//-2 -1//-1
v -0.089582 0.309938 0.183700
v -0.093362 0.600243 0.187451
v -0.089751 0.600169 0.180513
vn -0.8039 -0.0070 -0.5947
vn -0.9484 -0.0040 -0.3172
vn -0.8039 -0.0070 -0.5947
f -3//-3 -2//-2 -1//-1
v -0.089582 0.309938 0.183700
v -0.089751 0.600169 0.180513
v -0.084004 0.309881 0.178217
vn -0.8039 -0.0070 -0.5947
vn -0.8039 -0.0070 -0.5947
vn -0.5808 -0.0093 -0.8140
f -3//-3 -2//-2 -1//-1
v -0.084004 0.309881 0.178217
v -0.089751 0.600169 0.180513
v -0.084172 0.600112 0.175031
vn -0.5808 -0.0093 -0.8140
vn -0.8039 -0.0070 -0.5947
vn -0.5808 -0.0093 -0.8140
f -3//-3 -2//-2 -1//-1
v -0.084004 0.309881 0.178217
v -0.084172 0.600112 0.175031
v -0.077004 0.309846 0.174727
vn -0.5808 -0.0093 -0.8140
vn -0.5808 -0.0093 -0.8140
vn -0.3008 -0.0106 -0.9536
f -3//-3 -2//-2 -1//-1
v -0.077004 0.309846 0.174727
v -0.084172 0.600112 0.175031
v -0.077173 0.600078 0.171540
vn -0.3008 -0.0106 -0.9536
vn -0.5808 -0.0093 -0.8140
vn -0.3008 -0.0106 -0.9536
f -3//-3 -2//-2 -1//-1
v -0.077004 0.309846 0.174727
v -0.077173 0.600078 0.171540
v -0.069268 0.309838 0.173570
vn -0.3008 -0.0106 -0.9536
vn -0.3008 -0.0106 -0.9536
vn 0.0086 -0.0110 -0.9999
f -3//-3 -2//-2 -1//-1
v -0.069268 0.309838 0.173570
v -0.077173 0.600078 0.171540
v -0.069437 0.600070 0.170383
vn 0.0086 -0.0110 -0.9999
vn -0.3008 -0.0106 -0.9536
vn 0.0086 -0.0110 -0.9999
f -3//-3 -2//-2 -1//-1
v -0.069268 0.309838 0.173570
v -0.069437 0.600070 0.170383
v -0.061554 0.309857 0.174860
vn 0.0086 -0.0110 -0.9999
vn 0.0086 -0.0110 -0.9999
vn 0.3172 -0.0102 -0.9483
f -3//-3 -2//-2 -1//-1
v -0.061554 0.309857 0.174860
v -0.069437 0.600070 0.170383
v -0.061723 0.600088 0.171673
vn 0.3172 -0.0102 -0.9483
vn 0.0086 -0.0110 -0.9999
vn 0.3172 -0.0102 -0.9483
f -3//-3 -2//-2 -1//-1
v -0.061554 0.309857 0.174860
v -0.061723 0.600088 0.171673
v -0.054615 0.309900 0.178470
vn 0.3172 -0.0102 -0.9483
vn 0.3172 -0.0102 -0.9483
vn 0.5947 -0.0085 -0.8039
f -3//-3 -2//-2 -1//-1
v -0.054615 0.309900 0.178470
v -0.061723 0.600088 0.171673
v -0.054784 0.600132 0.175284
vn 0.5947 -0.0085 -0.8039
vn 0.3172 -0.0102 -0.9483
vn 0.5947 -0.0085 -0.8039
f -3//-3 -2//-2 -1//-1
v -0.054615 0.309900 0.178470
v -0.054784 0.600132 0.175284
v -0.049133 0.309965 0.184048
vn 0.5947 -0.0085 -0.8039
vn 0.5947 -0.0085 -0.8039
vn 0.8141 -0.0059 -0.5808
f -3//-3 -2//-2 -1//-1
v -0.049133 0.309965 0.184048
v -0.054784 0.600132 0.175284
v -0.049301 0.600196 0.180862
vn 0.8141 -0.0059 -0.5808
vn 0.5947 -0.0085 -0.8039
vn 0.8141 -0.0059 -0.5808
f -3//-3 -2//-2 -1//-1
v -0.049133 0.309965 0.184048
v -0.049301 0.600196 0.180862
v -0.045642 0.310044 0.191047
vn 0.8141 -0.0059 -0.5808
vn 0.8141 -0.0059 -0.5808
vn 0.9537 -0.0027 -0.3008
f -3//-3 -2//-2 -1//-1
v -0.045642 0.310044 0.191047
v -0.049301 0.600196 0.180862
v -0.045810 0.600275 0.187861
vn 0.9537 -0.0027 -0.3008
vn 0.8141 -0.0059 -0.5808
vn 0.9537 -0.0027 -0.3008
f -3//-3 -2//-2 -1//-1
v -0.045642 0.310044 0.191047
v -0.045810 0.600275 0.187861
v -0.044485 0.310129 0.198783
vn 0.9537 -0.0027 -0.3008
vn 0.9537 -0.0027 -0.3008
vn 1.0000 0.0007 0.0086
f -3//-3 -2//-2 -1//-1
v -0.044485 0.310129 0.198783
v -0.045810 0.600275 0.187861
v -0.044653 0.600361 0.195596
vn 1.0000 0.0007 0.0086
vn 0.9537 -0.0027 -0.3008
vn 1.0000 0.0007 0.0086
f -3//-3 -2//-2 -1//-1
v -0.044485 0.310129 0.198783
v -0.044653 0.600361 0.195596
v -0.045775 0.310213 0.206497
vn 1.0000 0.0007 0.0086
vn 1.0000 0.0007 0.0086
vn 0.9484 0.0040 0.3172
f -3//-3 -2//-2 -1//-1
v -0.045775 0.310213 0.206497
v -0.044653 0.600361 0.195596
v -0.045944 0.600445 0.203310
vn 0.9484 0.0040 0.3172
vn 1.0000 0.0007 0.0086
vn 0.9484 0.0040 0.3172
f -3//-3 -2//-2 -1//-1
v -0.045775 0.310213 0.206497
v -0.045944 0.600445 0.203310
v -0.049386 0.310287 0.213435
vn 0.9484 0.0040 0.3172
vn 0.9484 0.0040 0.3172
vn 0.8039 0.0070 0.5947
f -3//-3 -2//-2 -1//-1
v -0.049386 0.310287 0.213435
v -0.045944 0.600445 0.203310
v -0.049555 0.600519 0.210248
vn 0.8039 0.0070 0.5947
vn 0.9484 0.0040 0.3172
vn 0.8039 0.0070 0.5947
f -3//-3 -2//-2 -1//-1
v -0.049386 0.310287 0.213435
v -0.049555 0.600519 0.210248
v -0.054964 0.310344 0.218917
vn 0.8039 0.0070 0.5947
vn 0.8039 0.0070 0.5947
vn 0.5808 0.0093 0.8140
f -3//-3 -2//-2 -1//-1
v -0.054964 0.310344 0.218917
v -0.049555 0.600519 0.210248
v -0.055133 0.600576 0.215731
vn 0.5808 0.0093 0.8140
vn 0.8039 0.0070 0.5947
vn 0.5808 0.0093 0.8140
f -3//-3 -2//-2 -1//-1
v -0.054964 0.310344 0.218917
v -0.055133 0.600576 0.215731
v -0.061964 0.310379 0.222408
vn 0.5808 0.0093 0.8140
vn 0.5808 0.0093 0.8140
vn 0.3008 0.0106 0.9536
f -3//-3 -2//-2 -1//-1
v -0.061964 0.310379 0.222408
v -0.055133 0.600576 0.215731
v -0.062132 0.600610 0.219221
vn 0.3008 0.0106 0.9536
vn 0.5808 0.0093 0.8140
vn 0.3008 0.0106 0.9536
f -3//-3 -2//-2 -1//-1
v -0.061964 0.310379 0.222408
v -0.062132 0.600610 0.219221
v -0.069699 0.310387 0.223565
vn 0.3008 0.0106 0.9536
vn 0.3008 0.0106 0.9536
vn -0.0086 0.0110 0.9999
f -3//-3 -2//-2 -1//-1
v -0.069699 0.310387 0.223565
v -0.062132 0.600610 0.219221
v -0.069868 0.600618 0.220378
vn -0.0086 0.0110 0.9999
vn 0.3008 0.0106 0.9536
vn -0.0086 0.0110 0.9999
f -3//-3 -2//-2 -1//-1
v -0.069699 0.310387 0.223565
v -0.069868 0.600618 0.220378
v -0.077414 0.310368 0.222275
vn -0.0086 0.0110 0.9999
vn -0.0086 0.0110 0.9999
vn -0.3172 0.0102 0.9483
f -3//-3 -2//-2 -1//-1
v -0.077414 0.310368 0.222275
v -0.069868 0.600618 0.220378
v -0.077583 0.600600 0.219088
vn -0.3172 0.0102 0.9483
vn -0.0086 0.0110 0.9999
vn -0.3172 0.0102 0.9483
f -3//-3 -2//-2 -1//-1
v -0.077414 0.310368 0.222275
v -0.077583 0.600600 0.219088
v -0.084352 0.310324 0.218664
vn -0.3172 0.0102 0.9483
vn -0.3172 0.0102 0.9483
vn -0.5947 0.0085 0.8039
f -3//-3 -2//-2 -1//-1
v -0.084352 0.310324 0.218664
v -0.077583 0.600600 0.219088
v -0.084521 0.600556 0.215478
vn -0.5947 0.0085 0.8039
vn -0.3172 0.0102 0.9483
vn -0.5947 0.0085 0.8039
f -3//-3 -2//-2 -1//-1
v -0.084352 0.310324 0.218664
v -0.084521 0.600556 0.215478
v -0.089835 0.310260 0.213086
vn -0.5947 0.0085 0.8039
vn -0.5947 0.0085 0.8039
vn -0.8141 0.0059 0.5808
f -3//-3 -2//-2 -1//-1
v -0.089835 0.310260 0.213086
v -0.084521 0.600556 0.215478
v -0.090004 0.600492 0.209900
vn -0.8141 0.0059 0.5808
vn -0.5947 0.0085 0.8039
vn -0.8141 0.0059 0.5808
f -3//-3 -2//-2 -1//-1
usemtl vmd_mat_cindex_16
v -0.048964 0.019733 0.187235
v -0.048795 -0.270498 0.190421
v -0.054447 0.019669 0.181657
vn 0.8141 -0.0059 -0.5808
vn 0.8141 -0.0059 -0.5808
vn 0.5947 -0.0085 -0.8039
f -3//-3 -2//-2 -1//-1
v -0.054447 0.019669 0.181657
v -0.048795 -0.270498 0.190421
v -0.054278 -0.270563 0.184844
vn 0.5947 -0.0085 -0.8039
vn 0.8141 -0.0059 -0.5808
vn 0.5947 -0.0085 -0.8039
f -3//-3 -2//-2 -1//-1
v -0.054447 0.019669 0.181657
v -0.054278 -0.270563 0.184844
v -0.061385 0.019625 0.178046
vn 0.5947 -0.0085 -0.8039
vn 0.5947 -0.0085 -0.8039
vn 0.3172 -0.0102 -0.9483
f -3//-3 -2//-2 -1//-1
v -0.061385 0.019625 0.178046
v -0.054278 -0.270563 0.184844
v -0.061216 -0.270607 0.181233
vn 0.3172 -0.0102 -0.9483
vn 0.5947 -0.0085 -0.8039
vn 0.3172 -0.0102 -0.9483
f -3//-3 -2//-2 -1//-1
v -0.061385 0.019625 0.178046
v -0.061216 -0.270607 0.181233
v -0.069100 0.019606 0.176756
vn 0.3172 -0.0102 -0.9483
vn 0.3172 -0.0102 -0.9483
vn 0.0086 -0.0110 -0.9999
f -3//-3 -2//-2 -1//-1
v -0.069100 0.019606 0.176756
v -0.061216 -0.270607 0.181233
v -0.068931 -0.270625 0.179943
vn 0.0086 -0.0110 -0.9999
vn 0.3172 -0.0102 -0.9483
vn 0.0086 -0.0110 -0.9999
f -3//-3 -2//-2 -1//-1
v -0.069100 0.019606 0.176756
v -0.068931 -0.270625 0.179943
v -0.076835 0.019615 0.177913
vn 0.0086 -0.0110 -0.9999
vn 0.0086 -0.0110 -0.9999
vn -0.3008 -0.0106 -0.9536
f -3//-3 -2//-2 -1//-1
v -0.076835 0.019615 0.177913
v -0.068931 -0.270625 0.179943
v -0.076667 -0.270617 0.181100
vn -0.3008 -0.0106 -0.9536
vn 0.0086 -0.0110 -0.9999
vn -0.3008 -0.0106 -0.9536
f -3//-3 -2//-2 -1//-1
v -0.076835 0.019615 0.177913
v -0.076667 -0.270617 0.181100
v -0.083835 0.019649 0.181404
vn -0.3008 -0.0106 -0.9536
vn -0.3008 -0.0106 -0.9536
vn -0.5808 -0.0093 -0.8140
f -3//-3 -2//-2 -1//-1
v -0.083835 0.019649 0.181404
v -0.076667 -0.270617 0.181100
v -0.083666 -0.270583 0.184590
vn -0.5808 -0.0093 -0.8140
vn -0.3008 -0.0106 -0.9536
vn -0.5808 -0.0093 -0.8140
f -3//-3 -2//-2 -1//-1
v -0.083835 0.019649 0.181404
v -0.083666 -0.270583 0.184590
v -0.089413 0.019706 0.186886
vn -0.5808 -0.0093 -0.8140
vn -0.5808 -0.0093 -0.8140
vn -0.8039 -0.0070 -0.5947
f -3//-3 -2//-2 -1//-1
v -0.089413 0.019706 0.186886
v -0.083666 -0.270583 0.184590
v -0.089245 -0.270526 0.190073
vn -0.8039 -0.0070 -0.5947
vn -0.5808 -0.0093 -0.8140
vn -0.8039 -0.0070 -0.5947
f -3//-3 -2//-2 -1//-1
v -0.089413 0.019706 0.186886
v -0.089245 -0.270526 0.190073
v -0.093024 0.019780 0.193824
vn -0.8039 -0.0070 -0.5947
vn -0.8039 -0.0070 -0.5947
vn -0.9484 -0.0040 -0.3172
f -3//-3 -2//-2 -1//-1
v -0.093024 0.019780 0.193824
v -0.089245 -0.270526 0.190073
v -0.092855 -0.270452 0.197011
vn -0.9484 -0.0040 -0.3172
vn -0.8039 -0.0070 -0.5947
vn -0.9484 -0.0040 -0.3172
f -3//-3 -2//-2 -1//-1
v -0.093024 0.019780 0.193824
v -0.092855 -0.270452 0.197011
v -0.094314 0.019864 0.201539
vn -0.9484 -0.0040 -0.3172
vn -0.9484 -0.0040 -0.3172
vn -1.0000 -0.0007 -0.0086
f -3//-3 -2//-2 -1//-1
v -0.094314 0.019864 0.201539
v -0.092855 -0.270452 0.197011
v -0.094146 -0.270368 0.204725
vn -1.0000 -0.0007 -0.0086
vn -0.9484 -0.0040 -0.3172
vn -1.0000 -0.0007 -0.0086
f -3//-3 -2//-2 -1//-1
v -0.094314 0.019864 0.201539
v -0.094146 -0.270368 0.204725
v -0.093157 0.019950 0.209274
vn -1.0000 -0.0007 -0.0086
vn -1.0000 -0.0007 -0.0086
vn -0.9537 0.0027 0.3008
f -3//-3 -2//-2 -1//-1
v -0.093157 0.019950 0.209274
v -0.094146 -0.270368 0.204725
v -0.092989 -0.270282 0.212460
vn -0.9537 0.0027 0.3008
vn -1.0000 -0.0007 -0.0086
vn -0.9537 0.0027 0.3008
f -3//-3 -2//-2 -1//-1
v -0.093157 0.019950 0.209274
v -0.092989 -0.270282 0.212460
v -0.089666 0.020028 0.216273
vn -0.9537 0.0027 0.3008
vn -0.9537 0.0027 0.3008
vn -0.8141 0.0059 0.5808
f -3//-3 -2//-2 -1//-1
v -0.089666 0.020028 0.216273
v -0.092989 -0.270282 0.212460
v -0.089498 -0.270203 0.219460
vn -0.8141 0.0059 0.5808
vn -0.9537 0.0027 0.3008
vn -0.8141 0.0059 0.5808
f -3//-3 -2//-2 -1//-1
v -0.089666 0.020028 0.216273
v -0.089498 -0.270203 0.219460
v -0.084184 0.020093 0.221851
vn -0.8141 0.0059 0.5808
vn -0.8141 0.0059 0.5808
vn -0.5947 0.0085 0.8039
f -3//-3 -2//-2 -1//-1
v -0.084184 0.020093 0.221851
v -0.089498 -0.270203 0.219460
v -0.084015 -0.270139 0.225037
vn -0.5947 0.0085 0.8039
vn -0.8141 0.0059 0.5808
vn -0.5947 0.0085 0.8039
f -3//-3 -2//-2 -1//-1
v -0.084184 0.020093 0.221851
v -0.084015 -0.270139 0.225037
v -0.077245 0.020136 0.225461
vn -0.5947 0.0085 0.8039
vn -0.5947 0.0085 0.8039
vn -0.3172 0.0102 0.9483
f -3//-3 -2//-2 -1//-1
v -0.077245 0.020136 0.225461
v -0.084015 -0.270139 0.225037
v -0.077077 -0.270095 0.228648
vn -0.3172 0.0102 0.9483
vn -0.5947 0.0085 0.8039
vn -0.3172 0.0102 0.9483
f -3//-3 -2//-2 -1//-1
v -0.077245 0.020136 0.225461
v -0.077077 -0.270095 0.228648
v -0.069531 0.020155 0.226751
vn -0.3172 0.0102 0.9483
vn -0.3172 0.0102 0.9483
vn -0.0086 0.0110 0.9999
f -3//-3 -2//-2 -1//-1
v -0.069531 0.020155 0.226751
v -0.077077 -0.270095 0.228648
v -0.069362 -0.270076 0.229938
vn -0.0086 0.0110 0.9999
vn -0.3172 0.0102 0.9483
vn -0.0086 0.0110 0.9999
f -3//-3 -2//-2 -1//-1
v -0.069531 0.020155 0.226751
v -0.069362 -0.270076 0.229938
v -0.061795 0.020147 0.225594
vn -0.0086 0.0110 0.9999
vn -0.0086 0.0110 0.9999
vn 0.3008 0.0106 0.9536
f -3//-3 -2//-2 -1//-1
v -0.061795 0.020147 0.225594
v -0.069362 -0.270076 0.229938
v -0.061626 -0.270085 0.228781
vn 0.3008 0.0106 0.9536
vn -0.0086 0.0110 0.9999
vn 0.3008 0.0106 0.9536
f -3//-3 -2//-2 -1//-1
v -0.061795 0.020147 0.225594
v -0.061626 -0.270085 0.228781
v -0.054795 0.020113 0.222104
vn 0.3008 0.0106 0.9536
vn 0.3008 0.0106 0.9536
vn 0.5808 0.0093 0.8140
f -3//-3 -2//-2 -1//-1
v -0.054795 0.020113 0.222104
v -0.061626 -0.270085 0.228781
v -0.054627 -0.270119 0.225290
vn 0.5808 0.0093 0.8140
vn 0.3008 0.0106 0.9536
vn 0.5808 0.0093 0.8140
f -3//-3 -2//-2 -1//-1
v -0.054795 0.020113 0.222104
v -0.054627 -0.270119 0.225290
v -0.049217 0.020056 0.216621
vn 0.5808 0.0093 0.8140
vn 0.5808 0.0093 0.8140
vn 0.8039 0.0070 0.5947
f -3//-3 -2//-2 -1//-1
v -0.049217 0.020056 0.216621
v -0.054627 -0.270119 0.225290
v -0.049048 -0.270176 0.219808
vn 0.8039 0.0070 0.5947
vn 0.5808 0.0093 0.8140
vn 0.8039 0.0070 0.5947
f -3//-3 -2//-2 -1//-1
v -0.049217 0.020056 0.216621
v -0.049048 -0.270176 0.219808
v -0.045606 0.019982 0.209683
vn 0.8039 0.0070 0.5947
vn 0.8039 0.0070 0.5947
vn 0.9484 0.0040 0.3172
f -3//-3 -2//-2 -1//-1
v -0.045606 0.019982 0.209683
v -0.049048 -0.270176 0.219808
v -0.045438 -0.270250 0.212870
vn 0.9484 0.0040 0.3172
vn 0.8039 0.0070 0.5947
vn 0.9484 0.0040 0.3172
f -3//-3 -2//-2 -1//-1
v -0.045606 0.019982 0.209683
v -0.045438 -0.270250 0.212870
v -0.044316 0.019898 0.201969
vn 0.9484 0.0040 0.3172
vn 0.9484 0.0040 0.3172
vn 1.0000 0.0007 0.0086
f -3//-3 -2//-2 -1//-1
v -0.044316 0.019898 0.201969
v -0.045438 -0.270250 0.212870
v -0.044147 -0.270334 0.205156
vn 1.0000 0.0007 0.0086
vn 0.9484 0.0040 0.3172
vn 1.0000 0.0007 0.0086
f -3//-3 -2//-2 -1//-1
v -0.044316 0.019898 0.201969
v -0.044147 -0.270334 0.205156
v -0.045473 0.019812 0.194234
vn 1.0000 0.0007 0.0086
vn 1.0000 0.0007 0.0086
vn 0.9537 -0.0027 -0.3008
f -3//-3 -2//-2 -1//-1
v -0.045473 0.019812 0.194234
v -0.044147 -0.270334 0.205156
v -0.045304 -0.270420 0.197420
vn 0.9537 -0.0027 -0.3008
vn 1.0000 0.0007 0.0086
vn 0.9537 -0.0027 -0.3008
f -3//-3 -2//-2 -1//-1
v -0.045473 0.019812 0.194234
v -0.045304 -0.270420 0.197420
v -0.048964 0.019733 0.187235
vn 0.9537 -0.0027 -0.3008
vn 0.9537 -0.0027 -0.3008
vn 0.8141 -0.0059 -0.5808
f -3//-3 -2//-2 -1//-1
v -0.048964 0.019733 0.187235
v -0.045304 -0.270420 0.197420
v -0.048795 -0.270498 0.190421
vn 0.8141 -0.0059 -0.5808
vn 0.9537 -0.0027 -0.3008
vn 0.8141 -0.0059 -0.5808
f -3//-3 -2//-2 -1//-1
v 0.049667 0.019972 0.203727
v 0.049835 -0.270260 0.206914
v 0.044184 0.019907 0.198149
vn 0.8141 -0.0059 -0.5808
vn 0.8141 -0.0059 -0.5808
vn 0.5947 -0.0085 -0.8039
f -3//-3 -2//-2 -1//-1
v 0.044184 0.019907 0.198149
v 0.049835 -0.270260 0.206914
v 0.044352 -0.270324 0.201336
vn 0.5947 -0.0085 -0.8039
vn 0.8141 -0.0059 -0.5808
vn 0.5947 -0.0085 -0.8039
f -3//-3 -2//-2 -1//-1
v 0.044184 0.019907 0.198149
v 0.044352 -0.270324 0.201336
v 0.037245 0.019864 0.194539
vn 0.5947 -0.0085 -0.8039
vn 0.5947 -0.0085 -0.8039
vn 0.3172 -0.0102 -0.9483
f -3//-3 -2//-2 -1//-1
v 0.037245 0.019864 0.194539
v 0.044352 -0.270324 0.201336
v 0.037414 -0.270368 0.197725
vn 0.3172 -0.0102 -0.9483
vn 0.5947 -0.0085 -0.8039
vn 0.3172 -0.0102 -0.9483
f -3//-3 -2//-2 -1//-1
v 0.037245 0.019864 0.194539
v 0.037414 -0.270368 0.197725
v 0.029531 0.019845 0.193249
vn 0.3172 -0.0102 -0.9483
vn 0.3172 -0.0102 -0.9483
vn 0.0086 -0.0110 -0.9999
f -3//-3 -2//-2 -1//-1
v 0.029531 0.019845 0.193249
v 0.037414 -0.270368 0.197725
v 0.029699 -0.270387 0.196435
vn 0.0086 -0.0110 -0.9999
vn 0.3172 -0.0102 -0.9483
vn 0.0086 -0.0110 -0.9999
f -3//-3 -2//-2 -1//-1
v 0.029531 0.019845 0.193249
v 0.029699 -0.270387 0.196435
v 0.021795 0.019853 0.194406
vn 0.0086 -0.0110 -0.9999
vn 0.0086 -0.0110 -0.9999
vn -0.3008 -0.0106 -0.9536
f -3//-3 -2//-2 -1//-1
v 0.021795 0.019853 0.194406
v 0.029699 -0.270387 0.196435
v 0.021964 -0.270379 0.197592
vn -0.3008 -0.0106 -0.9536
vn 0.0086 -0.0110 -0.9999
vn -0.3008 -0.0106 -0.9536
f -3//-3 -2//-2 -1//-1
v 0.021795 0.019853 0.194406
v 0.021964 -0.270379 0.197592
v 0.014795 0.019887 0.197896
vn -0.3008 -0.0106 -0.9536
vn -0.3008 -0.0106 -0.9536
vn -0.5808 -0.0093 -0.8140
f -3//-3 -2//-2 -1//-1
v 0.014795 0.019887 0.197896
v 0.021964 -0.270379 0.197592
v 0.014964 -0.270344 0.201083
vn -0.5808 -0.0093 -0.8140
vn -0.3008 -0.0106 -0.9536
vn -0.5808 -0.0093 -0.8140
f -3//-3 -2//-2 -1//-1
v 0.014795 0.019887 0.197896
v 0.014964 -0.270344 0.201083
v 0.009217 0.019944 0.203379
vn -0.5808 -0.0093 -0.8140
vn -0.5808 -0.0093 -0.8140
vn -0.8039 -0.0070 -0.5947
f -3//-3 -2//-2 -1//-1
v 0.009217 0.019944 0.203379
v 0.014964 -0.270344 0.201083
v 0.009386 -0.270287 0.206565
vn -0.8039 -0.0070 -0.5947
vn -0.5808 -0.0093 -0.8140
vn -0.8039 -0.0070 -0.5947
f -3//-3 -2//-2 -1//-1
v 0.009217 0.019944 0.203379
v 0.009386 -0.270287 0.206565
v 0.005606 0.020018 0.210317
vn -0.8039 -0.0070 -0.5947
vn -0.8039 -0.0070 -0.5947
vn -0.9484 -0.0040 -0.3172
f -3//-3 -2//-2 -1//-1
v 0.005606 0.020018 0.210317
v 0.009386 -0.270287 0.206565
v 0.005775 -0.270213 0.213503
vn -0.9484 -0.0040 -0.3172
vn -0.8039 -0.0070 -0.5947
vn -0.9484 -0.0040 -0.3172
f -3//-3 -2//-2 -1//-1
v 0.005606 0.020018 0.210317
v 0.005775 -0.270213 0.213503
v 0.004316 0.020102 0.218031
vn -0.9484 -0.0040 -0.3172
vn -0.9484 -0.0040 -0.3172
vn -1.0000 -0.0007 -0.0086
f -3//-3 -2//-2 -1//-1
v 0.004316 0.020102 0.218031
v 0.005775 -0.270213 0.213503
v 0.004485 -0.270129 0.221218
vn -1.0000 -0.0007 -0.0086
vn -0.9484 -0.0040 -0.3172
vn -1.0000 -0.0007 -0.0086
f -3//-3 -2//-2 -1//-1
v 0.004316 0.020102 0.218031
v 0.004485 -0.270129 0.221218
v 0.005473 0.020188 0.225766
vn -1.0000 -0.0007 -0.0086
vn -1.0000 -0.0007 -0.0086
vn -0.9537 0.0027 0.3008
f -3//-3 -2//-2 -1//-1
v 0.005473 0.020188 0.225766
v 0.004485 -0.270129 0.221218
v 0.005642 -0.270044 0.228953
vn -0.9537 0.0027 0.3008
vn -1.0000 -0.0007 -0.0086
vn -0.9537 0.0027 0.3008
f -3//-3 -2//-2 -1//-1
v 0.005473 0.020188 0.225766
v 0.005642 -0.270044 0.228953
v 0.008964 0.020267 0.232765
vn -0.9537 0.0027 0.3008
vn -0.9537 0.0027 0.3008
vn -0.8141 0.0059 0.5808
f -3//-3 -2//-2 -1//-1
v 0.008964 0.020267 0.232765
v 0.005642 -0.270044 0.228953
v 0.009133 -0.269965 0.235952
vn -0.8141 0.0059 0.5808
vn -0.9537 0.0027 0.3008
vn -0.8141 0.0059 0.5808
f -3//-3 -2//-2 -1//-1
v 0.008964 0.020267 0.232765
v 0.009133 -0.269965 0.235952
v 0.014447 0.020331 0.238343
vn -0.8141 0.0059 0.5808
vn -0.8141 0.0059 0.5808
vn -0.5947 0.0085 0.8039
f -3//-3 -2//-2 -1//-1
v 0.014447 0.020331 0.238343
v 0.009133 -0.269965 0.235952
v 0.014616 -0.269900 0.241530
vn -0.5947 0.0085 0.8039
vn -0.8141 0.0059 0.5808
vn -0.5947 0.0085 0.8039
f -3//-3 -2//-2 -1//-1
v 0.014447 0.020331 0.238343
v 0.014616 -0.269900 0.241530
v 0.021385 0.020375 0.241954
vn -0.5947 0.0085 0.8039
vn -0.5947 0.0085 0.8039
vn -0.3172 0.0102 0.9483
f -3//-3 -2//-2 -1//-1
v 0.021385 0.020375 0.241954
v 0.014616 -0.269900 0.241530
v 0.021554 -0.269857 0.245140
vn -0.3172 0.0102 0.9483
vn -0.5947 0.0085 0.8039
vn -0.3172 0.0102 0.9483
f -3//-3 -2//-2 -1//-1
v 0.021385 0.020375 0.241954
v 0.021554 -0.269857 0.245140
v 0.029100 0.020394 0.243244
vn -0.3172 0.0102 0.9483
vn -0.3172 0.0102 0.9483
vn -0.0086 0.0110 0.9999
f -3//-3 -2//-2 -1//-1
v 0.029100 0.020394 0.243244
v 0.021554 -0.269857 0.245140
v 0.029269 -0.269838 0.246430
vn -0.0086 0.0110 0.9999
vn -0.3172 0.0102 0.9483
vn -0.0086 0.0110 0.9999
f -3//-3 -2//-2 -1//-1
v 0.029100 0.020394 0.243244
v 0.029269 -0.269838 0.246430
v 0.036836 0.020385 0.242087
vn -0.0086 0.0110 0.9999
vn -0.0086 0.0110 0.9999
vn 0.3008 0.0106 0.9536
f -3//-3 -2//-2 -1//-1
v 0.036836 0.020385 0.242087
v 0.029269 -0.269838 0.246430
v 0.037004 -0.269846 0.245273
vn 0.3008 0.0106 0.9536
vn -0.0086 0.0110 0.9999
vn 0.3008 0.0106 0.9536
f -3//-3 -2//-2 -1//-1
v 0.036836 0.020385 0.242087
v 0.037004 -0.269846 0.245273
v 0.043835 0.020351 0.238596
vn 0.3008 0.0106 0.9536
vn 0.3008 0.0106 0.9536
vn 0.5808 0.0093 0.8140
f -3//-3 -2//-2 -1//-1
v 0.043835 0.020351 0.238596
v 0.037004 -0.269846 0.245273
v 0.044004 -0.269881 0.241783
vn 0.5808 0.0093 0.8140
vn 0.3008 0.0106 0.9536
vn 0.5808 0.0093 0.8140
f -3//-3 -2//-2 -1//-1
v 0.043835 0.020351 0.238596
v 0.044004 -0.269881 0.241783
v 0.049413 0.020294 0.233114
vn 0.5808 0.0093 0.8140
vn 0.5808 0.0093 0.8140
vn 0.8039 0.0070 0.5947
f -3//-3 -2//-2 -1//-1
v 0.049413 0.020294 0.233114
v 0.044004 -0.269881 0.241783
v 0.049582 -0.269937 0.236300
vn 0.8039 0.0070 0.5947
vn 0.5808 0.0093 0.8140
vn 0.8039 0.0070 0.5947
f -3//-3 -2//-2 -1//-1
v 0.049413 0.020294 0.233114
v 0.049582 -0.269937 0.236300
v 0.053024 0.020220 0.226176
vn 0.8039 0.0070 0.5947
vn 0.8039 0.0070 0.5947
vn 0.9484 0.0040 0.3172
f -3//-3 -2//-2 -1//-1
v 0.053024 0.020220 0.226176
v 0.049582 -0.269937 0.236300
v 0.053193 -0.270012 0.229362
vn 0.9484 0.0040 0.3172
vn 0.8039 0.0070 0.5947
vn 0.9484 0.0040 0.3172
f -3//-3 -2//-2 -1//-1
v 0.053024 0.020220 0.226176
v 0.053193 -0.270012 0.229362
v 0.054314 0.020136 0.218461
vn 0.9484 0.0040 0.3172
vn 0.9484 0.0040 0.3172
vn 1.0000 0.0007 0.0086
f -3//-3 -2//-2 -1//-1
v 0.054314 0.020136 0.218461
v 0.053193 -0.270012 0.229362
v 0.054483 -0.270096 0.221648
vn 1.0000 0.0007 0.0086
vn 0.9484 0.0040 0.3172
vn 1.0000 0.0007 0.0086
f -3//-3 -2//-2 -1//-1
v 0.054314 0.020136 0.218461
v 0.054483 -0.270096 0.221648
v 0.053157 0.020050 0.210726
vn 1.0000 0.0007 0.0086
vn 1.0000 0.0007 0.0086
vn 0.9537 -0.0027 -0.3008
f -3//-3 -2//-2 -1//-1
v 0.053157 0.020050 0.210726
v 0.054483 -0.270096 0.221648
v 0.053326 -0.270181 0.213913
vn 0.9537 -0.0027 -0.3008
vn 1.0000 0.0007 0.0086
vn 0.9537 -0.0027 -0.3008
f -3//-3 -2//-2 -1//-1
v 0.053157 0.020050 0.210726
v 0.053326 -0.270181 0.213913
v 0.049667 0.019972 0.203727
vn 0.9537 -0.0027 -0.3008
vn 0.9537 -0.0027 -0.3008
vn 0.8141 -0.0059 -0.5808
f -3//-3 -2//-2 -1//-1
v 0.049667 0.019972 0.203727
v 0.053326 -0.270181 0.213913
v 0.049835 -0.270260 0.206914
vn 0.8141 -0.0059 -0.5808
vn 0.9537 -0.0027 -0.3008
vn 0.8141 -0.0059 -0.5808
f -3//-3 -2//-2 -1//-1
usemtl vmd_mat_cindex_1
v -0.048795 -0.270498 0.190421
v -0.048627 -0.560730 0.193608
v -0.054278 -0.270563 0.184844
vn 0.8141 -0.0059 -0.5808
vn 0.8141 -0.0059 -0.5808
vn 0.5947 -0.0085 -0.8039
f -3//-3 -2//-2 -1//-1
v -0.054278 -0.270563 0.184844
v -0.048627 -0.560730 0.193608
v -0.054109 -0.560795 0.188030
vn 0.5947 -0.0085 -0.8039
vn 0.8141 -0.0059 -0.5808
vn 0.5947 -0.0085 -0.8039
f -3//-3 -2//-2 -1//-1
v -0.054278 -0.270563 0.184844
v -0.054109 -0.560795 0.188030
v -0.061216 -0.270607 0.181233
vn 0.5947 -0.0085 -0.8039
vn 0.5947 -0.0085 -0.8039
vn 0.3172 -0.0102 -0.9483
f -3//-3 -2//-2 -1//-1
v -0.061216 -0.270607 0.181233
v -0.054109 -0.560795 0.188030
v -0.061048 -0.560838 0.184419
vn 0.3172 -0.0102 -0.9483
vn 0.5947 -0.0085 -0.8039
vn 0.3172 -0.0102 -0.9483
f -3//-3 -2//-2 -1//-1
v -0.061216 -0.270607 0.181233
v -0.061048 -0.560838 0.184419
v -0.068931 -0.270625 0.179943
vn 0.3172 -0.0102 -0.9483
vn 0.3172 -0.0102 -0.9483
vn 0.0086 -0.0110 -0.9999
f -3//-3 -2//-2 -1//-1
v -0.068931 -0.270625 0.179943
v -0.061048 -0.560838 0.184419
v -0.068762 -0.560857 0.183129
vn 0.0086 -0.0110 -0.9999
vn 0.3172 -0.0102 -0.9483
vn 0.0086 -0.0110 -0.9999
f -3//-3 -2//-2 -1//-1
v -0.068931 -0.270625 0.179943
v -0.068762 -0.560857 0.183129
v -0.076667 -0.270617 0.181100
vn 0.0086 -0.0110 -0.9999
vn 0.0086 -0.0110 -0.9999
vn -0.3008 -0.0106 -0.9536
f -3//-3 -2//-2 -1//-1
v -0.076667 -0.270617 0.181100
v -0.068762 -0.560857 0.183129
v -0.076498 -0.560849 0.184286
vn -0.3008 -0.0106 -0.9536
vn 0.0086 -0.0110 -0.9999
vn -0.3008 -0.0106 -0.9536
f -3//-3 -2//-2 -1//-1
v -0.076667 -0.270617 0.181100
v -0.076498 -0.560849 0.184286
v -0.083666 -0.270583 0.184590
vn -0.3008 -0.0106 -0.9536
vn -0.3008 -0.0106 -0.9536
vn -0.5808 -0.0093 -0.8140
f -3//-3 -2//-2 -1//-1
v -0.083666 -0.270583 0.184590
v -0.076498 -0.560849 0.184286
v -0.083498 -0.560814 0.187777
vn -0.5808 -0.0093 -0.8140
vn -0.3008 -0.0106 -0.9536
vn -0.5808 -0.0093 -0.8140
f -3//-3 -2//-2 -1//-1
v -0.083666 -0.270583 0.184590
v -0.083498 -0.560814 0.187777
v -0.089245 -0.270526 0.190073
vn -0.5808 -0.0093 -0.8140
vn -0.5808 -0.0093 -0.8140
vn -0.8039 -0.0070 -0.5947
f -3//-3 -2//-2 -1//-1
v -0.089245 -0.270526 0.190073
v -0.083498 -0.560814 0.187777
v -0.089076 -0.560757 0.193260
vn -0.8039 -0.0070 -0.5947
vn -0.5808 -0.0093 -0.8140
vn -0.8039 -0.0070 -0.5947
f -3//-3 -2//-2 -1//-1
v -0.089245 -0.270526 0.190073
v -0.089076 -0.560757 0.193260
v -0.092855 -0.270452 0.197011
vn -0.8039 -0.0070 -0.5947
vn -0.8039 -0.0070 -0.5947
vn -0.9484 -0.0040 -0.3172
f -3//-3 -2//-2 -1//-1
v -0.092855 -0.270452 0.197011
v -0.089076 -0.560757 0.193260
v -0.092687 -0.560683 0.200198
vn -0.9484 -0.0040 -0.3172
vn -0.8039 -0.0070 -0.5947
vn -0.9484 -0.0040 -0.3172
f -3//-3 -2//-2 -1//-1
v -0.092855 -0.270452 0.197011
v -0.092687 -0.560683 0.200198
v -0.094146 -0.270368 0.204725
vn -0.9484 -0.0040 -0.3172
vn -0.9484 -0.0040 -0.3172
vn -1.0000 -0.0007 -0.0086
f -3//-3 -2//-2 -1//-1
v -0.094146 -0.270368 0.204725
v -0.092687 -0.560683 0.200198
v -0.093977 -0.560599 0.207912
vn -1.0000 -0.0007 -0.0086
vn -0.9484 -0.0040 -0.3172
vn -1.0000 -0.0007 -0.0086
f -3//-3 -2//-2 -1//-1
v -0.094146 -0.270368 0.204725
v -0.093977 -0.560599 0.207912
v -0.092989 -0.270282 0.212460
vn -1.0000 -0.0007 -0.0086
vn -1.0000 -0.0007 -0.0086
vn -0.9537 0.0027 0.3008
f -3//-3 -2//-2 -1//-1
v -0.092989 -0.270282 0.212460
v -0.093977 -0.560599 0.207912
v -0.092820 -0.560514 0.215647
vn -0.9537 0.0027 0.3008
vn -1.0000 -0.0007 -0.0086
vn -0.9537 0.0027 0.3008
f -3//-3 -2//-2 -1//-1
v -0.092989 -0.270282 0.212460
v -0.092820 -0.560514 0.215647
v -0.089498 -0.270203 0.219460
vn -0.9537 0.0027 0.3008
vn -0.9537 0.0027 0.3008
vn -0.8141 0.0059 0.5808
f -3//-3 -2//-2 -1//-1
v -0.089498 -0.270203 0.219460
v -0.092820 -0.560514 0.215647
v -0.089329 -0.560435 0.222646
vn -0.8141 0.0059 0.5808
vn -0.9537 0.0027 0.3008
vn -0.8141 0.0059 0.5808
f -3//-3 -2//-2 -1//-1
v -0.089498 -0.270203 0.219460
v -0.089329 -0.560435 0.222646
v -0.084015 -0.270139 0.225037
vn -0.8141 0.0059 0.5808
vn -0.8141 0.0059 0.5808
vn -0.5947 0.0085 0.8039
f -3//-3 -2//-2 -1//-1
v -0.084015 -0.270139 0.225037
v -0.089329 -0.560435 0.222646
v -0.083846 -0.560371 0.228224
vn -0.5947 0.0085 0.8039
vn -0.8141 0.0059 0.5808
vn -0.5947 0.0085 0.8039
f -3//-3 -2//-2 -1//-1
v -0.084015 -0.270139 0.225037
v -0.083846 -0.560371 0.228224
v -0.077077 -0.270095 0.228648
vn -0.5947 0.0085 0.8039
vn -0.5947 0.0085 0.8039
vn -0.3172 0.0102 0.9483
f -3//-3 -2//-2 -1//-1
v -0.077077 -0.270095 0.228648
v -0.083846 -0.560371 0.228224
v -0.076908 -0.560327 0.231835
vn -0.3172 0.0102 0.9483
vn -0.5947 0.0085 0.8039
vn -0.3172 0.0102 0.9483
f -3//-3 -2//-2 -1//-1
v -0.077077 -0.270095 0.228648
v -0.076908 -0.560327 0.231835
v -0.069362 -0.270076 0.229938
vn -0.3172 0.0102 0.9483
vn -0.3172 0.0102 0.9483
vn -0.0086 0.0110 0.9999
f -3//-3 -2//-2 -1//-1
v -0.069362 -0.270076 0.229938
v -0.076908 -0.560327 0.231835
v -0.069193 -0.560308 0.233125
vn -0.0086 0.0110 0.9999
vn -0.3172 0.0102 0.9483
vn -0.0086 0.0110 0.9999
f -3//-3 -2//-2 -1//-1
v -0.069362 -0.270076 0.229938
v -0.069193 -0.560308 0.233125
v -0.061626 -0.270085 0.228781
vn -0.0086 0.0110 0.9999
vn -0.0086 0.0110 0.9999
vn 0.3008 0.0106 0.9536
f -3//-3 -2//-2 -1//-1
v -0.061626 -0.270085 0.228781
v -0.069193 -0.560308 0.233125
v -0.061458 -0.560316 0.231968
vn 0.3008 0.0106 0.9536
vn -0.0086 0.0110 0.9999
vn 0.3008 0.0106 0.9536
f -3//-3 -2//-2 -1//-1
v -0.061626 -0.270085 0.228781
v -0.061458 -0.560316 0.231968
v -0.054627 -0.270119 0.225290
vn 0.3008 0.0106 0.9536
vn 0.3008 0.0106 0.9536
vn 0.5808 0.0093 0.8140
f -3//-3 -2//-2 -1//-1
v -0.054627 -0.270119 0.225290
v -0.061458 -0.560316 0.231968
v -0.054458 -0.560351 0.228477
vn 0.5808 0.0093 0.8140
vn 0.3008 0.0106 0.9536
vn 0.5808 0.0093 0.8140
f -3//-3 -2//-2 -1//-1
v -0.054627 -0.270119 0.225290
v -0.054458 -0.560351 0.228477
v -0.049048 -0.270176 0.219808
vn 0.5808 0.0093 0.8140
vn 0.5808 0.0093 0.8140
vn 0.8039 0.0070 0.5947
f -3//-3 -2//-2 -1//-1
v -0.049048 -0.270176 0.219808
v -0.054458 -0.560351 0.228477
v -0.048880 -0.560408 0.222994
vn 0.8039 0.0070 0.5947
vn 0.5808 0.0093 0.8140
vn 0.8039 0.0070 0.5947
f -3//-3 -2//-2 -1//-1
v -0.049048 -0.270176 0.219808
v -0.048880 -0.560408 0.222994
v -0.045438 -0.270250 0.212870
vn 0.8039 0.0070 0.5947
vn 0.8039 0.0070 0.5947
vn 0.9484 0.0040 0.3172
f -3//-3 -2//-2 -1//-1
v -0.045438 -0.270250 0.212870
v -0.048880 -0.560408 0.222994
v -0.045269 -0.560482 0.216056
vn 0.9484 0.0040 0.3172
vn 0.8039 0.0070 0.5947
vn 0.9484 0.0040 0.3172
f -3//-3 -2//-2 -1//-1
v -0.045438 -0.270250 0.212870
v -0.045269 -0.560482 0.216056
v -0.044147 -0.270334 0.205156
vn 0.9484 0.0040 0.3172
vn 0.9484 0.0040 0.3172
vn 1.0000 0.0007 0.0086
f -3//-3 -2//-2 -1//-1
v -0.044147 -0.270334 0.205156
v -0.045269 -0.560482 0.216056
v -0.043979 -0.560566 0.208342
vn 1.0000 0.0007 0.0086
vn 0.9484 0.0040 0.3172
vn 1.0000 0.0007 0.0086
f -3//-3 -2//-2 -1//-1
v -0.044147 -0.270334 0.205156
v -0.043979 -0.560566 0.208342
v -0.045304 -0.270420 0.197420
vn 1.0000 0.0007 0.0086
vn 1.0000 0.0007 0.0086
vn 0.9537 -0.0027 -0.3008
f -3//-3 -2//-2 -1//-1
v -0.045304 -0.270420 0.197420
v -0.043979 -0.560566 0.208342
v -0.045136 -0.560651 0.200607
vn 0.9537 -0.0027 -0.3008
vn 1.0000 0.0007 0.0086
vn 0.9537 -0.0027 -0.3008
f -3//-3 -2//-2 -1//-1
v -0.045304 -0.270420 0.197420
v -0.045136 -0.560651 0.200607
v -0.048795 -0.270498 0.190421
vn 0.9537 -0.0027 -0.3008
vn 0.9537 -0.0027 -0.3008
vn 0.8141 -0.0059 -0.5808
f -3//-3 -2//-2 -1//-1
v -0.048795 -0.270498 0.190421
v -0.045136 -0.560651 0.200607
v -0.048627 -0.560730 0.193608
vn 0.8141 -0.0059 -0.5808
vn 0.9537 -0.0027 -0.3008
vn 0.8141 -0.0059 -0.5808
f -3//-3 -2//-2 -1//-1
v 0.049835 -0.270260 0.206914
v 0.050004 -0.560492 0.210100
v 0.044352 -0.270324 0.201336
vn 0.8141 -0.0059 -0.5808
vn 0.8141 -0.0059 -0.5808
vn 0.5947 -0.0085 -0.8039
f -3//-3 -2//-2 -1//-1
v 0.044352 -0.270324 0.201336
v 0.050004 -0.560492 0.210100
v 0.044521 -0.560556 0.204523
vn 0.5947 -0.0085 -0.8039
vn 0.8141 -0.0059 -0.5808
vn 0.5947 -0.0085 -0.8039
f -3//-3 -2//-2 -1//-1
v 0.044352 -0.270324 0.201336
v 0.044521 -0.560556 0.204523
v 0.037414 -0.270368 0.197725
vn 0.5947 -0.0085 -0.8039
vn 0.5947 -0.0085 -0.8039
vn 0.3172 -0.0102 -0.9483
f -3//-3 -2//-2 -1//-1
v 0.037414 -0.270368 0.197725
v 0.044521 -0.560556 0.204523
v 0.037583 -0.560600 0.200912
vn 0.3172 -0.0102 -0.9483
vn 0.5947 -0.0085 -0.8039
vn 0.3172 -0.0102 -0.9483
f -3//-3 -2//-2 -1//-1
v 0.037414 -0.270368 0.197725
v 0.037583 -0.560600 0.200912
v 0.029699 -0.270387 0.196435
vn 0.3172 -0.0102 -0.9483
vn 0.3172 -0.0102 -0.9483
vn 0.0086 -0.0110 -0.9999
f -3//-3 -2//-2 -1//-1
v 0.029699 -0.270387 0.196435
v 0.037583 -0.560600 0.200912
v 0.029868 -0.560618 0.199622
vn 0.0086 -0.0110 -0.9999
vn 0.3172 -0.0102 -0.9483
vn 0.0086 -0.0110 -0.9999
f -3//-3 -2//-2 -1//-1
v 0.029699 -0.270387 0.196435
v 0.029868 -0.560618 0.199622
v 0.021964 -0.270379 0.197592
vn 0.0086 -0.0110 -0.9999
vn 0.0086 -0.0110 -0.9999
vn -0.3008 -0.0106 -0.9536
f -3//-3 -2//-2 -1//-1
v 0.021964 -0.270379 0.197592
v 0.029868 -0.560618 0.199622
v 0.022132 -0.560610 0.200779
vn -0.3008 -0.0106 -0.9536
vn 0.0086 -0.0110 -0.9999
vn -0.3008 -0.0106 -0.9536
f -3//-3 -2//-2 -1//-1
v 0.021964 -0.270379 0.197592
v 0.022132 -0.560610 0.200779
v 0.014964 -0.270344 0.201083
vn -0.3008 -0.0106 -0.9536
vn -0.3008 -0.0106 -0.9536
vn -0.5808 -0.0093 -0.8140
f -3//-3 -2//-2 -1//-1
v 0.014964 -0.270344 0.201083
v 0.022132 -0.560610 0.200779
v 0.015133 -0.560576 0.204269
vn -0.5808 -0.0093 -0.8140
vn -0.3008 -0.0106 -0.9536
vn -0.5808 -0.0093 -0.8140
f -3//-3 -2//-2 -1//-1
v 0.014964 -0.270344 0.201083
v 0.015133 -0.560576 0.204269
v 0.009386 -0.270287 0.206565
vn -0.5808 -0.0093 -0.8140
vn -0.5808 -0.0093 -0.8140
vn -0.8039 -0.0070 -0.5947
f -3//-3 -2//-2 -1//-1
v 0.009386 -0.270287 0.206565
v 0.015133 -0.560576 0.204269
v 0.009555 -0.560519 0.209752
vn -0.8039 -0.0070 -0.5947
vn -0.5808 -0.0093 -0.8140
vn -0.8039 -0.0070 -0.5947
f -3//-3 -2//-2 -1//-1
v 0.009386 -0.270287 0.206565
v 0.009555 -0.560519 0.209752
v 0.005775 -0.270213 0.213503
vn -0.8039 -0.0070 -0.5947
vn -0.8039 -0.0070 -0.5947
vn -0.9484 -0.0040 -0.3172
f -3//-3 -2//-2 -1//-1
v 0.005775 -0.270213 0.213503
v 0.009555 -0.560519 0.209752
v 0.005944 -0.560445 0.216690
vn -0.9484 -0.0040 -0.3172
vn -0.8039 -0.0070 -0.5947
vn -0.9484 -0.0040 -0.3172
f -3//-3 -2//-2 -1//-1
v 0.005775 -0.270213 0.213503
v 0.005944 -0.560445 0.216690
v 0.004485 -0.270129 0.221218
vn -0.9484 -0.0040 -0.3172
vn -0.9484 -0.0040 -0.3172
vn -1.0000 -0.0007 -0.0086
f -3//-3 -2//-2 -1//-1
v 0.004485 -0.270129 0.221218
v 0.005944 -0.560445 0.216690
v 0.004654 -0.560361 0.224404
vn -1.0000 -0.0007 -0.0086
vn -0.9484 -0.0040 -0.3172
vn -1.0000 -0.0007 -0.0086
f -3//-3 -2//-2 -1//-1
v 0.004485 -0.270129 0.221218
v 0.004654 -0.560361 0.224404
v 0.005642 -0.270044 0.228953
vn -1.0000 -0.0007 -0.0086
vn -1.0000 -0.0007 -0.0086
vn -0.9537 0.0027 0.3008
f -3//-3 -2//-2 -1//-1
v 0.005642 -0.270044 0.228953
v 0.004654 -0.560361 0.224404
v 0.005810 -0.560275 0.232139
vn -0.9537 0.0027 0.3008
vn -1.0000 -0.0007 -0.0086
vn -0.9537 0.0027 0.3008
f -3//-3 -2//-2 -1//-1
v 0.005642 -0.270044 0.228953
v 0.005810 -0.560275 0.232139
v 0.009133 -0.269965 0.235952
vn -0.9537 0.0027 0.3008
vn -0.9537 0.0027 0.3008
vn -0.8141 0.0059 0.5808
f -3//-3 -2//-2 -1//-1
v 0.009133 -0.269965 0.235952
v 0.005810 -0.560275 0.232139
v 0.009301 -0.560197 0.239139
vn -0.8141 0.0059 0.5808
vn -0.9537 0.0027 0.3008
vn -0.8141 0.0059 0.5808
f -3//-3 -2//-2 -1//-1
v 0.009133 -0.269965 0.235952
v 0.009301 -0.560197 0.239139
v 0.014616 -0.269900 0.241530
vn -0.8141 0.0059 0.5808
vn -0.8141 0.0059 0.5808
vn -0.5947 0.0085 0.8039
f -3//-3 -2//-2 -1//-1
v 0.014616 -0.269900 0.241530
v 0.009301 -0.560197 0.239139
v 0.014784 -0.560132 0.244716
vn -0.5947 0.0085 0.8039
vn -0.8141 0.0059 0.5808
vn -0.5947 0.0085 0.8039
f -3//-3 -2//-2 -1//-1
v 0.014616 -0.269900 0.241530
v 0.014784 -0.560132 0.244716
v 0.021554 -0.269857 0.245140
vn -0.5947 0.0085 0.8039
vn -0.5947 0.0085 0.8039
vn -0.3172 0.0102 0.9483
f -3//-3 -2//-2 -1//-1
v 0.021554 -0.269857 0.245140
v 0.014784 -0.560132 0.244716
v 0.021723 -0.560088 0.248327
vn -0.3172 0.0102 0.9483
vn -0.5947 0.0085 0.8039
vn -0.3172 0.0102 0.9483
f -3//-3 -2//-2 -1//-1
v 0.021554 -0.269857 0.245140
v 0.021723 -0.560088 0.248327
v 0.029269 -0.269838 0.246430
vn -0.3172 0.0102 0.9483
vn -0.3172 0.0102 0.9483
vn -0.0086 0.0110 0.9999
f -3//-3 -2//-2 -1//-1
v 0.029269 -0.269838 0.246430
v 0.021723 -0.560088 0.248327
v 0.029437 -0.560070 0.249617
vn -0.0086 0.0110 0.9999
vn -0.3172 0.0102 0.9483
vn -0.0086 0.0110 0.9999
f -3//-3 -2//-2 -1//-1
v 0.029269 -0.269838 0.246430
v 0.029437 -0.560070 0.249617
v 0.037004 -0.269846 0.245273
vn -0.0086 0.0110 0.9999
vn -0.0086 0.0110 0.9999
vn 0.3008 0.0106 0.9536
f -3//-3 -2//-2 -1//-1
v 0.037004 -0.269846 0.245273
v 0.029437 -0.560070 0.249617
v 0.037173 -0.560078 0.248460
vn 0.3008 0.0106 0.9536
vn -0.0086 0.0110 0.9999
vn 0.3008 0.0106 0.9536
f -3//-3 -2//-2 -1//-1
v 0.037004 -0.269846 0.245273
v 0.037173 -0.560078 0.248460
v 0.044004 -0.269881 0.241783
vn 0.3008 0.0106 0.9536
vn 0.3008 0.0106 0.9536
vn 0.5808 0.0093 0.8140
f -3//-3 -2//-2 -1//-1
v 0.044004 -0.269881 0.241783
v 0.037173 -0.560078 0.248460
v 0.044172 -0.560112 0.244969
vn 0.5808 0.0093 0.8140
vn 0.3008 0.0106 0.9536
vn 0.5808 0.0093 0.8140
f -3//-3 -2//-2 -1//-1
v 0.044004 -0.269881 0.241783
v 0.044172 -0.560112 0.244969
v 0.049582 -0.269937 0.236300
vn 0.5808 0.0093 0.8140
vn 0.5808 0.0093 0.8140
vn 0.8039 0.0070 0.5947
f -3//-3 -2//-2 -1//-1
v 0.049582 -0.269937 0.236300
v 0.044172 -0.560112 0.244969
v 0.049751 -0.560169 0.239487
vn 0.8039 0.0070 0.5947
vn 0.5808 0.0093 0.8140
vn 0.8039 0.0070 0.5947
f -3//-3 -2//-2 -1//-1
v 0.049582 -0.269937 0.236300
v 0.049751 -0.560169 0.239487
v 0.053193 -0.270012 0.229362
vn 0.8039 0.0070 0.5947
vn 0.8039 0.0070 0.5947
vn 0.9484 0.0040 0.3172
f -3//-3 -2//-2 -1//-1
v 0.053193 -0.270012 0.229362
v 0.049751 -0.560169 0.239487
v 0.053362 -0.560243 0.232549
vn 0.9484 0.0040 0.3172
vn 0.8039 0.0070 0.5947
vn 0.9484 0.0040 0.3172
f -3//-3 -2//-2 -1//-1
v 0.053193 -0.270012 0.229362
v 0.053362 -0.560243 0.232549
v 0.054483 -0.270096 0.221648
vn 0.9484 0.0040 0.3172
vn 0.9484 0.0040 0.3172
vn 1.0000 0.0007 0.0086
f -3//-3 -2//-2 -1//-1
v 0.054483 -0.270096 0.221648
v 0.053362 -0.560243 0.232549
v 0.054652 -0.560327 0.224835
vn 1.0000 0.0007 0.0086
vn 0.9484 0.0040 0.3172
vn 1.0000 0.0007 0.0086
f -3//-3 -2//-2 -1//-1
v 0.054483 -0.270096 0.221648
v 0.054652 -0.560327 0.224835
v 0.053326 -0.270181 0.213913
vn 1.0000 0.0007 0.0086
vn 1.0000 0.0007 0.0086
vn 0.9537 -0.0027 -0.3008
f -3//-3 -2//-2 -1//-1
v 0.053326 -0.270181 0.213913
v 0.054652 -0.560327 0.224835
v 0.053495 -0.560413 0.217099
vn 0.9537 -0.0027 -0.3008
vn 1.0000 0.0007 0.0086
vn 0.9537 -0.0027 -0.3008
f -3//-3 -2//-2 -1//-1
v 0.053326 -0.270181 0.213913
v 0.053495 -0.560413 0.217099
v 0.049835 -0.270260 0.206914
vn 0.9537 -0.0027 -0.3008
vn 0.9537 -0.0027 -0.3008
vn 0.8141 -0.0059 -0.5808
f -3//-3 -2//-2 -1//-1
v 0.049835 -0.270260 0.206914
v 0.053495 -0.560413 0.217099
v 0.050004 -0.560492 0.210100
vn 0.8141 -0.0059 -0.5808
vn 0.9537 -0.0027 -0.3008
vn 0.8141 -0.0059 -0.5808
f -3//-3 -2//-2 -1//-1
g vmd_mol1_rep0
# MoleculeID: 1 ReprID: 0 Beginning CPK
# MoleculeID: 1 ReprID: 0 Beginning VDW
usemtl vmd_mat_cindex_16
v -0.048040 0.021825 0.377662
v -0.047482 -0.011374 0.374804
v -0.014790 0.021869 0.379910
vn -0.1649 0.0107 0.9862
vn -0.1617 -0.1846 0.9694
vn 0.0306 0.0110 0.9995
f -3//-3 -2//-2 -1//-1
v -0.048040 0.021825 0.377662
v -0.014790 0.021869 0.379910
v -0.047520 0.054953 0.374076
vn -0.1649 0.0107 0.9862
vn 0.0306 0.0110 0.9995
vn -0.1619 0.2056 0.9652
f -3//-3 -2//-2 -1//-1
v -0.014790 0.021869 0.379910
v -0.013564 -0.011955 0.376846
v 0.018260 0.021841 0.375629
vn 0.0306 0.0110 0.9995
vn 0.0379 -0.1880 0.9814
vn 0.2251 0.0108 0.9743
f -3//-3 -2//-2 -1//-1
v -0.014790 0.021869 0.379910
v 0.018260 0.021841 0.375629
v -0.013603 0.055618 0.376104
vn 0.0306 0.0110 0.9995
vn 0.2251 0.0108 0.9743
vn 0.0376 0.2095 0.9771
f -3//-3 -2//-2 -1//-1
v -0.047482 -0.011374 0.374804
v -0.013564 -0.011955 0.376846
v -0.014790 0.021869 0.379910
vn -0.1617 -0.1846 0.9694
vn 0.0379 -0.1880 0.9814
vn 0.0306 0.0110 0.9995
f -3//-3 -2//-2 -1//-1
v -0.047520 0.054953 0.374076
v -0.014790 0.021869 0.379910
v -0.013603 0.055618 0.376104
vn -0.1619 0.2056 0.9652
vn 0.0306 0.0110 0.9995
vn 0.0376 0.2095 0.9771
f -3//-3 -2//-2 -1//-1
v -0.047482 -0.011374 0.374804
v -0.045867 -0.043366 0.365614
v -0.013564 -0.011955 0.376846
vn -0.1617 -0.1846 0.9694
vn -0.1522 -0.3727 0.9154
vn 0.0379 -0.1880 0.9814
f -3//-3 -2//-2 -1//-1
v -0.047520 0.054953 0.374076
v -0.013603 0.055618 0.376104
v -0.045943 0.086738 0.364185
vn -0.1619 0.2056 0.9652
vn 0.0376 0.2095 0.9771
vn -0.1526 0.3926 0.9070
f -3//-3 -2//-2 -1//-1
v 0.018260 0.021841 0.375629
v 0.022899 -0.013713 0.371007
v 0.049839 0.021742 0.364982
vn 0.2251 0.0108 0.9743
vn 0.2523 -0.1983 0.9471
vn 0.4108 0.0102 0.9117
f -3//-3 -2//-2 -1//-1
v 0.018260 0.021841 0.375629
v 0.049839 0.021742 0.364982
v 0.022858 0.057290 0.370227
vn 0.2251 0.0108 0.9743
vn 0.4108 0.0102 0.9117
vn 0.2521 0.2194 0.9425
f -3//-3 -2//-2 -1//-1
v 0.049839 0.021742 0.364982
v 0.054712 -0.014250 0.358812
v 0.078735 0.021577 0.348380
vn 0.4108 0.0102 0.9117
vn 0.4395 -0.2015 0.8754
vn 0.5808 0.0093 0.8140
f -3//-3 -2//-2 -1//-1
v 0.049839 0.021742 0.364982
v 0.078735 0.021577 0.348380
v 0.054670 0.057596 0.358024
vn 0.4108 0.0102 0.9117
vn 0.5808 0.0093 0.8140
vn 0.4392 0.2212 0.8707
f -3//-3 -2//-2 -1//-1
v 0.022899 -0.013713 0.371007
v 0.054712 -0.014250 0.358812
v 0.049839 0.021742 0.364982
vn 0.2523 -0.1983 0.9471
vn 0.4395 -0.2015 0.8754
vn 0.4108 0.0102 0.9117
f -3//-3 -2//-2 -1//-1
v 0.022858 0.057290 0.370227
v 0.049839 0.021742 0.364982
v 0.054670 0.057596 0.358024
vn 0.2521 0.2194 0.9425
vn 0.4108 0.0102 0.9117
vn 0.4392 0.2212 0.8707
f -3//-3 -2//-2 -1//-1
v 0.022899 -0.013713 0.371007
v 0.025598 -0.047743 0.359103
v 0.054712 -0.014250 0.358812
vn 0.2523 -0.1983 0.9471
vn 0.2682 -0.3985 0.8771
vn 0.4395 -0.2015 0.8754
f -3//-3 -2//-2 -1//-1
v 0.022858 0.057290 0.370227
v 0.054670 0.057596 0.358024
v 0.025517 0.091053 0.357579
vn 0.2521 0.2194 0.9425
vn 0.4392 0.2212 0.8707
vn 0.2677 0.4180 0.8681
f -3//-3 -2//-2 -1//-1
v -0.045867 -0.043366 0.365614
v -0.009907 -0.047071 0.365883
v -0.013564 -0.011955 0.376846
vn -0.1522 -0.3727 0.9154
vn 0.0594 -0.3945 0.9170
vn 0.0379 -0.1880 0.9814
f -3//-3 -2//-2 -1//-1
v -0.045943 0.086738 0.364185
v -0.013603 0.055618 0.376104
v -0.009987 0.090489 0.364373
vn -0.1526 0.3926 0.9070
vn 0.0376 0.2095 0.9771
vn 0.0589 0.4146 0.9081
f -3//-3 -2//-2 -1//-1
v -0.013564 -0.011955 0.376846
v 0.022899 -0.013713 0.371007
v 0.018260 0.021841 0.375629
vn 0.0379 -0.1880 0.9814
vn 0.2523 -0.1983 0.9471
vn 0.2251 0.0108 0.9743
f -3//-3 -2//-2 -1//-1
v -0.013603 0.055618 0.376104
v 0.018260 0.021841 0.375629
v 0.022858 0.057290 0.370227
vn 0.0376 0.2095 0.9771
vn 0.2251 0.0108 0.9743
vn 0.2521 0.2194 0.9425
f -3//-3 -2//-2 -1//-1
v -0.009907 -0.047071 0.365883
v 0.022899 -0.013713 0.371007
v -0.013564 -0.011955 0.376846
vn 0.0594 -0.3945 0.9170
vn 0.2523 -0.1983 0.9471
vn 0.0379 -0.1880 0.9814
f -3//-3 -2//-2 -1//-1
v -0.009987 0.090489 0.364373
v -0.013603 0.055618 0.376104
v 0.022858 0.057290 0.370227
vn 0.0589 0.4146 0.9081
vn 0.0376 0.2095 0.9771
vn 0.2521 0.2194 0.9425
f -3//-3 -2//-2 -1//-1
v -0.009907 -0.047071 0.365883
v 0.025598 -0.047743 0.359103
v 0.022899 -0.013713 0.371007
vn 0.0594 -0.3945 0.9170
vn 0.2682 -0.3985 0.8771
vn 0.2523 -0.1983 0.9471
f -3//-3 -2//-2 -1//-1
v -0.009987 0.090489 0.364373
v 0.022858 0.057290 0.370227
v 0.025517 0.091053 0.357579
vn 0.0589 0.4146 0.9081
vn 0.2521 0.2194 0.9425
vn 0.2677 0.4180 0.8681
f -3//-3 -2//-2 -1//-1
v -0.045867 -0.043366 0.365614
v -0.043259 -0.072924 0.350443
v -0.009907 -0.047071 0.365883
vn -0.1522 -0.3727 0.9154
vn -0.1368 -0.5466 0.8261
vn 0.0594 -0.3945 0.9170
f -3//-3 -2//-2 -1//-1
v -0.045943 0.086738 0.364185
v -0.009987 0.090489 0.364373
v -0.043369 0.115958 0.348369
vn -0.1526 0.3926 0.9070
vn 0.0589 0.4146 0.9081
vn -0.1375 0.5645 0.8139
f -3//-3 -2//-2 -1//-1
v -0.009907 -0.047071 0.365883
v -0.006624 -0.076619 0.349233
v 0.025598 -0.047743 0.359103
vn 0.0594 -0.3945 0.9170
vn 0.0787 -0.5683 0.8190
vn 0.2682 -0.3985 0.8771
f -3//-3 -2//-2 -1//-1
v -0.009987 0.090489 0.364373
v 0.025517 0.091053 0.357579
v -0.006738 0.119668 0.347078
vn 0.0589 0.4146 0.9081
vn 0.2677 0.4180 0.8681
vn 0.0780 0.5863 0.8063
f -3//-3 -2//-2 -1//-1
v -0.043259 -0.072924 0.350443
v -0.006624 -0.076619 0.349233
v -0.009907 -0.047071 0.365883
vn -0.1368 -0.5466 0.8261
vn 0.0787 -0.5683 0.8190
vn 0.0594 -0.3945 0.9170
f -3//-3 -2//-2 -1//-1
v -0.043369 0.115958 0.348369
v -0.009987 0.090489 0.364373
v -0.006738 0.119668 0.347078
vn -0.1375 0.5645 0.8139
vn 0.0589 0.4146 0.9081
vn 0.0780 0.5863 0.8063
f -3//-3 -2//-2 -1//-1
v -0.043259 -0.072924 0.350443
v -0.039757 -0.098910 0.329875
v -0.006624 -0.076619 0.349233
vn -0.1368 -0.5466 0.8261
vn -0.1162 -0.6995 0.7051
vn 0.0787 -0.5683 0.8190
f -3//-3 -2//-2 -1//-1
v -0.043369 0.115958 0.348369
v -0.006738 0.119668 0.347078
v -0.039897 0.141491 0.327235
vn -0.1375 0.5645 0.8139
vn 0.0780 0.5863 0.8063
vn -0.1170 0.7147 0.6896
f -3//-3 -2//-2 -1//-1
v 0.078735 0.021577 0.348380
v 0.096071 -0.014550 0.329306
v 0.103836 0.021351 0.326460
vn 0.5808 0.0093 0.8140
vn 0.6828 -0.2032 0.7018
vn 0.7284 0.0079 0.6851
f -3//-3 -2//-2 -1//-1
v 0.078735 0.021577 0.348380
v 0.103836 0.021351 0.326460
v 0.096029 0.057296 0.328517
vn 0.5808 0.0093 0.8140
vn 0.7284 0.0079 0.6851
vn 0.6825 0.2194 0.6972
f -3//-3 -2//-2 -1//-1
v 0.103836 0.021351 0.326460
v 0.117957 -0.014403 0.303190
v 0.124178 0.021073 0.300064
vn 0.7284 0.0079 0.6851
vn 0.8115 -0.2024 0.5482
vn 0.8481 0.0063 0.5298
f -3//-3 -2//-2 -1//-1
v 0.103836 0.021351 0.326460
v 0.124178 0.021073 0.300064
v 0.117916 0.056601 0.302411
vn 0.7284 0.0079 0.6851
vn 0.8481 0.0063 0.5298
vn 0.8113 0.2153 0.5436
f -3//-3 -2//-2 -1//-1
v 0.096071 -0.014550 0.329306
v 0.117957 -0.014403 0.303190
v 0.103836 0.021351 0.326460
vn 0.6828 -0.2032 0.7018
vn 0.8115 -0.2024 0.5482
vn 0.7284 0.0079 0.6851
f -3//-3 -2//-2 -1//-1
v 0.096029 0.057296 0.328517
v 0.103836 0.021351 0.326460
v 0.117916 0.056601 0.302411
vn 0.6825 0.2194 0.6972
vn 0.7284 0.0079 0.6851
vn 0.8113 0.2153 0.5436
f -3//-3 -2//-2 -1//-1
v 0.096071 -0.014550 0.329306
v 0.105497 -0.048322 0.302102
v 0.117957 -0.014403 0.303190
vn 0.6828 -0.2032 0.7018
vn 0.7382 -0.4019 0.5418
vn 0.8115 -0.2024 0.5482
f -3//-3 -2//-2 -1//-1
v 0.096029 0.057296 0.328517
v 0.117916 0.056601 0.302411
v 0.105416 0.090474 0.300578
vn 0.6825 0.2194 0.6972
vn 0.8113 0.2153 0.5436
vn 0.7377 0.4146 0.5328
f -3//-3 -2//-2 -1//-1
v 0.124178 0.021073 0.300064
v 0.135358 -0.013035 0.270602
v 0.138980 0.020753 0.270208
vn 0.8481 0.0063 0.5298
vn 0.9139 -0.1943 0.3565
vn 0.9352 0.0044 0.3542
f -3//-3 -2//-2 -1//-1
v 0.124178 0.021073 0.300064
v 0.138980 0.020753 0.270208
v 0.135319 0.054538 0.269860
vn 0.8481 0.0063 0.5298
vn 0.9352 0.0044 0.3542
vn 0.9136 0.2032 0.3521
f -3//-3 -2//-2 -1//-1
v 0.138980 0.020753 0.270208
v 0.144469 -0.012766 0.237863
v 0.147672 0.020405 0.238037
vn 0.9352 0.0044 0.3542
vn 0.9675 -0.1927 0.1639
vn 0.9863 0.0024 0.1649
f -3//-3 -2//-2 -1//-1
v 0.138980 0.020753 0.270208
v 0.147672 0.020405 0.238037
v 0.144431 0.053561 0.237134
vn 0.9352 0.0044 0.3542
vn 0.9863 0.0024 0.1649
vn 0.9672 0.1974 0.1596
f -3//-3 -2//-2 -1//-1
v 0.135358 -0.013035 0.270602
v 0.144469 -0.012766 0.237863
v 0.138980 0.020753 0.270208
vn 0.9139 -0.1943 0.3565
vn 0.9675 -0.1927 0.1639
vn 0.9352 0.0044 0.3542
f -3//-3 -2//-2 -1//-1
v 0.135319 0.054538 0.269860
v 0.138980 0.020753 0.270208
v 0.144431 0.053561 0.237134
vn 0.9136 0.2032 0.3521
vn 0.9352 0.0044 0.3542
vn 0.9672 0.1974 0.1596
f -3//-3 -2//-2 -1//-1
v 0.135358 -0.013035 0.270602
v 0.134946 -0.044678 0.236617
v 0.144469 -0.012766 0.237863
vn 0.9139 -0.1943 0.3565
vn 0.9114 -0.3805 0.1566
vn 0.9675 -0.1927 0.1639
f -3//-3 -2//-2 -1//-1
v 0.135319 0.054538 0.269860
v 0.144431 0.053561 0.237134
v 0.134871 0.085427 0.235189
vn 0.9136 0.2032 0.3521
vn 0.9672 0.1974 0.1596
vn 0.9110 0.3849 0.1482
f -3//-3 -2//-2 -1//-1
v 0.105497 -0.048322 0.302102
v 0.123465 -0.048038 0.270733
v 0.117957 -0.014403 0.303190
vn 0.7382 -0.4019 0.5418
vn 0.8439 -0.4002 0.3573
vn 0.8115 -0.2024 0.5482
f -3//-3 -2//-2 -1//-1
v 0.105416 0.090474 0.300578
v 0.117916 0.056601 0.302411
v 0.123386 0.089522 0.269222
vn 0.7377 0.4146 0.5328
vn 0.8113 0.2153 0.5436
vn 0.8434 0.4090 0.3484
f -3//-3 -2//-2 -1//-1
v 0.117957 -0.014403 0.303190
v 0.135358 -0.013035 0.270602
v 0.124178 0.021073 0.300064
vn 0.8115 -0.2024 0.5482
vn 0.9139 -0.1943 0.3565
vn 0.8481 0.0063 0.5298
f -3//-3 -2//-2 -1//-1
v 0.117916 0.056601 0.302411
v 0.124178 0.021073 0.300064
v 0.135319 0.054538 0.269860
vn 0.8113 0.2153 0.5436
vn 0.8481 0.0063 0.5298
vn 0.9136 0.2032 0.3521
f -3//-3 -2//-2 -1//-1
v 0.123465 -0.048038 0.270733
v 0.135358 -0.013035 0.270602
v 0.117957 -0.014403 0.303190
vn 0.8439 -0.4002 0.3573
vn 0.9139 -0.1943 0.3565
vn 0.8115 -0.2024 0.5482
f -3//-3 -2//-2 -1//-1
v 0.123386 0.089522 0.269222
v 0.117916 0.056601 0.302411
v 0.135319 0.054538 0.269860
vn 0.8434 0.4090 0.3484
vn 0.8113 0.2153 0.5436
vn 0.9136 0.2032 0.3521
f -3//-3 -2//-2 -1//-1
v 0.123465 -0.048038 0.270733
v 0.134946 -0.044678 0.236617
v 0.135358 -0.013035 0.270602
vn 0.8439 -0.4002 0.3573
vn 0.9114 -0.3805 0.1566
vn 0.9139 -0.1943 0.3565
f -3//-3 -2//-2 -1//-1
v 0.123386 0.089522 0.269222
v 0.135319 0.054538 0.269860
v 0.134871 0.085427 0.235189
vn 0.8434 0.4090 0.3484
vn 0.9136 0.2032 0.3521
vn 0.9110 0.3849 0.1482
f -3//-3 -2//-2 -1//-1
v 0.105497 -0.048322 0.302102
v 0.106370 -0.077438 0.268621
v 0.123465 -0.048038 0.270733
vn 0.7382 -0.4019 0.5418
vn 0.7434 -0.5732 0.3448
vn 0.8439 -0.4002 0.3573
f -3//-3 -2//-2 -1//-1
v 0.105416 0.090474 0.300578
v 0.123386 0.089522 0.269222
v 0.106256 0.118849 0.266466
vn 0.7377 0.4146 0.5328
vn 0.8434 0.4090 0.3484
vn 0.7427 0.5815 0.3322
f -3//-3 -2//-2 -1//-1
v 0.123465 -0.048038 0.270733
v 0.119469 -0.074104 0.234349
v 0.134946 -0.044678 0.236617
vn 0.8439 -0.4002 0.3573
vn 0.8204 -0.5536 0.1432
vn 0.9114 -0.3805 0.1566
f -3//-3 -2//-2 -1//-1
v 0.123386 0.089522 0.269222
v 0.134871 0.085427 0.235189
v 0.119359 0.114778 0.232275
vn 0.8434 0.4090 0.3484
vn 0.9110 0.3849 0.1482
vn 0.8198 0.5575 0.1310
f -3//-3 -2//-2 -1//-1
v 0.106370 -0.077438 0.268621
v 0.119469 -0.074104 0.234349
v 0.123465 -0.048038 0.270733
vn 0.7434 -0.5732 0.3448
vn 0.8204 -0.5536 0.1432
vn 0.8439 -0.4002 0.3573
f -3//-3 -2//-2 -1//-1
v 0.106256 0.118849 0.266466
v 0.123386 0.089522 0.269222
v 0.119359 0.114778 0.232275
vn 0.7427 0.5815 0.3322
vn 0.8434 0.4090 0.3484
vn 0.8198 0.5575 0.1310
f -3//-3 -2//-2 -1//-1
v 0.106370 -0.077438 0.268621
v 0.098632 -0.099914 0.231145
v 0.119469 -0.074104 0.234349
vn 0.7434 -0.5732 0.3448
vn 0.6978 -0.7054 0.1244
vn 0.8204 -0.5536 0.1432
f -3//-3 -2//-2 -1//-1
v 0.106256 0.118849 0.266466
v 0.119359 0.114778 0.232275
v 0.098492 0.140487 0.228506
vn 0.7427 0.5815 0.3322
vn 0.8198 0.5575 0.1310
vn 0.6970 0.7087 0.1089
f -3//-3 -2//-2 -1//-1
v -0.039757 -0.098910 0.329875
v -0.000678 -0.112927 0.314197
v -0.006624 -0.076619 0.349233
vn -0.1162 -0.6995 0.7051
vn 0.1137 -0.7819 0.6129
vn 0.0787 -0.5683 0.8190
f -3//-3 -2//-2 -1//-1
v -0.039897 0.141491 0.327235
v -0.006738 0.119668 0.347078
v -0.000833 0.155205 0.311253
vn -0.1170 0.7147 0.6896
vn 0.0780 0.5863 0.8063
vn 0.1127 0.7953 0.5956
f -3//-3 -2//-2 -1//-1
v -0.006624 -0.076619 0.349233
v 0.033624 -0.087386 0.330386
v 0.025598 -0.047743 0.359103
vn 0.0787 -0.5683 0.8190
vn 0.3154 -0.6317 0.7082
vn 0.2682 -0.3985 0.8771
f -3//-3 -2//-2 -1//-1
v -0.006738 0.119668 0.347078
v 0.025517 0.091053 0.357579
v 0.033498 0.130065 0.327998
vn 0.0780 0.5863 0.8063
vn 0.2677 0.4180 0.8681
vn 0.3147 0.6474 0.6941
f -3//-3 -2//-2 -1//-1
v -0.000678 -0.112927 0.314197
v 0.033624 -0.087386 0.330386
v -0.006624 -0.076619 0.349233
vn 0.1137 -0.7819 0.6129
vn 0.3154 -0.6317 0.7082
vn 0.0787 -0.5683 0.8190
f -3//-3 -2//-2 -1//-1
v -0.000833 0.155205 0.311253
v -0.006738 0.119668 0.347078
v 0.033498 0.130065 0.327998
vn 0.1127 0.7953 0.5956
vn 0.0780 0.5863 0.8063
vn 0.3147 0.6474 0.6941
f -3//-3 -2//-2 -1//-1
v -0.000678 -0.112927 0.314197
v 0.037085 -0.117885 0.291418
v 0.033624 -0.087386 0.330386
vn 0.1137 -0.7819 0.6129
vn 0.3358 -0.8111 0.4789
vn 0.3154 -0.6317 0.7082
f -3//-3 -2//-2 -1//-1
v -0.000833 0.155205 0.311253
v 0.033498 0.130065 0.327998
v 0.036924 0.159706 0.288370
vn 0.1127 0.7953 0.5956
vn 0.3147 0.6474 0.6941
vn 0.3348 0.8218 0.4610
f -3//-3 -2//-2 -1//-1
v 0.025598 -0.047743 0.359103
v 0.069351 -0.051057 0.335965
v 0.054712 -0.014250 0.358812
vn 0.2682 -0.3985 0.8771
vn 0.5256 -0.4180 0.7410
vn 0.4395 -0.2015 0.8754
f -3//-3 -2//-2 -1//-1
v 0.025517 0.091053 0.357579
v 0.054670 0.057596 0.358024
v 0.069267 0.093910 0.334374
vn 0.2677 0.4180 0.8681
vn 0.4392 0.2212 0.8707
vn 0.5251 0.4348 0.7316
f -3//-3 -2//-2 -1//-1
v 0.054712 -0.014250 0.358812
v 0.096071 -0.014550 0.329306
v 0.078735 0.021577 0.348380
vn 0.4395 -0.2015 0.8754
vn 0.6828 -0.2032 0.7018
vn 0.5808 0.0093 0.8140
f -3//-3 -2//-2 -1//-1
v 0.054670 0.057596 0.358024
v 0.078735 0.021577 0.348380
v 0.096029 0.057296 0.328517
vn 0.4392 0.2212 0.8707
vn 0.5808 0.0093 0.8140
vn 0.6825 0.2194 0.6972
f -3//-3 -2//-2 -1//-1
v 0.069351 -0.051057 0.335965
v 0.096071 -0.014550 0.329306
v 0.054712 -0.014250 0.358812
vn 0.5256 -0.4180 0.7410
vn 0.6828 -0.2032 0.7018
vn 0.4395 -0.2015 0.8754
f -3//-3 -2//-2 -1//-1
v 0.069267 0.093910 0.334374
v 0.054670 0.057596 0.358024
v 0.096029 0.057296 0.328517
vn 0.5251 0.4348 0.7316
vn 0.4392 0.2212 0.8707
vn 0.6825 0.2194 0.6972
f -3//-3 -2//-2 -1//-1
v 0.069351 -0.051057 0.335965
v 0.105497 -0.048322 0.302102
v 0.096071 -0.014550 0.329306
vn 0.5256 -0.4180 0.7410
vn 0.7382 -0.4019 0.5418
vn 0.6828 -0.2032 0.7018
f -3//-3 -2//-2 -1//-1
v 0.069267 0.093910 0.334374
v 0.096029 0.057296 0.328517
v 0.105416 0.090474 0.300578
vn 0.5251 0.4348 0.7316
vn 0.6825 0.2194 0.6972
vn 0.7377 0.4146 0.5328
f -3//-3 -2//-2 -1//-1
v 0.037085 -0.117885 0.291418
v 0.075350 -0.087688 0.300618
v 0.033624 -0.087386 0.330386
vn 0.3358 -0.8111 0.4789
vn 0.5609 -0.6335 0.5330
vn 0.3154 -0.6317 0.7082
f -3//-3 -2//-2 -1//-1
v 0.036924 0.159706 0.288370
v 0.033498 0.130065 0.327998
v 0.075224 0.129763 0.298230
vn 0.3348 0.8218 0.4610
vn 0.3147 0.6474 0.6941
vn 0.5601 0.6457 0.5190
f -3//-3 -2//-2 -1//-1
v 0.033624 -0.087386 0.330386
v 0.069351 -0.051057 0.335965
v 0.025598 -0.047743 0.359103
vn 0.3154 -0.6317 0.7082
vn 0.5256 -0.4180 0.7410
vn 0.2682 -0.3985 0.8771
f -3//-3 -2//-2 -1//-1
v 0.033498 0.130065 0.327998
v 0.025517 0.091053 0.357579
v 0.069267 0.093910 0.334374
vn 0.3147 0.6474 0.6941
vn 0.2677 0.4180 0.8681
vn 0.5251 0.4348 0.7316
f -3//-3 -2//-2 -1//-1
v 0.075350 -0.087688 0.300618
v 0.069351 -0.051057 0.335965
v 0.033624 -0.087386 0.330386
vn 0.5609 -0.6335 0.5330
vn 0.5256 -0.4180 0.7410
vn 0.3154 -0.6317 0.7082
f -3//-3 -2//-2 -1//-1
v 0.075224 0.129763 0.298230
v 0.033498 0.130065 0.327998
v 0.069267 0.093910 0.334374
vn 0.5601 0.6457 0.5190
vn 0.3147 0.6474 0.6941
vn 0.5251 0.4348 0.7316
f -3//-3 -2//-2 -1//-1
v 0.075350 -0.087688 0.300618
v 0.105497 -0.048322 0.302102
v 0.069351 -0.051057 0.335965
vn 0.5609 -0.6335 0.5330
vn 0.7382 -0.4019 0.5418
vn 0.5256 -0.4180 0.7410
f -3//-3 -2//-2 -1//-1
v 0.075224 0.129763 0.298230
v 0.069267 0.093910 0.334374
v 0.105416 0.090474 0.300578
vn 0.5601 0.6457 0.5190
vn 0.5251 0.4348 0.7316
vn 0.7377 0.4146 0.5328
f -3//-3 -2//-2 -1//-1
v 0.037085 -0.117885 0.291418
v 0.070958 -0.113447 0.263090
v 0.075350 -0.087688 0.300618
vn 0.3358 -0.8111 0.4789
vn 0.5350 -0.7850 0.3123
vn 0.5609 -0.6335 0.5330
f -3//-3 -2//-2 -1//-1
v 0.036924 0.159706 0.288370
v 0.075224 0.129763 0.298230
v 0.070802 0.154686 0.260146
vn 0.3348 0.8218 0.4610
vn 0.5601 0.6457 0.5190
vn 0.5341 0.7923 0.2950
f -3//-3 -2//-2 -1//-1
v 0.075350 -0.087688 0.300618
v 0.106370 -0.077438 0.268621
v 0.105497 -0.048322 0.302102
vn 0.5609 -0.6335 0.5330
vn 0.7434 -0.5732 0.3448
vn 0.7382 -0.4019 0.5418
f -3//-3 -2//-2 -1//-1
v 0.075224 0.129763 0.298230
v 0.105416 0.090474 0.300578
v 0.106256 0.118849 0.266466
vn 0.5601 0.6457 0.5190
vn 0.7377 0.4146 0.5328
vn 0.7427 0.5815 0.3322
f -3//-3 -2//-2 -1//-1
v 0.070958 -0.113447 0.263090
v 0.106370 -0.077438 0.268621
v 0.075350 -0.087688 0.300618
vn 0.5350 -0.7850 0.3123
vn 0.7434 -0.5732 0.3448
vn 0.5609 -0.6335 0.5330
f -3//-3 -2//-2 -1//-1
v 0.070802 0.154686 0.260146
v 0.075224 0.129763 0.298230
v 0.106256 0.118849 0.266466
vn 0.5341 0.7923 0.2950
vn 0.5601 0.6457 0.5190
vn 0.7427 0.5815 0.3322
f -3//-3 -2//-2 -1//-1
v 0.070958 -0.113447 0.263090
v 0.098632 -0.099914 0.231145
v 0.106370 -0.077438 0.268621
vn 0.5350 -0.7850 0.3123
vn 0.6978 -0.7054 0.1244
vn 0.7434 -0.5732 0.3448
f -3//-3 -2//-2 -1//-1
v 0.070802 0.154686 0.260146
v 0.106256 0.118849 0.266466
v 0.098492 0.140487 0.228506
vn 0.5341 0.7923 0.2950
vn 0.7427 0.5815 0.3322
vn 0.6970 0.7087 0.1089
f -3//-3 -2//-2 -1//-1
v -0.039757 -0.098910 0.329875
v -0.035496 -0.120327 0.304700
v -0.000678 -0.112927 0.314197
vn -0.1162 -0.6995 0.7051
vn -0.0912 -0.8255 0.5571
vn 0.1137 -0.7819 0.6129
f -3//-3 -2//-2 -1//-1
v -0.039897 0.141491 0.327235
v -0.000833 0.155205 0.311253
v -0.035660 0.162355 0.301596
vn -0.1170 0.7147 0.6896
vn 0.1127 0.7953 0.5956
vn -0.0921 0.8374 0.5388
f -3//-3 -2//-2 -1//-1
v -0.000678 -0.112927 0.314197
v 0.003760 -0.130522 0.285356
v 0.037085 -0.117885 0.291418
vn 0.1137 -0.7819 0.6129
vn 0.1398 -0.8854 0.4433
vn 0.3358 -0.8111 0.4789
f -3//-3 -2//-2 -1//-1
v -0.000833 0.155205 0.311253
v 0.036924 0.159706 0.288370
v 0.003584 0.172168 0.282032
vn 0.1127 0.7953 0.5956
vn 0.3348 0.8218 0.4610
vn 0.1387 0.8951 0.4237
f -3//-3 -2//-2 -1//-1
v -0.035496 -0.120327 0.304700
v 0.003760 -0.130522 0.285356
v -0.000678 -0.112927 0.314197
vn -0.0912 -0.8255 0.5571
vn 0.1398 -0.8854 0.4433
vn 0.1137 -0.7819 0.6129
f -3//-3 -2//-2 -1//-1
v -0.035660 0.162355 0.301596
v -0.000833 0.155205 0.311253
v 0.003584 0.172168 0.282032
vn -0.0921 0.8374 0.5388
vn 0.1127 0.7953 0.5956
vn 0.1387 0.8951 0.4237
f -3//-3 -2//-2 -1//-1
v -0.035496 -0.120327 0.304700
v -0.030639 -0.136351 0.275886
v 0.003760 -0.130522 0.285356
vn -0.0912 -0.8255 0.5571
vn -0.0626 -0.9197 0.3876
vn 0.1398 -0.8854 0.4433
f -3//-3 -2//-2 -1//-1
v -0.035660 0.162355 0.301596
v 0.003584 0.172168 0.282032
v -0.030822 0.177748 0.272437
vn -0.0921 0.8374 0.5388
vn 0.1387 0.8951 0.4237
vn -0.0637 0.9279 0.3673
f -3//-3 -2//-2 -1//-1
v 0.037085 -0.117885 0.291418
v 0.042074 -0.130800 0.258022
v 0.070958 -0.113447 0.263090
vn 0.3358 -0.8111 0.4789
vn 0.3651 -0.8871 0.2825
vn 0.5350 -0.7850 0.3123
f -3//-3 -2//-2 -1//-1
v 0.036924 0.159706 0.288370
v 0.070802 0.154686 0.260146
v 0.041899 0.171890 0.254698
vn 0.3348 0.8218 0.4610
vn 0.5341 0.7923 0.2950
vn 0.3641 0.8935 0.2629
f -3//-3 -2//-2 -1//-1
v 0.070958 -0.113447 0.263090
v 0.073236 -0.121116 0.227128
v 0.098632 -0.099914 0.231145
vn 0.5350 -0.7850 0.3123
vn 0.5484 -0.8301 0.1008
vn 0.6978 -0.7054 0.1244
f -3//-3 -2//-2 -1//-1
v 0.070802 0.154686 0.260146
v 0.098492 0.140487 0.228506
v 0.073071 0.161566 0.224025
vn 0.5341 0.7923 0.2950
vn 0.6970 0.7087 0.1089
vn 0.5475 0.8327 0.0825
f -3//-3 -2//-2 -1//-1
v 0.042074 -0.130800 0.258022
v 0.073236 -0.121116 0.227128
v 0.070958 -0.113447 0.263090
vn 0.3651 -0.8871 0.2825
vn 0.5484 -0.8301 0.1008
vn 0.5350 -0.7850 0.3123
f -3//-3 -2//-2 -1//-1
v 0.041899 0.171890 0.254698
v 0.070802 0.154686 0.260146
v 0.073071 0.161566 0.224025
vn 0.3641 0.8935 0.2629
vn 0.5341 0.7923 0.2950
vn 0.5475 0.8327 0.0825
f -3//-3 -2//-2 -1//-1
v 0.042074 -0.130800 0.258022
v 0.044256 -0.136894 0.222454
v 0.073236 -0.121116 0.227128
vn 0.3651 -0.8871 0.2825
vn 0.3780 -0.9229 0.0733
vn 0.5484 -0.8301 0.1008
f -3//-3 -2//-2 -1//-1
v 0.041899 0.171890 0.254698
v 0.073071 0.161566 0.224025
v 0.044074 0.177205 0.219005
vn 0.3641 0.8935 0.2629
vn 0.5475 0.8327 0.0825
vn 0.3769 0.9247 0.0530
f -3//-3 -2//-2 -1//-1
v -0.030639 -0.136351 0.275886
v 0.007848 -0.142693 0.250688
v 0.003760 -0.130522 0.285356
vn -0.0626 -0.9197 0.3876
vn 0.1638 -0.9570 0.2393
vn 0.1398 -0.8854 0.4433
f -3//-3 -2//-2 -1//-1
v -0.030822 0.177748 0.272437
v 0.003584 0.172168 0.282032
v 0.007658 0.183579 0.247105
vn -0.0637 0.9279 0.3673
vn 0.1387 0.8951 0.4237
vn 0.1627 0.9622 0.2183
f -3//-3 -2//-2 -1//-1
v 0.003760 -0.130522 0.285356
v 0.042074 -0.130800 0.258022
v 0.037085 -0.117885 0.291418
vn 0.1398 -0.8854 0.4433
vn 0.3651 -0.8871 0.2825
vn 0.3358 -0.8111 0.4789
f -3//-3 -2//-2 -1//-1
v 0.003584 0.172168 0.282032
v 0.036924 0.159706 0.288370
v 0.041899 0.171890 0.254698
vn 0.1387 0.8951 0.4237
vn 0.3348 0.8218 0.4610
vn 0.3641 0.8935 0.2629
f -3//-3 -2//-2 -1//-1
v 0.007848 -0.142693 0.250688
v 0.042074 -0.130800 0.258022
v 0.003760 -0.130522 0.285356
vn 0.1638 -0.9570 0.2393
vn 0.3651 -0.8871 0.2825
vn 0.1398 -0.8854 0.4433
f -3//-3 -2//-2 -1//-1
v 0.007658 0.183579 0.247105
v 0.003584 0.172168 0.282032
v 0.041899 0.171890 0.254698
vn 0.1627 0.9622 0.2183
vn 0.1387 0.8951 0.4237
vn 0.3641 0.8935 0.2629
f -3//-3 -2//-2 -1//-1
v 0.007848 -0.142693 0.250688
v 0.044256 -0.136894 0.222454
v 0.042074 -0.130800 0.258022
vn 0.1638 -0.9570 0.2393
vn 0.3780 -0.9229 0.0733
vn 0.3651 -0.8871 0.2825
f -3//-3 -2//-2 -1//-1
v 0.007658 0.183579 0.247105
v 0.041899 0.171890 0.254698
v 0.044074 0.177205 0.219005
vn 0.1627 0.9622 0.2183
vn 0.3641 0.8935 0.2629
vn 0.3769 0.9247 0.0530
f -3//-3 -2//-2 -1//-1
v -0.030639 -0.136351 0.275886
v -0.025373 -0.146367 0.244540
v 0.007848 -0.142693 0.250688
vn -0.0626 -0.9197 0.3876
vn -0.0316 -0.9786 0.2032
vn 0.1638 -0.9570 0.2393
f -3//-3 -2//-2 -1//-1
v -0.030822 0.177748 0.272437
v 0.007658 0.183579 0.247105
v -0.025567 0.187079 0.240879
vn -0.0637 0.9279 0.3673
vn 0.1627 0.9622 0.2183
vn -0.0327 0.9828 0.1816
f -3//-3 -2//-2 -1//-1
v 0.007848 -0.142693 0.250688
v 0.012808 -0.146644 0.217300
v 0.044256 -0.136894 0.222454
vn 0.1638 -0.9570 0.2393
vn 0.1930 -0.9803 0.0429
vn 0.3780 -0.9229 0.0733
f -3//-3 -2//-2 -1//-1
v 0.007658 0.183579 0.247105
v 0.044074 0.177205 0.219005
v 0.012614 0.186802 0.213639
vn 0.1627 0.9622 0.2183
vn 0.3769 0.9247 0.0530
vn 0.1918 0.9812 0.0214
f -3//-3 -2//-2 -1//-1
v -0.025373 -0.146367 0.244540
v 0.012808 -0.146644 0.217300
v 0.007848 -0.142693 0.250688
vn -0.0316 -0.9786 0.2032
vn 0.1930 -0.9803 0.0429
vn 0.1638 -0.9570 0.2393
f -3//-3 -2//-2 -1//-1
v -0.025567 0.187079 0.240879
v 0.007658 0.183579 0.247105
v 0.012614 0.186802 0.213639
vn -0.0327 0.9828 0.1816
vn 0.1627 0.9622 0.2183
vn 0.1918 0.9812 0.0214
f -3//-3 -2//-2 -1//-1
v -0.025373 -0.146367 0.244540
v -0.019901 -0.149989 0.211866
v 0.012808 -0.146644 0.217300
vn -0.0316 -0.9786 0.2032
vn 0.0006 -0.9999 0.0110
vn 0.1930 -0.9803 0.0429
f -3//-3 -2//-2 -1//-1
v -0.025567 0.187079 0.240879
v 0.012614 0.186802 0.213639
v -0.020099 0.189989 0.208134
vn -0.0327 0.9828 0.1816
vn 0.1918 0.9812 0.0214
vn -0.0006 0.9999 -0.0110
f -3//-3 -2//-2 -1//-1
v -0.019901 -0.149989 0.211866
v -0.014433 -0.147079 0.179121
v 0.012808 -0.146644 0.217300
vn 0.0006 -0.9999 0.0110
vn 0.0327 -0.9828 -0.1816
vn 0.1930 -0.9803 0.0429
f -3//-3 -2//-2 -1//-1
v -0.020099 0.189989 0.208134
v 0.012614 0.186802 0.213639
v -0.014627 0.186367 0.175460
vn -0.0006 0.9999 -0.0110
vn 0.1918 0.9812 0.0214
vn 0.0316 0.9786 -0.2032
f -3//-3 -2//-2 -1//-1
v 0.012808 -0.146644 0.217300
v 0.018994 -0.143418 0.184040
v 0.044256 -0.136894 0.222454
vn 0.1930 -0.9803 0.0429
vn 0.2294 -0.9613 -0.1527
vn 0.3780 -0.9229 0.0733
f -3//-3 -2//-2 -1//-1
v 0.012614 0.186802 0.213639
v 0.044074 0.177205 0.219005
v 0.018804 0.182854 0.180458
vn 0.1918 0.9812 0.0214
vn 0.3769 0.9247 0.0530
vn 0.2283 0.9580 -0.1738
f -3//-3 -2//-2 -1//-1
v -0.014433 -0.147079 0.179121
v 0.018994 -0.143418 0.184040
v 0.012808 -0.146644 0.217300
vn 0.0327 -0.9828 -0.1816
vn 0.2294 -0.9613 -0.1527
vn 0.1930 -0.9803 0.0429
f -3//-3 -2//-2 -1//-1
v -0.014627 0.186367 0.175460
v 0.012614 0.186802 0.213639
v 0.018804 0.182854 0.180458
vn 0.0316 0.9786 -0.2032
vn 0.1918 0.9812 0.0214
vn 0.2283 0.9580 -0.1738
f -3//-3 -2//-2 -1//-1
v -0.014433 -0.147079 0.179121
v -0.009178 -0.137748 0.147563
v 0.018994 -0.143418 0.184040
vn 0.0327 -0.9828 -0.1816
vn 0.0637 -0.9279 -0.3673
vn 0.2294 -0.9613 -0.1527
f -3//-3 -2//-2 -1//-1
v -0.014627 0.186367 0.175460
v 0.018804 0.182854 0.180458
v -0.009361 0.176351 0.144114
vn 0.0316 0.9786 -0.2032
vn 0.2283 0.9580 -0.1738
vn 0.0626 0.9197 -0.3876
f -3//-3 -2//-2 -1//-1
v 0.044256 -0.136894 0.222454
v 0.053786 -0.131562 0.187990
v 0.073236 -0.121116 0.227128
vn 0.3780 -0.9229 0.0733
vn 0.4340 -0.8915 -0.1295
vn 0.5484 -0.8301 0.1008
f -3//-3 -2//-2 -1//-1
v 0.044074 0.177205 0.219005
v 0.073071 0.161566 0.224025
v 0.053611 0.171128 0.184667
vn 0.3769 0.9247 0.0530
vn 0.5475 0.8327 0.0825
vn 0.4330 0.8890 -0.1490
f -3//-3 -2//-2 -1//-1
v 0.073236 -0.121116 0.227128
v 0.082809 -0.114218 0.192228
v 0.098632 -0.099914 0.231145
vn 0.5484 -0.8301 0.1008
vn 0.6048 -0.7895 -0.1045
vn 0.6978 -0.7054 0.1244
f -3//-3 -2//-2 -1//-1
v 0.073071 0.161566 0.224025
v 0.098492 0.140487 0.228506
v 0.082653 0.153915 0.189284
vn 0.5475 0.8327 0.0825
vn 0.6970 0.7087 0.1089
vn 0.6038 0.7877 -0.1219
f -3//-3 -2//-2 -1//-1
v 0.053786 -0.131562 0.187990
v 0.082809 -0.114218 0.192228
v 0.073236 -0.121116 0.227128
vn 0.4340 -0.8915 -0.1295
vn 0.6048 -0.7895 -0.1045
vn 0.5484 -0.8301 0.1008
f -3//-3 -2//-2 -1//-1
v 0.053611 0.171128 0.184667
v 0.073071 0.161566 0.224025
v 0.082653 0.153915 0.189284
vn 0.4330 0.8890 -0.1490
vn 0.5475 0.8327 0.0825
vn 0.6038 0.7877 -0.1219
f -3//-3 -2//-2 -1//-1
v 0.053786 -0.131562 0.187990
v 0.059980 -0.119375 0.154522
v 0.082809 -0.114218 0.192228
vn 0.4340 -0.8915 -0.1295
vn 0.4705 -0.8199 -0.3263
vn 0.6048 -0.7895 -0.1045
f -3//-3 -2//-2 -1//-1
v 0.053611 0.171128 0.184667
v 0.082653 0.153915 0.189284
v 0.059818 0.158216 0.151475
vn 0.4330 0.8890 -0.1490
vn 0.6038 0.7877 -0.1219
vn 0.4695 0.8130 -0.3443
f -3//-3 -2//-2 -1//-1
v -0.009178 -0.137748 0.147563
v 0.026451 -0.131998 0.149679
v 0.018994 -0.143418 0.184040
vn 0.0637 -0.9279 -0.3673
vn 0.2732 -0.8941 -0.3548
vn 0.2294 -0.9613 -0.1527
f -3//-3 -2//-2 -1//-1
v -0.009361 0.176351 0.144114
v 0.018804 0.182854 0.180458
v 0.026275 0.170691 0.146355
vn 0.0626 0.9197 -0.3876
vn 0.2283 0.9580 -0.1738
vn 0.2722 0.8864 -0.3744
f -3//-3 -2//-2 -1//-1
v 0.018994 -0.143418 0.184040
v 0.053786 -0.131562 0.187990
v 0.044256 -0.136894 0.222454
vn 0.2294 -0.9613 -0.1527
vn 0.4340 -0.8915 -0.1295
vn 0.3780 -0.9229 0.0733
f -3//-3 -2//-2 -1//-1
v 0.018804 0.182854 0.180458
v 0.044074 0.177205 0.219005
v 0.053611 0.171128 0.184667
vn 0.2283 0.9580 -0.1738
vn 0.3769 0.9247 0.0530
vn 0.4330 0.8890 -0.1490
f -3//-3 -2//-2 -1//-1
v 0.026451 -0.131998 0.149679
v 0.053786 -0.131562 0.187990
v 0.018994 -0.143418 0.184040
vn 0.2732 -0.8941 -0.3548
vn 0.4340 -0.8915 -0.1295
vn 0.2294 -0.9613 -0.1527
f -3//-3 -2//-2 -1//-1
v 0.026275 0.170691 0.146355
v 0.018804 0.182854 0.180458
v 0.053611 0.171128 0.184667
vn 0.2722 0.8864 -0.3744
vn 0.2283 0.9580 -0.1738
vn 0.4330 0.8890 -0.1490
f -3//-3 -2//-2 -1//-1
v 0.026451 -0.131998 0.149679
v 0.059980 -0.119375 0.154522
v 0.053786 -0.131562 0.187990
vn 0.2732 -0.8941 -0.3548
vn 0.4705 -0.8199 -0.3263
vn 0.4340 -0.8915 -0.1295
f -3//-3 -2//-2 -1//-1
v 0.026275 0.170691 0.146355
v 0.053611 0.171128 0.184667
v 0.059818 0.158216 0.151475
vn 0.2722 0.8864 -0.3744
vn 0.4330 0.8890 -0.1490
vn 0.4695 0.8130 -0.3443
f -3//-3 -2//-2 -1//-1
v -0.009178 -0.137748 0.147563
v -0.004340 -0.122355 0.118404
v 0.026451 -0.131998 0.149679
vn 0.0637 -0.9279 -0.3673
vn 0.0921 -0.8374 -0.5388
vn 0.2732 -0.8941 -0.3548
f -3//-3 -2//-2 -1//-1
v -0.009361 0.176351 0.144114
v 0.026275 0.170691 0.146355
v -0.004504 0.160327 0.115300
vn 0.0626 0.9197 -0.3876
vn 0.2722 0.8864 -0.3744
vn 0.0912 0.8255 -0.5571
f -3//-3 -2//-2 -1//-1
v 0.026451 -0.131998 0.149679
v 0.031700 -0.115034 0.120597
v 0.059980 -0.119375 0.154522
vn 0.2732 -0.8941 -0.3548
vn 0.3041 -0.7943 -0.5259
vn 0.4705 -0.8199 -0.3263
f -3//-3 -2//-2 -1//-1
v 0.026275 0.170691 0.146355
v 0.059818 0.158216 0.151475
v 0.031544 0.153098 0.117653
vn 0.2722 0.8864 -0.3744
vn 0.4695 0.8130 -0.3443
vn 0.3032 0.7829 -0.5432
f -3//-3 -2//-2 -1//-1
v -0.004340 -0.122355 0.118404
v 0.031700 -0.115034 0.120597
v 0.026451 -0.131998 0.149679
vn 0.0921 -0.8374 -0.5388
vn 0.3041 -0.7943 -0.5259
vn 0.2732 -0.8941 -0.3548
f -3//-3 -2//-2 -1//-1
v -0.004504 0.160327 0.115300
v 0.026275 0.170691 0.146355
v 0.031544 0.153098 0.117653
vn 0.0912 0.8255 -0.5571
vn 0.2722 0.8864 -0.3744
vn 0.3032 0.7829 -0.5432
f -3//-3 -2//-2 -1//-1
v -0.004340 -0.122355 0.118404
v -0.000103 -0.101491 0.092765
v 0.031700 -0.115034 0.120597
vn 0.0921 -0.8374 -0.5388
vn 0.1170 -0.7147 -0.6896
vn 0.3041 -0.7943 -0.5259
f -3//-3 -2//-2 -1//-1
v -0.004504 0.160327 0.115300
v 0.031544 0.153098 0.117653
v -0.000243 0.138910 0.090126
vn 0.0912 0.8255 -0.5571
vn 0.3032 0.7829 -0.5432
vn 0.1162 0.6995 -0.7051
f -3//-3 -2//-2 -1//-1
v 0.098632 -0.099914 0.231145
v 0.118221 -0.078209 0.197759
v 0.119469 -0.074104 0.234349
vn 0.6978 -0.7054 0.1244
vn 0.8131 -0.5777 -0.0720
vn 0.8204 -0.5536 0.1432
f -3//-3 -2//-2 -1//-1
v 0.098492 0.140487 0.228506
v 0.119359 0.114778 0.232275
v 0.118107 0.118077 0.195604
vn 0.6970 0.7087 0.1089
vn 0.8198 0.5575 0.1310
vn 0.8124 0.5769 -0.0847
f -3//-3 -2//-2 -1//-1
v 0.119469 -0.074104 0.234349
v 0.135177 -0.048800 0.200702
v 0.134946 -0.044678 0.236617
vn 0.8204 -0.5536 0.1432
vn 0.9128 -0.4047 -0.0547
vn 0.9114 -0.3805 0.1566
f -3//-3 -2//-2 -1//-1
v 0.119359 0.114778 0.232275
v 0.134871 0.085427 0.235189
v 0.135098 0.088760 0.199191
vn 0.8198 0.5575 0.1310
vn 0.9110 0.3849 0.1482
vn 0.9123 0.4045 -0.0636
f -3//-3 -2//-2 -1//-1
v 0.118221 -0.078209 0.197759
v 0.135177 -0.048800 0.200702
v 0.119469 -0.074104 0.234349
vn 0.8131 -0.5777 -0.0720
vn 0.9128 -0.4047 -0.0547
vn 0.8204 -0.5536 0.1432
f -3//-3 -2//-2 -1//-1
v 0.118107 0.118077 0.195604
v 0.119359 0.114778 0.232275
v 0.135098 0.088760 0.199191
vn 0.8124 0.5769 -0.0847
vn 0.8198 0.5575 0.1310
vn 0.9123 0.4045 -0.0636
f -3//-3 -2//-2 -1//-1
v 0.118221 -0.078209 0.197759
v 0.128391 -0.049812 0.165207
v 0.135177 -0.048800 0.200702
vn 0.8131 -0.5777 -0.0720
vn 0.8729 -0.4107 -0.2635
vn 0.9128 -0.4047 -0.0547
f -3//-3 -2//-2 -1//-1
v 0.118107 0.118077 0.195604
v 0.135098 0.088760 0.199191
v 0.128310 0.088984 0.163683
vn 0.8124 0.5769 -0.0847
vn 0.9123 0.4045 -0.0636
vn 0.8724 0.4058 -0.2725
f -3//-3 -2//-2 -1//-1
v 0.134946 -0.044678 0.236617
v 0.146504 -0.013760 0.203954
v 0.144469 -0.012766 0.237863
vn 0.9114 -0.3805 0.1566
vn 0.9794 -0.1986 -0.0356
vn 0.9675 -0.1927 0.1639
f -3//-3 -2//-2 -1//-1
v 0.134871 0.085427 0.235189
v 0.144431 0.053561 0.237134
v 0.146465 0.053813 0.203212
vn 0.9110 0.3849 0.1482
vn 0.9672 0.1974 0.1596
vn 0.9792 0.1989 -0.0399
f -3//-3 -2//-2 -1//-1
v 0.144469 -0.012766 0.237863
v 0.149920 0.020042 0.204789
v 0.147672 0.020405 0.238037
vn 0.9675 -0.1927 0.1639
vn 0.9995 0.0002 -0.0307
vn 0.9863 0.0024 0.1649
f -3//-3 -2//-2 -1//-1
v 0.144431 0.053561 0.237134
v 0.147672 0.020405 0.238037
v 0.149920 0.020042 0.204789
vn 0.9672 0.1974 0.1596
vn 0.9863 0.0024 0.1649
vn 0.9995 0.0002 -0.0307
f -3//-3 -2//-2 -1//-1
v 0.146504 -0.013760 0.203954
v 0.149920 0.020042 0.204789
v 0.144469 -0.012766 0.237863
vn 0.9794 -0.1986 -0.0356
vn 0.9995 0.0002 -0.0307
vn 0.9675 -0.1927 0.1639
f -3//-3 -2//-2 -1//-1
v 0.146465 0.053813 0.203212
v 0.144431 0.053561 0.237134
v 0.149920 0.020042 0.204789
vn 0.9792 0.1989 -0.0399
vn 0.9672 0.1974 0.1596
vn 0.9995 0.0002 -0.0307
f -3//-3 -2//-2 -1//-1
v 0.146504 -0.013760 0.203954
v 0.145639 0.019676 0.171742
v 0.149920 0.020042 0.204789
vn 0.9794 -0.1986 -0.0356
vn 0.9743 -0.0019 -0.2250
vn 0.9995 0.0002 -0.0307
f -3//-3 -2//-2 -1//-1
v 0.146465 0.053813 0.203212
v 0.149920 0.020042 0.204789
v 0.145639 0.019676 0.171742
vn 0.9792 0.1989 -0.0399
vn 0.9995 0.0002 -0.0307
vn 0.9743 -0.0019 -0.2250
f -3//-3 -2//-2 -1//-1
v 0.128391 -0.049812 0.165207
v 0.140647 -0.015879 0.167513
v 0.135177 -0.048800 0.200702
vn 0.8729 -0.4107 -0.2635
vn 0.9450 -0.2111 -0.2499
vn 0.9128 -0.4047 -0.0547
f -3//-3 -2//-2 -1//-1
v 0.128310 0.088984 0.163683
v 0.135098 0.088760 0.199191
v 0.140606 0.055124 0.166734
vn 0.8724 0.4058 -0.2725
vn 0.9123 0.4045 -0.0636
vn 0.9447 0.2066 -0.2545
f -3//-3 -2//-2 -1//-1
v 0.135177 -0.048800 0.200702
v 0.146504 -0.013760 0.203954
v 0.134946 -0.044678 0.236617
vn 0.9128 -0.4047 -0.0547
vn 0.9794 -0.1986 -0.0356
vn 0.9114 -0.3805 0.1566
f -3//-3 -2//-2 -1//-1
v 0.135098 0.088760 0.199191
v 0.134871 0.085427 0.235189
v 0.146465 0.053813 0.203212
vn 0.9123 0.4045 -0.0636
vn 0.9110 0.3849 0.1482
vn 0.9792 0.1989 -0.0399
f -3//-3 -2//-2 -1//-1
v 0.140647 -0.015879 0.167513
v 0.146504 -0.013760 0.203954
v 0.135177 -0.048800 0.200702
vn 0.9450 -0.2111 -0.2499
vn 0.9794 -0.1986 -0.0356
vn 0.9128 -0.4047 -0.0547
f -3//-3 -2//-2 -1//-1
v 0.140606 0.055124 0.166734
v 0.135098 0.088760 0.199191
v 0.146465 0.053813 0.203212
vn 0.9447 0.2066 -0.2545
vn 0.9123 0.4045 -0.0636
vn 0.9792 0.1989 -0.0399
f -3//-3 -2//-2 -1//-1
v 0.140647 -0.015879 0.167513
v 0.145639 0.019676 0.171742
v 0.146504 -0.013760 0.203954
vn 0.9450 -0.2111 -0.2499
vn 0.9743 -0.0019 -0.2250
vn 0.9794 -0.1986 -0.0356
f -3//-3 -2//-2 -1//-1
v 0.140606 0.055124 0.166734
v 0.146465 0.053813 0.203212
v 0.145639 0.019676 0.171742
vn 0.9447 0.2066 -0.2545
vn 0.9792 0.1989 -0.0399
vn 0.9743 -0.0019 -0.2250
f -3//-3 -2//-2 -1//-1
v 0.128391 -0.049812 0.165207
v 0.128448 -0.016657 0.135707
v 0.140647 -0.015879 0.167513
vn 0.8729 -0.4107 -0.2635
vn 0.8732 -0.2156 -0.4370
vn 0.9450 -0.2111 -0.2499
f -3//-3 -2//-2 -1//-1
v 0.128310 0.088984 0.163683
v 0.140606 0.055124 0.166734
v 0.128406 0.055189 0.134918
vn 0.8724 0.4058 -0.2725
vn 0.9447 0.2066 -0.2545
vn 0.8730 0.2070 -0.4417
f -3//-3 -2//-2 -1//-1
v 0.140647 -0.015879 0.167513
v 0.134992 0.019323 0.140164
v 0.145639 0.019676 0.171742
vn 0.9450 -0.2111 -0.2499
vn 0.9117 -0.0040 -0.4108
vn 0.9743 -0.0019 -0.2250
f -3//-3 -2//-2 -1//-1
v 0.140606 0.055124 0.166734
v 0.145639 0.019676 0.171742
v 0.134992 0.019323 0.140164
vn 0.9447 0.2066 -0.2545
vn 0.9743 -0.0019 -0.2250
vn 0.9117 -0.0040 -0.4108
f -3//-3 -2//-2 -1//-1
v 0.128448 -0.016657 0.135707
v 0.134992 0.019323 0.140164
v 0.140647 -0.015879 0.167513
vn 0.8732 -0.2156 -0.4370
vn 0.9117 -0.0040 -0.4108
vn 0.9450 -0.2111 -0.2499
f -3//-3 -2//-2 -1//-1
v 0.128406 0.055189 0.134918
v 0.140606 0.055124 0.166734
v 0.134992 0.019323 0.140164
vn 0.8730 0.2070 -0.4417
vn 0.9447 0.2066 -0.2545
vn 0.9117 -0.0040 -0.4108
f -3//-3 -2//-2 -1//-1
v 0.128448 -0.016657 0.135707
v 0.118389 0.018996 0.111271
v 0.134992 0.019323 0.140164
vn 0.8732 -0.2156 -0.4370
vn 0.8141 -0.0059 -0.5808
vn 0.9117 -0.0040 -0.4108
f -3//-3 -2//-2 -1//-1
v 0.128406 0.055189 0.134918
v 0.134992 0.019323 0.140164
v 0.118389 0.018996 0.111271
vn 0.8730 0.2070 -0.4417
vn 0.9117 -0.0040 -0.4108
vn 0.8141 -0.0059 -0.5808
f -3//-3 -2//-2 -1//-1
v -0.000103 -0.101491 0.092765
v 0.037605 -0.079497 0.084772
v 0.031700 -0.115034 0.120597
vn 0.1170 -0.7147 -0.6896
vn 0.3389 -0.5853 -0.7366
vn 0.3041 -0.7943 -0.5259
f -3//-3 -2//-2 -1//-1
v -0.000243 0.138910 0.090126
v 0.031544 0.153098 0.117653
v 0.037490 0.116790 0.082617
vn 0.1162 0.6995 -0.7051
vn 0.3032 0.7829 -0.5432
vn 0.3382 0.5694 -0.7493
f -3//-3 -2//-2 -1//-1
v 0.031700 -0.115034 0.120597
v 0.069493 -0.089720 0.115912
v 0.059980 -0.119375 0.154522
vn 0.3041 -0.7943 -0.5259
vn 0.5264 -0.6454 -0.5535
vn 0.4705 -0.8199 -0.3263
f -3//-3 -2//-2 -1//-1
v 0.031544 0.153098 0.117653
v 0.059818 0.158216 0.151475
v 0.069367 0.127731 0.113525
vn 0.3032 0.7829 -0.5432
vn 0.4695 0.8130 -0.3443
vn 0.5257 0.6337 -0.5675
f -3//-3 -2//-2 -1//-1
v 0.037605 -0.079497 0.084772
v 0.069493 -0.089720 0.115912
v 0.031700 -0.115034 0.120597
vn 0.3389 -0.5853 -0.7366
vn 0.5264 -0.6454 -0.5535
vn 0.3041 -0.7943 -0.5259
f -3//-3 -2//-2 -1//-1
v 0.037490 0.116790 0.082617
v 0.031544 0.153098 0.117653
v 0.069367 0.127731 0.113525
vn 0.3382 0.5694 -0.7493
vn 0.3032 0.7829 -0.5432
vn 0.5257 0.6337 -0.5675
f -3//-3 -2//-2 -1//-1
v 0.037605 -0.079497 0.084772
v 0.071386 -0.050722 0.085313
v 0.069493 -0.089720 0.115912
vn 0.3389 -0.5853 -0.7366
vn 0.5376 -0.4160 -0.7335
vn 0.5264 -0.6454 -0.5535
f -3//-3 -2//-2 -1//-1
v 0.037490 0.116790 0.082617
v 0.069367 0.127731 0.113525
v 0.071306 0.088073 0.083789
vn 0.3382 0.5694 -0.7493
vn 0.5257 0.6337 -0.5675
vn 0.5371 0.4004 -0.7424
f -3//-3 -2//-2 -1//-1
v 0.059980 -0.119375 0.154522
v 0.099263 -0.089244 0.157635
v 0.082809 -0.114218 0.192228
vn 0.4705 -0.8199 -0.3263
vn 0.7015 -0.6426 -0.3080
vn 0.6048 -0.7895 -0.1045
f -3//-3 -2//-2 -1//-1
v 0.059818 0.158216 0.151475
v 0.082653 0.153915 0.189284
v 0.099136 0.128207 0.155248
vn 0.4695 0.8130 -0.3443
vn 0.6038 0.7877 -0.1219
vn 0.7008 0.6365 -0.3221
f -3//-3 -2//-2 -1//-1
v 0.082809 -0.114218 0.192228
v 0.118221 -0.078209 0.197759
v 0.098632 -0.099914 0.231145
vn 0.6048 -0.7895 -0.1045
vn 0.8131 -0.5777 -0.0720
vn 0.6978 -0.7054 0.1244
f -3//-3 -2//-2 -1//-1
v 0.082653 0.153915 0.189284
v 0.098492 0.140487 0.228506
v 0.118107 0.118077 0.195604
vn 0.6038 0.7877 -0.1219
vn 0.6970 0.7087 0.1089
vn 0.8124 0.5769 -0.0847
f -3//-3 -2//-2 -1//-1
v 0.099263 -0.089244 0.157635
v 0.118221 -0.078209 0.197759
v 0.082809 -0.114218 0.192228
vn 0.7015 -0.6426 -0.3080
vn 0.8131 -0.5777 -0.0720
vn 0.6048 -0.7895 -0.1045
f -3//-3 -2//-2 -1//-1
v 0.099136 0.128207 0.155248
v 0.082653 0.153915 0.189284
v 0.118107 0.118077 0.195604
vn 0.7008 0.6365 -0.3221
vn 0.6038 0.7877 -0.1219
vn 0.8124 0.5769 -0.0847
f -3//-3 -2//-2 -1//-1
v 0.099263 -0.089244 0.157635
v 0.128391 -0.049812 0.165207
v 0.118221 -0.078209 0.197759
vn 0.7015 -0.6426 -0.3080
vn 0.8729 -0.4107 -0.2635
vn 0.8131 -0.5777 -0.0720
f -3//-3 -2//-2 -1//-1
v 0.099136 0.128207 0.155248
v 0.118107 0.118077 0.195604
v 0.128310 0.088984 0.163683
vn 0.7008 0.6365 -0.3221
vn 0.8124 0.5769 -0.0847
vn 0.8724 0.4058 -0.2725
f -3//-3 -2//-2 -1//-1
v 0.071386 -0.050722 0.085313
v 0.105220 -0.053391 0.121492
v 0.069493 -0.089720 0.115912
vn 0.5376 -0.4160 -0.7335
vn 0.7366 -0.4317 -0.5206
vn 0.5264 -0.6454 -0.5535
f -3//-3 -2//-2 -1//-1
v 0.071306 0.088073 0.083789
v 0.069367 0.127731 0.113525
v 0.105135 0.091576 0.119900
vn 0.5371 0.4004 -0.7424
vn 0.5257 0.6337 -0.5675
vn 0.7361 0.4210 -0.5300
f -3//-3 -2//-2 -1//-1
v 0.069493 -0.089720 0.115912
v 0.099263 -0.089244 0.157635
v 0.059980 -0.119375 0.154522
vn 0.5264 -0.6454 -0.5535
vn 0.7015 -0.6426 -0.3080
vn 0.4705 -0.8199 -0.3263
f -3//-3 -2//-2 -1//-1
v 0.069367 0.127731 0.113525
v 0.059818 0.158216 0.151475
v 0.099136 0.128207 0.155248
vn 0.5257 0.6337 -0.5675
vn 0.4695 0.8130 -0.3443
vn 0.7008 0.6365 -0.3221
f -3//-3 -2//-2 -1//-1
v 0.105220 -0.053391 0.121492
v 0.099263 -0.089244 0.157635
v 0.069493 -0.089720 0.115912
vn 0.7366 -0.4317 -0.5206
vn 0.7015 -0.6426 -0.3080
vn 0.5264 -0.6454 -0.5535
f -3//-3 -2//-2 -1//-1
v 0.105135 0.091576 0.119900
v 0.069367 0.127731 0.113525
v 0.099136 0.128207 0.155248
vn 0.7361 0.4210 -0.5300
vn 0.5257 0.6337 -0.5675
vn 0.7008 0.6365 -0.3221
f -3//-3 -2//-2 -1//-1
v 0.105220 -0.053391 0.121492
v 0.128391 -0.049812 0.165207
v 0.099263 -0.089244 0.157635
vn 0.7366 -0.4317 -0.5206
vn 0.8729 -0.4107 -0.2635
vn 0.7015 -0.6426 -0.3080
f -3//-3 -2//-2 -1//-1
v 0.105135 0.091576 0.119900
v 0.099136 0.128207 0.155248
v 0.128310 0.088984 0.163683
vn 0.7361 0.4210 -0.5300
vn 0.7008 0.6365 -0.3221
vn 0.8724 0.4058 -0.2725
f -3//-3 -2//-2 -1//-1
v 0.071386 -0.050722 0.085313
v 0.098940 -0.017128 0.094351
v 0.105220 -0.053391 0.121492
vn 0.5376 -0.4160 -0.7335
vn 0.6996 -0.2184 -0.6803
vn 0.7366 -0.4317 -0.5206
f -3//-3 -2//-2 -1//-1
v 0.071306 0.088073 0.083789
v 0.105135 0.091576 0.119900
v 0.098899 0.054718 0.093562
vn 0.5371 0.4004 -0.7424
vn 0.7361 0.4210 -0.5300
vn 0.6994 0.2042 -0.6849
f -3//-3 -2//-2 -1//-1
v 0.105220 -0.053391 0.121492
v 0.128448 -0.016657 0.135707
v 0.128391 -0.049812 0.165207
vn 0.7366 -0.4317 -0.5206
vn 0.8732 -0.2156 -0.4370
vn 0.8729 -0.4107 -0.2635
f -3//-3 -2//-2 -1//-1
v 0.105135 0.091576 0.119900
v 0.128310 0.088984 0.163683
v 0.128406 0.055189 0.134918
vn 0.7361 0.4210 -0.5300
vn 0.8724 0.4058 -0.2725
vn 0.8730 0.2070 -0.4417
f -3//-3 -2//-2 -1//-1
v 0.098940 -0.017128 0.094351
v 0.128448 -0.016657 0.135707
v 0.105220 -0.053391 0.121492
vn 0.6996 -0.2184 -0.6803
vn 0.8732 -0.2156 -0.4370
vn 0.7366 -0.4317 -0.5206
f -3//-3 -2//-2 -1//-1
v 0.098899 0.054718 0.093562
v 0.105135 0.091576 0.119900
v 0.128406 0.055189 0.134918
vn 0.6994 0.2042 -0.6849
vn 0.7361 0.4210 -0.5300
vn 0.8730 0.2070 -0.4417
f -3//-3 -2//-2 -1//-1
v 0.098940 -0.017128 0.094351
v 0.118389 0.018996 0.111271
v 0.128448 -0.016657 0.135707
vn 0.6996 -0.2184 -0.6803
vn 0.8141 -0.0059 -0.5808
vn 0.8732 -0.2156 -0.4370
f -3//-3 -2//-2 -1//-1
v 0.098899 0.054718 0.093562
v 0.128406 0.055189 0.134918
v 0.118389 0.018996 0.111271
vn 0.6994 0.2042 -0.6849
vn 0.8730 0.2070 -0.4417
vn 0.8141 -0.0059 -0.5808
f -3//-3 -2//-2 -1//-1
v -0.000103 -0.101491 0.092765
v 0.003369 -0.075958 0.071631
v 0.037605 -0.079497 0.084772
vn 0.1170 -0.7147 -0.6896
vn 0.1375 -0.5645 -0.8139
vn 0.3389 -0.5853 -0.7366
f -3//-3 -2//-2 -1//-1
v -0.000243 0.138910 0.090126
v 0.037490 0.116790 0.082617
v 0.003259 0.112924 0.069557
vn 0.1162 0.6995 -0.7051
vn 0.3382 0.5694 -0.7493
vn 0.1368 0.5466 -0.8261
f -3//-3 -2//-2 -1//-1
v 0.037605 -0.079497 0.084772
v 0.040022 -0.050320 0.067338
v 0.071386 -0.050722 0.085313
vn 0.3389 -0.5853 -0.7366
vn 0.3531 -0.4136 -0.8392
vn 0.5376 -0.4160 -0.7335
f -3//-3 -2//-2 -1//-1
v 0.037490 0.116790 0.082617
v 0.071306 0.088073 0.083789
v 0.039942 0.087240 0.065828
vn 0.3382 0.5694 -0.7493
vn 0.5371 0.4004 -0.7424
vn 0.3526 0.3955 -0.8481
f -3//-3 -2//-2 -1//-1
v 0.003369 -0.075958 0.071631
v 0.040022 -0.050320 0.067338
v 0.037605 -0.079497 0.084772
vn 0.1375 -0.5645 -0.8139
vn 0.3531 -0.4136 -0.8392
vn 0.3389 -0.5853 -0.7366
f -3//-3 -2//-2 -1//-1
v 0.003259 0.112924 0.069557
v 0.037490 0.116790 0.082617
v 0.039942 0.087240 0.065828
vn 0.1368 0.5466 -0.8261
vn 0.3382 0.5694 -0.7493
vn 0.3526 0.3955 -0.8481
f -3//-3 -2//-2 -1//-1
v 0.003369 -0.075958 0.071631
v 0.005943 -0.046738 0.055815
v 0.040022 -0.050320 0.067338
vn 0.1375 -0.5645 -0.8139
vn 0.1526 -0.3926 -0.9070
vn 0.3531 -0.4136 -0.8392
f -3//-3 -2//-2 -1//-1
v 0.003259 0.112924 0.069557
v 0.039942 0.087240 0.065828
v 0.005868 0.083366 0.054387
vn 0.1368 0.5466 -0.8261
vn 0.3526 0.3955 -0.8481
vn 0.1522 0.3727 -0.9154
f -3//-3 -2//-2 -1//-1
v 0.071386 -0.050722 0.085313
v 0.072827 -0.016962 0.072461
v 0.098940 -0.017128 0.094351
vn 0.5376 -0.4160 -0.7335
vn 0.5460 -0.2174 -0.8091
vn 0.6996 -0.2184 -0.6803
f -3//-3 -2//-2 -1//-1
v 0.071306 0.088073 0.083789
v 0.098899 0.054718 0.093562
v 0.072786 0.054041 0.071682
vn 0.5371 0.4004 -0.7424
vn 0.6994 0.2042 -0.6849
vn 0.5458 0.2002 -0.8136
f -3//-3 -2//-2 -1//-1
v 0.098940 -0.017128 0.094351
v 0.096468 0.018708 0.086171
v 0.118389 0.018996 0.111271
vn 0.6996 -0.2184 -0.6803
vn 0.6851 -0.0076 -0.7284
vn 0.8141 -0.0059 -0.5808
f -3//-3 -2//-2 -1//-1
v 0.098899 0.054718 0.093562
v 0.118389 0.018996 0.111271
v 0.096468 0.018708 0.086171
vn 0.6994 0.2042 -0.6849
vn 0.8141 -0.0059 -0.5808
vn 0.6851 -0.0076 -0.7284
f -3//-3 -2//-2 -1//-1
v 0.072827 -0.016962 0.072461
v 0.096468 0.018708 0.086171
v 0.098940 -0.017128 0.094351
vn 0.5460 -0.2174 -0.8091
vn 0.6851 -0.0076 -0.7284
vn 0.6996 -0.2184 -0.6803
f -3//-3 -2//-2 -1//-1
v 0.072786 0.054041 0.071682
v 0.098899 0.054718 0.093562
v 0.096468 0.018708 0.086171
vn 0.5458 0.2002 -0.8136
vn 0.6994 0.2042 -0.6849
vn 0.6851 -0.0076 -0.7284
f -3//-3 -2//-2 -1//-1
v 0.072827 -0.016962 0.072461
v 0.070071 0.018469 0.065830
v 0.096468 0.018708 0.086171
vn 0.5460 -0.2174 -0.8091
vn 0.5298 -0.0090 -0.8481
vn 0.6851 -0.0076 -0.7284
f -3//-3 -2//-2 -1//-1
v 0.072786 0.054041 0.071682
v 0.096468 0.018708 0.086171
v 0.070071 0.018469 0.065830
vn 0.5458 0.2002 -0.8136
vn 0.6851 -0.0076 -0.7284
vn 0.5298 -0.0090 -0.8481
f -3//-3 -2//-2 -1//-1
v 0.005943 -0.046738 0.055815
v 0.040255 -0.015457 0.055041
v 0.040022 -0.050320 0.067338
vn 0.1526 -0.3926 -0.9070
vn 0.3544 -0.2086 -0.9115
vn 0.3531 -0.4136 -0.8392
f -3//-3 -2//-2 -1//-1
v 0.005868 0.083366 0.054387
v 0.039942 0.087240 0.065828
v 0.040216 0.052116 0.054300
vn 0.1522 0.3727 -0.9154
vn 0.3526 0.3955 -0.8481
vn 0.3542 0.1889 -0.9159
f -3//-3 -2//-2 -1//-1
v 0.040022 -0.050320 0.067338
v 0.072827 -0.016962 0.072461
v 0.071386 -0.050722 0.085313
vn 0.3531 -0.4136 -0.8392
vn 0.5460 -0.2174 -0.8091
vn 0.5376 -0.4160 -0.7335
f -3//-3 -2//-2 -1//-1
v 0.039942 0.087240 0.065828
v 0.071306 0.088073 0.083789
v 0.072786 0.054041 0.071682
vn 0.3526 0.3955 -0.8481
vn 0.5371 0.4004 -0.7424
vn 0.5458 0.2002 -0.8136
f -3//-3 -2//-2 -1//-1
v 0.040255 -0.015457 0.055041
v 0.072827 -0.016962 0.072461
v 0.040022 -0.050320 0.067338
vn 0.3544 -0.2086 -0.9115
vn 0.5460 -0.2174 -0.8091
vn 0.3531 -0.4136 -0.8392
f -3//-3 -2//-2 -1//-1
v 0.040216 0.052116 0.054300
v 0.039942 0.087240 0.065828
v 0.072786 0.054041 0.071682
vn 0.3542 0.1889 -0.9159
vn 0.3526 0.3955 -0.8481
vn 0.5458 0.2002 -0.8136
f -3//-3 -2//-2 -1//-1
v 0.040255 -0.015457 0.055041
v 0.070071 0.018469 0.065830
v 0.072827 -0.016962 0.072461
vn 0.3544 -0.2086 -0.9115
vn 0.5298 -0.0090 -0.8481
vn 0.5460 -0.2174 -0.8091
f -3//-3 -2//-2 -1//-1
v 0.040216 0.052116 0.054300
v 0.072786 0.054041 0.071682
v 0.070071 0.018469 0.065830
vn 0.3542 0.1889 -0.9159
vn 0.5458 0.2002 -0.8136
vn 0.5298 -0.0090 -0.8481
f -3//-3 -2//-2 -1//-1
v 0.005943 -0.046738 0.055815
v 0.007520 -0.014953 0.045924
v 0.040255 -0.015457 0.055041
vn 0.1526 -0.3926 -0.9070
vn 0.1619 -0.2056 -0.9652
vn 0.3544 -0.2086 -0.9115
f -3//-3 -2//-2 -1//-1
v 0.005868 0.083366 0.054387
v 0.040216 0.052116 0.054300
v 0.007482 0.051374 0.045196
vn 0.1522 0.3727 -0.9154
vn 0.3542 0.1889 -0.9159
vn 0.1617 0.1846 -0.9694
f -3//-3 -2//-2 -1//-1
v 0.040255 -0.015457 0.055041
v 0.040212 0.018289 0.051030
v 0.070071 0.018469 0.065830
vn 0.3544 -0.2086 -0.9115
vn 0.3542 -0.0101 -0.9351
vn 0.5298 -0.0090 -0.8481
f -3//-3 -2//-2 -1//-1
v 0.040216 0.052116 0.054300
v 0.070071 0.018469 0.065830
v 0.040212 0.018289 0.051030
vn 0.3542 0.1889 -0.9159
vn 0.5298 -0.0090 -0.8481
vn 0.3542 -0.0101 -0.9351
f -3//-3 -2//-2 -1//-1
v 0.007520 -0.014953 0.045924
v 0.040212 0.018289 0.051030
v 0.040255 -0.015457 0.055041
vn 0.1619 -0.2056 -0.9652
vn 0.3542 -0.0101 -0.9351
vn 0.3544 -0.2086 -0.9115
f -3//-3 -2//-2 -1//-1
v 0.007482 0.051374 0.045196
v 0.040216 0.052116 0.054300
v 0.040212 0.018289 0.051030
vn 0.1617 0.1846 -0.9694
vn 0.3542 0.1889 -0.9159
vn 0.3542 -0.0101 -0.9351
f -3//-3 -2//-2 -1//-1
v 0.007520 -0.014953 0.045924
v 0.008040 0.018175 0.042338
v 0.040212 0.018289 0.051030
vn 0.1619 -0.2056 -0.9652
vn 0.1649 -0.0107 -0.9862
vn 0.3542 -0.0101 -0.9351
f -3//-3 -2//-2 -1//-1
v 0.007482 0.051374 0.045196
v 0.040212 0.018289 0.051030
v 0.008040 0.018175 0.042338
vn 0.1617 0.1846 -0.9694
vn 0.3542 -0.0101 -0.9351
vn 0.1649 -0.0107 -0.9862
f -3//-3 -2//-2 -1//-1
v -0.019901 -0.149989 0.211866
v -0.052614 -0.146802 0.206361
v -0.014433 -0.147079 0.179121
vn 0.0006 -0.9999 0.0110
vn -0.1918 -0.9812 -0.0214
vn 0.0327 -0.9828 -0.1816
f -3//-3 -2//-2 -1//-1
v -0.020099 0.189989 0.208134
v -0.014627 0.186367 0.175460
v -0.052808 0.186644 0.202700
vn -0.0006 0.9999 -0.0110
vn 0.0316 0.9786 -0.2032
vn -0.1930 0.9803 -0.0429
f -3//-3 -2//-2 -1//-1
v -0.014433 -0.147079 0.179121
v -0.047658 -0.143579 0.172895
v -0.009178 -0.137748 0.147563
vn 0.0327 -0.9828 -0.1816
vn -0.1627 -0.9622 -0.2183
vn 0.0637 -0.9279 -0.3673
f -3//-3 -2//-2 -1//-1
v -0.014627 0.186367 0.175460
v -0.009361 0.176351 0.144114
v -0.047848 0.182693 0.169312
vn 0.0316 0.9786 -0.2032
vn 0.0626 0.9197 -0.3876
vn -0.1638 0.9570 -0.2393
f -3//-3 -2//-2 -1//-1
v -0.052614 -0.146802 0.206361
v -0.047658 -0.143579 0.172895
v -0.014433 -0.147079 0.179121
vn -0.1918 -0.9812 -0.0214
vn -0.1627 -0.9622 -0.2183
vn 0.0327 -0.9828 -0.1816
f -3//-3 -2//-2 -1//-1
v -0.052808 0.186644 0.202700
v -0.014627 0.186367 0.175460
v -0.047848 0.182693 0.169312
vn -0.1930 0.9803 -0.0429
vn 0.0316 0.9786 -0.2032
vn -0.1638 0.9570 -0.2393
f -3//-3 -2//-2 -1//-1
v -0.052614 -0.146802 0.206361
v -0.084074 -0.137205 0.200995
v -0.047658 -0.143579 0.172895
vn -0.1918 -0.9812 -0.0214
vn -0.3769 -0.9247 -0.0530
vn -0.1627 -0.9622 -0.2183
f -3//-3 -2//-2 -1//-1
v -0.052808 0.186644 0.202700
v -0.047848 0.182693 0.169312
v -0.084256 0.176894 0.197546
vn -0.1930 0.9803 -0.0429
vn -0.1638 0.9570 -0.2393
vn -0.3780 0.9229 -0.0733
f -3//-3 -2//-2 -1//-1
v -0.009178 -0.137748 0.147563
v -0.043584 -0.132168 0.137968
v -0.004340 -0.122355 0.118404
vn 0.0637 -0.9279 -0.3673
vn -0.1387 -0.8951 -0.4237
vn 0.0921 -0.8374 -0.5388
f -3//-3 -2//-2 -1//-1
v -0.009361 0.176351 0.144114
v -0.004504 0.160327 0.115300
v -0.043760 0.170522 0.134644
vn 0.0626 0.9197 -0.3876
vn 0.0912 0.8255 -0.5571
vn -0.1398 0.8854 -0.4433
f -3//-3 -2//-2 -1//-1
v -0.004340 -0.122355 0.118404
v -0.039167 -0.115205 0.108748
v -0.000103 -0.101491 0.092765
vn 0.0921 -0.8374 -0.5388
vn -0.1127 -0.7953 -0.5956
vn 0.1170 -0.7147 -0.6896
f -3//-3 -2//-2 -1//-1
v -0.004504 0.160327 0.115300
v -0.000243 0.138910 0.090126
v -0.039322 0.152927 0.105804
vn 0.0912 0.8255 -0.5571
vn 0.1162 0.6995 -0.7051
vn -0.1137 0.7819 -0.6129
f -3//-3 -2//-2 -1//-1
v -0.043584 -0.132168 0.137968
v -0.039167 -0.115205 0.108748
v -0.004340 -0.122355 0.118404
vn -0.1387 -0.8951 -0.4237
vn -0.1127 -0.7953 -0.5956
vn 0.0921 -0.8374 -0.5388
f -3//-3 -2//-2 -1//-1
v -0.043760 0.170522 0.134644
v -0.004504 0.160327 0.115300
v -0.039322 0.152927 0.105804
vn -0.1398 0.8854 -0.4433
vn 0.0912 0.8255 -0.5571
vn -0.1137 0.7819 -0.6129
f -3//-3 -2//-2 -1//-1
v -0.043584 -0.132168 0.137968
v -0.076924 -0.119706 0.131630
v -0.039167 -0.115205 0.108748
vn -0.1387 -0.8951 -0.4237
vn -0.3348 -0.8218 -0.4610
vn -0.1127 -0.7953 -0.5956
f -3//-3 -2//-2 -1//-1
v -0.043760 0.170522 0.134644
v -0.039322 0.152927 0.105804
v -0.077085 0.157885 0.128582
vn -0.1398 0.8854 -0.4433
vn -0.1137 0.7819 -0.6129
vn -0.3358 0.8111 -0.4789
f -3//-3 -2//-2 -1//-1
v -0.084074 -0.137205 0.200995
v -0.081899 -0.131890 0.165302
v -0.047658 -0.143579 0.172895
vn -0.3769 -0.9247 -0.0530
vn -0.3641 -0.8935 -0.2629
vn -0.1627 -0.9622 -0.2183
f -3//-3 -2//-2 -1//-1
v -0.084256 0.176894 0.197546
v -0.047848 0.182693 0.169312
v -0.082074 0.170800 0.161979
vn -0.3780 0.9229 -0.0733
vn -0.1638 0.9570 -0.2393
vn -0.3651 0.8871 -0.2825
f -3//-3 -2//-2 -1//-1
v -0.047658 -0.143579 0.172895
v -0.043584 -0.132168 0.137968
v -0.009178 -0.137748 0.147563
vn -0.1627 -0.9622 -0.2183
vn -0.1387 -0.8951 -0.4237
vn 0.0637 -0.9279 -0.3673
f -3//-3 -2//-2 -1//-1
v -0.047848 0.182693 0.169312
v -0.009361 0.176351 0.144114
v -0.043760 0.170522 0.134644
vn -0.1638 0.9570 -0.2393
vn 0.0626 0.9197 -0.3876
vn -0.1398 0.8854 -0.4433
f -3//-3 -2//-2 -1//-1
v -0.081899 -0.131890 0.165302
v -0.043584 -0.132168 0.137968
v -0.047658 -0.143579 0.172895
vn -0.3641 -0.8935 -0.2629
vn -0.1387 -0.8951 -0.4237
vn -0.1627 -0.9622 -0.2183
f -3//-3 -2//-2 -1//-1
v -0.082074 0.170800 0.161979
v -0.047848 0.182693 0.169312
v -0.043760 0.170522 0.134644
vn -0.3651 0.8871 -0.2825
vn -0.1638 0.9570 -0.2393
vn -0.1398 0.8854 -0.4433
f -3//-3 -2//-2 -1//-1
v -0.081899 -0.131890 0.165302
v -0.076924 -0.119706 0.131630
v -0.043584 -0.132168 0.137968
vn -0.3641 -0.8935 -0.2629
vn -0.3348 -0.8218 -0.4610
vn -0.1387 -0.8951 -0.4237
f -3//-3 -2//-2 -1//-1
v -0.082074 0.170800 0.161979
v -0.043760 0.170522 0.134644
v -0.077085 0.157885 0.128582
vn -0.3651 0.8871 -0.2825
vn -0.1398 0.8854 -0.4433
vn -0.3358 0.8111 -0.4789
f -3//-3 -2//-2 -1//-1
v -0.084074 -0.137205 0.200995
v -0.113071 -0.121566 0.195975
v -0.081899 -0.131890 0.165302
vn -0.3769 -0.9247 -0.0530
vn -0.5475 -0.8327 -0.0825
vn -0.3641 -0.8935 -0.2629
f -3//-3 -2//-2 -1//-1
v -0.084256 0.176894 0.197546
v -0.082074 0.170800 0.161979
v -0.113236 0.161116 0.192872
vn -0.3780 0.9229 -0.0733
vn -0.3651 0.8871 -0.2825
vn -0.5484 0.8301 -0.1008
f -3//-3 -2//-2 -1//-1
v -0.081899 -0.131890 0.165302
v -0.110802 -0.114686 0.159854
v -0.076924 -0.119706 0.131630
vn -0.3641 -0.8935 -0.2629
vn -0.5341 -0.7923 -0.2950
vn -0.3348 -0.8218 -0.4610
f -3//-3 -2//-2 -1//-1
v -0.082074 0.170800 0.161979
v -0.077085 0.157885 0.128582
v -0.110958 0.153447 0.156910
vn -0.3651 0.8871 -0.2825
vn -0.3358 0.8111 -0.4789
vn -0.5350 0.7850 -0.3123
f -3//-3 -2//-2 -1//-1
v -0.113071 -0.121566 0.195975
v -0.110802 -0.114686 0.159854
v -0.081899 -0.131890 0.165302
vn -0.5475 -0.8327 -0.0825
vn -0.5341 -0.7923 -0.2950
vn -0.3641 -0.8935 -0.2629
f -3//-3 -2//-2 -1//-1
v -0.113236 0.161116 0.192872
v -0.082074 0.170800 0.161979
v -0.110958 0.153447 0.156910
vn -0.5484 0.8301 -0.1008
vn -0.3651 0.8871 -0.2825
vn -0.5350 0.7850 -0.3123
f -3//-3 -2//-2 -1//-1
v -0.113071 -0.121566 0.195975
v -0.138492 -0.100487 0.191495
v -0.110802 -0.114686 0.159854
vn -0.5475 -0.8327 -0.0825
vn -0.6970 -0.7087 -0.1089
vn -0.5341 -0.7923 -0.2950
f -3//-3 -2//-2 -1//-1
v -0.113236 0.161116 0.192872
v -0.110958 0.153447 0.156910
v -0.138632 0.139914 0.188855
vn -0.5484 0.8301 -0.1008
vn -0.5350 0.7850 -0.3123
vn -0.6978 0.7054 -0.1244
f -3//-3 -2//-2 -1//-1
v -0.000103 -0.101491 0.092765
v -0.033262 -0.079668 0.072922
v 0.003369 -0.075958 0.071631
vn 0.1170 -0.7147 -0.6896
vn -0.0780 -0.5863 -0.8063
vn 0.1375 -0.5645 -0.8139
f -3//-3 -2//-2 -1//-1
v -0.000243 0.138910 0.090126
v 0.003259 0.112924 0.069557
v -0.033376 0.116619 0.070767
vn 0.1162 0.6995 -0.7051
vn 0.1368 0.5466 -0.8261
vn -0.0787 0.5683 -0.8190
f -3//-3 -2//-2 -1//-1
v 0.003369 -0.075958 0.071631
v -0.030013 -0.050489 0.055627
v 0.005943 -0.046738 0.055815
vn 0.1375 -0.5645 -0.8139
vn -0.0589 -0.4146 -0.9081
vn 0.1526 -0.3926 -0.9070
f -3//-3 -2//-2 -1//-1
v 0.003259 0.112924 0.069557
v 0.005868 0.083366 0.054387
v -0.030093 0.087071 0.054117
vn 0.1368 0.5466 -0.8261
vn 0.1522 0.3727 -0.9154
vn -0.0594 0.3945 -0.9170
f -3//-3 -2//-2 -1//-1
v -0.033262 -0.079668 0.072922
v -0.030013 -0.050489 0.055627
v 0.003369 -0.075958 0.071631
vn -0.0780 -0.5863 -0.8063
vn -0.0589 -0.4146 -0.9081
vn 0.1375 -0.5645 -0.8139
f -3//-3 -2//-2 -1//-1
v -0.033376 0.116619 0.070767
v 0.003259 0.112924 0.069557
v -0.030093 0.087071 0.054117
vn -0.0787 0.5683 -0.8190
vn 0.1368 0.5466 -0.8261
vn -0.0594 0.3945 -0.9170
f -3//-3 -2//-2 -1//-1
v -0.033262 -0.079668 0.072922
v -0.065517 -0.051053 0.062421
v -0.030013 -0.050489 0.055627
vn -0.0780 -0.5863 -0.8063
vn -0.2677 -0.4180 -0.8681
vn -0.0589 -0.4146 -0.9081
f -3//-3 -2//-2 -1//-1
v -0.033376 0.116619 0.070767
v -0.030093 0.087071 0.054117
v -0.065598 0.087743 0.060897
vn -0.0787 0.5683 -0.8190
vn -0.0594 0.3945 -0.9170
vn -0.2682 0.3985 -0.8771
f -3//-3 -2//-2 -1//-1
v 0.005943 -0.046738 0.055815
v -0.026397 -0.015618 0.043896
v 0.007520 -0.014953 0.045924
vn 0.1526 -0.3926 -0.9070
vn -0.0376 -0.2095 -0.9771
vn 0.1619 -0.2056 -0.9652
f -3//-3 -2//-2 -1//-1
v 0.005868 0.083366 0.054387
v 0.007482 0.051374 0.045196
v -0.026436 0.051955 0.043154
vn 0.1522 0.3727 -0.9154
vn 0.1617 0.1846 -0.9694
vn -0.0379 0.1880 -0.9814
f -3//-3 -2//-2 -1//-1
v 0.007520 -0.014953 0.045924
v -0.025210 0.018131 0.040090
v 0.008040 0.018175 0.042338
vn 0.1619 -0.2056 -0.9652
vn -0.0306 -0.0110 -0.9995
vn 0.1649 -0.0107 -0.9862
f -3//-3 -2//-2 -1//-1
v 0.007482 0.051374 0.045196
v 0.008040 0.018175 0.042338
v -0.025210 0.018131 0.040090
vn 0.1617 0.1846 -0.9694
vn 0.1649 -0.0107 -0.9862
vn -0.0306 -0.0110 -0.9995
f -3//-3 -2//-2 -1//-1
v -0.026397 -0.015618 0.043896
v -0.025210 0.018131 0.040090
v 0.007520 -0.014953 0.045924
vn -0.0376 -0.2095 -0.9771
vn -0.0306 -0.0110 -0.9995
vn 0.1619 -0.2056 -0.9652
f -3//-3 -2//-2 -1//-1
v -0.026436 0.051955 0.043154
v 0.007482 0.051374 0.045196
v -0.025210 0.018131 0.040090
vn -0.0379 0.1880 -0.9814
vn 0.1617 0.1846 -0.9694
vn -0.0306 -0.0110 -0.9995
f -3//-3 -2//-2 -1//-1
v -0.026397 -0.015618 0.043896
v -0.058260 0.018159 0.044371
v -0.025210 0.018131 0.040090
vn -0.0376 -0.2095 -0.9771
vn -0.2251 -0.0108 -0.9743
vn -0.0306 -0.0110 -0.9995
f -3//-3 -2//-2 -1//-1
v -0.026436 0.051955 0.043154
v -0.025210 0.018131 0.040090
v -0.058260 0.018159 0.044371
vn -0.0379 0.1880 -0.9814
vn -0.0306 -0.0110 -0.9995
vn -0.2251 -0.0108 -0.9743
f -3//-3 -2//-2 -1//-1
v -0.065517 -0.051053 0.062421
v -0.062858 -0.017290 0.049773
v -0.030013 -0.050489 0.055627
vn -0.2677 -0.4180 -0.8681
vn -0.2521 -0.2194 -0.9425
vn -0.0589 -0.4146 -0.9081
f -3//-3 -2//-2 -1//-1
v -0.065598 0.087743 0.060897
v -0.030093 0.087071 0.054117
v -0.062899 0.053713 0.048993
vn -0.2682 0.3985 -0.8771
vn -0.0594 0.3945 -0.9170
vn -0.2523 0.1983 -0.9471
f -3//-3 -2//-2 -1//-1
v -0.030013 -0.050489 0.055627
v -0.026397 -0.015618 0.043896
v 0.005943 -0.046738 0.055815
vn -0.0589 -0.4146 -0.9081
vn -0.0376 -0.2095 -0.9771
vn 0.1526 -0.3926 -0.9070
f -3//-3 -2//-2 -1//-1
v -0.030093 0.087071 0.054117
v 0.005868 0.083366 0.054387
v -0.026436 0.051955 0.043154
vn -0.0594 0.3945 -0.9170
vn 0.1522 0.3727 -0.9154
vn -0.0379 0.1880 -0.9814
f -3//-3 -2//-2 -1//-1
v -0.062858 -0.017290 0.049773
v -0.026397 -0.015618 0.043896
v -0.030013 -0.050489 0.055627
vn -0.2521 -0.2194 -0.9425
vn -0.0376 -0.2095 -0.9771
vn -0.0589 -0.4146 -0.9081
f -3//-3 -2//-2 -1//-1
v -0.062899 0.053713 0.048993
v -0.030093 0.087071 0.054117
v -0.026436 0.051955 0.043154
vn -0.2523 0.1983 -0.9471
vn -0.0594 0.3945 -0.9170
vn -0.0379 0.1880 -0.9814
f -3//-3 -2//-2 -1//-1
v -0.062858 -0.017290 0.049773
v -0.058260 0.018159 0.044371
v -0.026397 -0.015618 0.043896
vn -0.2521 -0.2194 -0.9425
vn -0.2251 -0.0108 -0.9743
vn -0.0376 -0.2095 -0.9771
f -3//-3 -2//-2 -1//-1
v -0.062899 0.053713 0.048993
v -0.026436 0.051955 0.043154
v -0.058260 0.018159 0.044371
vn -0.2523 0.1983 -0.9471
vn -0.0379 0.1880 -0.9814
vn -0.2251 -0.0108 -0.9743
f -3//-3 -2//-2 -1//-1
v -0.065517 -0.051053 0.062421
v -0.094670 -0.017596 0.061977
v -0.062858 -0.017290 0.049773
vn -0.2677 -0.4180 -0.8681
vn -0.4392 -0.2212 -0.8707
vn -0.2521 -0.2194 -0.9425
f -3//-3 -2//-2 -1//-1
v -0.065598 0.087743 0.060897
v -0.062899 0.053713 0.048993
v -0.094712 0.054250 0.061188
vn -0.2682 0.3985 -0.8771
vn -0.2523 0.1983 -0.9471
vn -0.4395 0.2015 -0.8754
f -3//-3 -2//-2 -1//-1
v -0.062858 -0.017290 0.049773
v -0.089839 0.018258 0.055018
v -0.058260 0.018159 0.044371
vn -0.2521 -0.2194 -0.9425
vn -0.4108 -0.0102 -0.9117
vn -0.2251 -0.0108 -0.9743
f -3//-3 -2//-2 -1//-1
v -0.062899 0.053713 0.048993
v -0.058260 0.018159 0.044371
v -0.089839 0.018258 0.055018
vn -0.2523 0.1983 -0.9471
vn -0.2251 -0.0108 -0.9743
vn -0.4108 -0.0102 -0.9117
f -3//-3 -2//-2 -1//-1
v -0.094670 -0.017596 0.061977
v -0.089839 0.018258 0.055018
v -0.062858 -0.017290 0.049773
vn -0.4392 -0.2212 -0.8707
vn -0.4108 -0.0102 -0.9117
vn -0.2521 -0.2194 -0.9425
f -3//-3 -2//-2 -1//-1
v -0.094712 0.054250 0.061188
v -0.062899 0.053713 0.048993
v -0.089839 0.018258 0.055018
vn -0.4395 0.2015 -0.8754
vn -0.2523 0.1983 -0.9471
vn -0.4108 -0.0102 -0.9117
f -3//-3 -2//-2 -1//-1
v -0.094670 -0.017596 0.061977
v -0.118735 0.018423 0.071620
v -0.089839 0.018258 0.055018
vn -0.4392 -0.2212 -0.8707
vn -0.5808 -0.0093 -0.8140
vn -0.4108 -0.0102 -0.9117
f -3//-3 -2//-2 -1//-1
v -0.094712 0.054250 0.061188
v -0.089839 0.018258 0.055018
v -0.118735 0.018423 0.071620
vn -0.4395 0.2015 -0.8754
vn -0.4108 -0.0102 -0.9117
vn -0.5808 -0.0093 -0.8140
f -3//-3 -2//-2 -1//-1
v -0.138492 -0.100487 0.191495
v -0.146256 -0.078849 0.153534
v -0.110802 -0.114686 0.159854
vn -0.6970 -0.7087 -0.1089
vn -0.7427 -0.5815 -0.3322
vn -0.5341 -0.7923 -0.2950
f -3//-3 -2//-2 -1//-1
v -0.138632 0.139914 0.188855
v -0.110958 0.153447 0.156910
v -0.146370 0.117438 0.151379
vn -0.6978 0.7054 -0.1244
vn -0.5350 0.7850 -0.3123
vn -0.7434 0.5732 -0.3448
f -3//-3 -2//-2 -1//-1
v -0.110802 -0.114686 0.159854
v -0.115224 -0.089763 0.121770
v -0.076924 -0.119706 0.131630
vn -0.5341 -0.7923 -0.2950
vn -0.5601 -0.6457 -0.5190
vn -0.3348 -0.8218 -0.4610
f -3//-3 -2//-2 -1//-1
v -0.110958 0.153447 0.156910
v -0.077085 0.157885 0.128582
v -0.115350 0.127688 0.119382
vn -0.5350 0.7850 -0.3123
vn -0.3358 0.8111 -0.4789
vn -0.5609 0.6335 -0.5330
f -3//-3 -2//-2 -1//-1
v -0.146256 -0.078849 0.153534
v -0.115224 -0.089763 0.121770
v -0.110802 -0.114686 0.159854
vn -0.7427 -0.5815 -0.3322
vn -0.5601 -0.6457 -0.5190
vn -0.5341 -0.7923 -0.2950
f -3//-3 -2//-2 -1//-1
v -0.146370 0.117438 0.151379
v -0.110958 0.153447 0.156910
v -0.115350 0.127688 0.119382
vn -0.7434 0.5732 -0.3448
vn -0.5350 0.7850 -0.3123
vn -0.5609 0.6335 -0.5330
f -3//-3 -2//-2 -1//-1
v -0.146256 -0.078849 0.153534
v -0.145416 -0.050474 0.119422
v -0.115224 -0.089763 0.121770
vn -0.7427 -0.5815 -0.3322
vn -0.7377 -0.4146 -0.5328
vn -0.5601 -0.6457 -0.5190
f -3//-3 -2//-2 -1//-1
v -0.146370 0.117438 0.151379
v -0.115350 0.127688 0.119382
v -0.145497 0.088322 0.117898
vn -0.7434 0.5732 -0.3448
vn -0.5609 0.6335 -0.5330
vn -0.7382 0.4019 -0.5418
f -3//-3 -2//-2 -1//-1
v -0.076924 -0.119706 0.131630
v -0.073498 -0.090065 0.092002
v -0.039167 -0.115205 0.108748
vn -0.3348 -0.8218 -0.4610
vn -0.3147 -0.6474 -0.6941
vn -0.1127 -0.7953 -0.5956
f -3//-3 -2//-2 -1//-1
v -0.077085 0.157885 0.128582
v -0.039322 0.152927 0.105804
v -0.073624 0.127386 0.089614
vn -0.3358 0.8111 -0.4789
vn -0.1137 0.7819 -0.6129
vn -0.3154 0.6317 -0.7082
f -3//-3 -2//-2 -1//-1
v -0.039167 -0.115205 0.108748
v -0.033262 -0.079668 0.072922
v -0.000103 -0.101491 0.092765
vn -0.1127 -0.7953 -0.5956
vn -0.0780 -0.5863 -0.8063
vn 0.1170 -0.7147 -0.6896
f -3//-3 -2//-2 -1//-1
v -0.039322 0.152927 0.105804
v -0.000243 0.138910 0.090126
v -0.033376 0.116619 0.070767
vn -0.1137 0.7819 -0.6129
vn 0.1162 0.6995 -0.7051
vn -0.0787 0.5683 -0.8190
f -3//-3 -2//-2 -1//-1
v -0.073498 -0.090065 0.092002
v -0.033262 -0.079668 0.072922
v -0.039167 -0.115205 0.108748
vn -0.3147 -0.6474 -0.6941
vn -0.0780 -0.5863 -0.8063
vn -0.1127 -0.7953 -0.5956
f -3//-3 -2//-2 -1//-1
v -0.073624 0.127386 0.089614
v -0.039322 0.152927 0.105804
v -0.033376 0.116619 0.070767
vn -0.3154 0.6317 -0.7082
vn -0.1137 0.7819 -0.6129
vn -0.0787 0.5683 -0.8190
f -3//-3 -2//-2 -1//-1
v -0.073498 -0.090065 0.092002
v -0.065517 -0.051053 0.062421
v -0.033262 -0.079668 0.072922
vn -0.3147 -0.6474 -0.6941
vn -0.2677 -0.4180 -0.8681
vn -0.0780 -0.5863 -0.8063
f -3//-3 -2//-2 -1//-1
v -0.073624 0.127386 0.089614
v -0.033376 0.116619 0.070767
v -0.065598 0.087743 0.060897
vn -0.3154 0.6317 -0.7082
vn -0.0787 0.5683 -0.8190
vn -0.2682 0.3985 -0.8771
f -3//-3 -2//-2 -1//-1
v -0.145416 -0.050474 0.119422
v -0.109267 -0.053910 0.085626
v -0.115224 -0.089763 0.121770
vn -0.7377 -0.4146 -0.5328
vn -0.5251 -0.4348 -0.7316
vn -0.5601 -0.6457 -0.5190
f -3//-3 -2//-2 -1//-1
v -0.145497 0.088322 0.117898
v -0.115350 0.127688 0.119382
v -0.109351 0.091057 0.084035
vn -0.7382 0.4019 -0.5418
vn -0.5609 0.6335 -0.5330
vn -0.5256 0.4180 -0.7410
f -3//-3 -2//-2 -1//-1
v -0.115224 -0.089763 0.121770
v -0.073498 -0.090065 0.092002
v -0.076924 -0.119706 0.131630
vn -0.5601 -0.6457 -0.5190
vn -0.3147 -0.6474 -0.6941
vn -0.3348 -0.8218 -0.4610
f -3//-3 -2//-2 -1//-1
v -0.115350 0.127688 0.119382
v -0.077085 0.157885 0.128582
v -0.073624 0.127386 0.089614
vn -0.5609 0.6335 -0.5330
vn -0.3358 0.8111 -0.4789
vn -0.3154 0.6317 -0.7082
f -3//-3 -2//-2 -1//-1
v -0.109267 -0.053910 0.085626
v -0.073498 -0.090065 0.092002
v -0.115224 -0.089763 0.121770
vn -0.5251 -0.4348 -0.7316
vn -0.3147 -0.6474 -0.6941
vn -0.5601 -0.6457 -0.5190
f -3//-3 -2//-2 -1//-1
v -0.109351 0.091057 0.084035
v -0.115350 0.127688 0.119382
v -0.073624 0.127386 0.089614
vn -0.5256 0.4180 -0.7410
vn -0.5609 0.6335 -0.5330
vn -0.3154 0.6317 -0.7082
f -3//-3 -2//-2 -1//-1
v -0.109267 -0.053910 0.085626
v -0.065517 -0.051053 0.062421
v -0.073498 -0.090065 0.092002
vn -0.5251 -0.4348 -0.7316
vn -0.2677 -0.4180 -0.8681
vn -0.3147 -0.6474 -0.6941
f -3//-3 -2//-2 -1//-1
v -0.109351 0.091057 0.084035
v -0.073624 0.127386 0.089614
v -0.065598 0.087743 0.060897
vn -0.5256 0.4180 -0.7410
vn -0.3154 0.6317 -0.7082
vn -0.2682 0.3985 -0.8771
f -3//-3 -2//-2 -1//-1
v -0.145416 -0.050474 0.119422
v -0.136029 -0.017296 0.091483
v -0.109267 -0.053910 0.085626
vn -0.7377 -0.4146 -0.5328
vn -0.6825 -0.2194 -0.6972
vn -0.5251 -0.4348 -0.7316
f -3//-3 -2//-2 -1//-1
v -0.145497 0.088322 0.117898
v -0.109351 0.091057 0.084035
v -0.136071 0.054550 0.090694
vn -0.7382 0.4019 -0.5418
vn -0.5256 0.4180 -0.7410
vn -0.6828 0.2032 -0.7018
f -3//-3 -2//-2 -1//-1
v -0.109267 -0.053910 0.085626
v -0.094670 -0.017596 0.061977
v -0.065517 -0.051053 0.062421
vn -0.5251 -0.4348 -0.7316
vn -0.4392 -0.2212 -0.8707
vn -0.2677 -0.4180 -0.8681
f -3//-3 -2//-2 -1//-1
v -0.109351 0.091057 0.084035
v -0.065598 0.087743 0.060897
v -0.094712 0.054250 0.061188
vn -0.5256 0.4180 -0.7410
vn -0.2682 0.3985 -0.8771
vn -0.4395 0.2015 -0.8754
f -3//-3 -2//-2 -1//-1
v -0.136029 -0.017296 0.091483
v -0.094670 -0.017596 0.061977
v -0.109267 -0.053910 0.085626
vn -0.6825 -0.2194 -0.6972
vn -0.4392 -0.2212 -0.8707
vn -0.5251 -0.4348 -0.7316
f -3//-3 -2//-2 -1//-1
v -0.136071 0.054550 0.090694
v -0.109351 0.091057 0.084035
v -0.094712 0.054250 0.061188
vn -0.6828 0.2032 -0.7018
vn -0.5256 0.4180 -0.7410
vn -0.4395 0.2015 -0.8754
f -3//-3 -2//-2 -1//-1
v -0.136029 -0.017296 0.091483
v -0.118735 0.018423 0.071620
v -0.094670 -0.017596 0.061977
vn -0.6825 -0.2194 -0.6972
vn -0.5808 -0.0093 -0.8140
vn -0.4392 -0.2212 -0.8707
f -3//-3 -2//-2 -1//-1
v -0.136071 0.054550 0.090694
v -0.094712 0.054250 0.061188
v -0.118735 0.018423 0.071620
vn -0.6828 0.2032 -0.7018
vn -0.4395 0.2015 -0.8754
vn -0.5808 -0.0093 -0.8140
f -3//-3 -2//-2 -1//-1
v -0.138492 -0.100487 0.191495
v -0.159359 -0.074778 0.187725
v -0.146256 -0.078849 0.153534
vn -0.6970 -0.7087 -0.1089
vn -0.8198 -0.5575 -0.1310
vn -0.7427 -0.5815 -0.3322
f -3//-3 -2//-2 -1//-1
v -0.138632 0.139914 0.188855
v -0.146370 0.117438 0.151379
v -0.159469 0.114104 0.185651
vn -0.6978 0.7054 -0.1244
vn -0.7434 0.5732 -0.3448
vn -0.8204 0.5536 -0.1432
f -3//-3 -2//-2 -1//-1
v -0.146256 -0.078849 0.153534
v -0.163385 -0.049522 0.150778
v -0.145416 -0.050474 0.119422
vn -0.7427 -0.5815 -0.3322
vn -0.8434 -0.4090 -0.3484
vn -0.7377 -0.4146 -0.5328
f -3//-3 -2//-2 -1//-1
v -0.146370 0.117438 0.151379
v -0.145497 0.088322 0.117898
v -0.163465 0.088038 0.149267
vn -0.7434 0.5732 -0.3448
vn -0.7382 0.4019 -0.5418
vn -0.8439 0.4002 -0.3573
f -3//-3 -2//-2 -1//-1
v -0.159359 -0.074778 0.187725
v -0.163385 -0.049522 0.150778
v -0.146256 -0.078849 0.153534
vn -0.8198 -0.5575 -0.1310
vn -0.8434 -0.4090 -0.3484
vn -0.7427 -0.5815 -0.3322
f -3//-3 -2//-2 -1//-1
v -0.159469 0.114104 0.185651
v -0.146370 0.117438 0.151379
v -0.163465 0.088038 0.149267
vn -0.8204 0.5536 -0.1432
vn -0.7434 0.5732 -0.3448
vn -0.8439 0.4002 -0.3573
f -3//-3 -2//-2 -1//-1
v -0.159359 -0.074778 0.187725
v -0.174871 -0.045427 0.184811
v -0.163385 -0.049522 0.150778
vn -0.8198 -0.5575 -0.1310
vn -0.9110 -0.3849 -0.1482
vn -0.8434 -0.4090 -0.3484
f -3//-3 -2//-2 -1//-1
v -0.159469 0.114104 0.185651
v -0.163465 0.088038 0.149267
v -0.174946 0.084678 0.183383
vn -0.8204 0.5536 -0.1432
vn -0.8439 0.4002 -0.3573
vn -0.9114 0.3805 -0.1566
f -3//-3 -2//-2 -1//-1
v -0.145416 -0.050474 0.119422
v -0.157916 -0.016601 0.117589
v -0.136029 -0.017296 0.091483
vn -0.7377 -0.4146 -0.5328
vn -0.8113 -0.2153 -0.5436
vn -0.6825 -0.2194 -0.6972
f -3//-3 -2//-2 -1//-1
v -0.145497 0.088322 0.117898
v -0.136071 0.054550 0.090694
v -0.157957 0.054403 0.116810
vn -0.7382 0.4019 -0.5418
vn -0.6828 0.2032 -0.7018
vn -0.8115 0.2024 -0.5482
f -3//-3 -2//-2 -1//-1
v -0.136029 -0.017296 0.091483
v -0.143836 0.018649 0.093540
v -0.118735 0.018423 0.071620
vn -0.6825 -0.2194 -0.6972
vn -0.7284 -0.0079 -0.6851
vn -0.5808 -0.0093 -0.8140
f -3//-3 -2//-2 -1//-1
v -0.136071 0.054550 0.090694
v -0.118735 0.018423 0.071620
v -0.143836 0.018649 0.093540
vn -0.6828 0.2032 -0.7018
vn -0.5808 -0.0093 -0.8140
vn -0.7284 -0.0079 -0.6851
f -3//-3 -2//-2 -1//-1
v -0.157916 -0.016601 0.117589
v -0.143836 0.018649 0.093540
v -0.136029 -0.017296 0.091483
vn -0.8113 -0.2153 -0.5436
vn -0.7284 -0.0079 -0.6851
vn -0.6825 -0.2194 -0.6972
f -3//-3 -2//-2 -1//-1
v -0.157957 0.054403 0.116810
v -0.136071 0.054550 0.090694
v -0.143836 0.018649 0.093540
vn -0.8115 0.2024 -0.5482
vn -0.6828 0.2032 -0.7018
vn -0.7284 -0.0079 -0.6851
f -3//-3 -2//-2 -1//-1
v -0.157916 -0.016601 0.117589
v -0.164178 0.018927 0.119936
v -0.143836 0.018649 0.093540
vn -0.8113 -0.2153 -0.5436
vn -0.8481 -0.0063 -0.5298
vn -0.7284 -0.0079 -0.6851
f -3//-3 -2//-2 -1//-1
v -0.157957 0.054403 0.116810
v -0.143836 0.018649 0.093540
v -0.164178 0.018927 0.119936
vn -0.8115 0.2024 -0.5482
vn -0.7284 -0.0079 -0.6851
vn -0.8481 -0.0063 -0.5298
f -3//-3 -2//-2 -1//-1
v -0.174871 -0.045427 0.184811
v -0.175319 -0.014538 0.150140
v -0.163385 -0.049522 0.150778
vn -0.9110 -0.3849 -0.1482
vn -0.9136 -0.2032 -0.3521
vn -0.8434 -0.4090 -0.3484
f -3//-3 -2//-2 -1//-1
v -0.174946 0.084678 0.183383
v -0.163465 0.088038 0.149267
v -0.175358 0.053035 0.149398
vn -0.9114 0.3805 -0.1566
vn -0.8439 0.4002 -0.3573
vn -0.9139 0.1943 -0.3565
f -3//-3 -2//-2 -1//-1
v -0.163385 -0.049522 0.150778
v -0.157916 -0.016601 0.117589
v -0.145416 -0.050474 0.119422
vn -0.8434 -0.4090 -0.3484
vn -0.8113 -0.2153 -0.5436
vn -0.7377 -0.4146 -0.5328
f -3//-3 -2//-2 -1//-1
v -0.163465 0.088038 0.149267
v -0.145497 0.088322 0.117898
v -0.157957 0.054403 0.116810
vn -0.8439 0.4002 -0.3573
vn -0.7382 0.4019 -0.5418
vn -0.8115 0.2024 -0.5482
f -3//-3 -2//-2 -1//-1
v -0.175319 -0.014538 0.150140
v -0.157916 -0.016601 0.117589
v -0.163385 -0.049522 0.150778
vn -0.9136 -0.2032 -0.3521
vn -0.8113 -0.2153 -0.5436
vn -0.8434 -0.4090 -0.3484
f -3//-3 -2//-2 -1//-1
v -0.175358 0.053035 0.149398
v -0.163465 0.088038 0.149267
v -0.157957 0.054403 0.116810
vn -0.9139 0.1943 -0.3565
vn -0.8439 0.4002 -0.3573
vn -0.8115 0.2024 -0.5482
f -3//-3 -2//-2 -1//-1
v -0.175319 -0.014538 0.150140
v -0.164178 0.018927 0.119936
v -0.157916 -0.016601 0.117589
vn -0.9136 -0.2032 -0.3521
vn -0.8481 -0.0063 -0.5298
vn -0.8113 -0.2153 -0.5436
f -3//-3 -2//-2 -1//-1
v -0.175358 0.053035 0.149398
v -0.157957 0.054403 0.116810
v -0.164178 0.018927 0.119936
vn -0.9139 0.1943 -0.3565
vn -0.8115 0.2024 -0.5482
vn -0.8481 -0.0063 -0.5298
f -3//-3 -2//-2 -1//-1
v -0.174871 -0.045427 0.184811
v -0.184431 -0.013561 0.182866
v -0.175319 -0.014538 0.150140
vn -0.9110 -0.3849 -0.1482
vn -0.9672 -0.1974 -0.1596
vn -0.9136 -0.2032 -0.3521
f -3//-3 -2//-2 -1//-1
v -0.174946 0.084678 0.183383
v -0.175358 0.053035 0.149398
v -0.184469 0.052766 0.182138
vn -0.9114 0.3805 -0.1566
vn -0.9139 0.1943 -0.3565
vn -0.9675 0.1927 -0.1639
f -3//-3 -2//-2 -1//-1
v -0.175319 -0.014538 0.150140
v -0.178980 0.019247 0.149792
v -0.164178 0.018927 0.119936
vn -0.9136 -0.2032 -0.3521
vn -0.9352 -0.0044 -0.3542
vn -0.8481 -0.0063 -0.5298
f -3//-3 -2//-2 -1//-1
v -0.175358 0.053035 0.149398
v -0.164178 0.018927 0.119936
v -0.178980 0.019247 0.149792
vn -0.9139 0.1943 -0.3565
vn -0.8481 -0.0063 -0.5298
vn -0.9352 -0.0044 -0.3542
f -3//-3 -2//-2 -1//-1
v -0.184431 -0.013561 0.182866
v -0.178980 0.019247 0.149792
v -0.175319 -0.014538 0.150140
vn -0.9672 -0.1974 -0.1596
vn -0.9352 -0.0044 -0.3542
vn -0.9136 -0.2032 -0.3521
f -3//-3 -2//-2 -1//-1
v -0.184469 0.052766 0.182138
v -0.175358 0.053035 0.149398
v -0.178980 0.019247 0.149792
vn -0.9675 0.1927 -0.1639
vn -0.9139 0.1943 -0.3565
vn -0.9352 -0.0044 -0.3542
f -3//-3 -2//-2 -1//-1
v -0.184431 -0.013561 0.182866
v -0.187672 0.019595 0.181963
v -0.178980 0.019247 0.149792
vn -0.9672 -0.1974 -0.1596
vn -0.9863 -0.0024 -0.1649
vn -0.9352 -0.0044 -0.3542
f -3//-3 -2//-2 -1//-1
v -0.184469 0.052766 0.182138
v -0.178980 0.019247 0.149792
v -0.187672 0.019595 0.181963
vn -0.9675 0.1927 -0.1639
vn -0.9352 -0.0044 -0.3542
vn -0.9863 -0.0024 -0.1649
f -3//-3 -2//-2 -1//-1
v -0.019901 -0.149989 0.211866
v -0.025373 -0.146367 0.244540
v -0.052614 -0.146802 0.206361
vn 0.0006 -0.9999 0.0110
vn -0.0316 -0.9786 0.2032
vn -0.1918 -0.9812 -0.0214
f -3//-3 -2//-2 -1//-1
v -0.020099 0.189989 0.208134
v -0.052808 0.186644 0.202700
v -0.025567 0.187079 0.240879
vn -0.0006 0.9999 -0.0110
vn -0.1930 0.9803 -0.0429
vn -0.0327 0.9828 0.1816
f -3//-3 -2//-2 -1//-1
v -0.052614 -0.146802 0.206361
v -0.058804 -0.142854 0.239543
v -0.084074 -0.137205 0.200995
vn -0.1918 -0.9812 -0.0214
vn -0.2283 -0.9580 0.1738
vn -0.3769 -0.9247 -0.0530
f -3//-3 -2//-2 -1//-1
v -0.052808 0.186644 0.202700
v -0.084256 0.176894 0.197546
v -0.058994 0.183418 0.235960
vn -0.1930 0.9803 -0.0429
vn -0.3780 0.9229 -0.0733
vn -0.2294 0.9613 0.1527
f -3//-3 -2//-2 -1//-1
v -0.025373 -0.146367 0.244540
v -0.058804 -0.142854 0.239543
v -0.052614 -0.146802 0.206361
vn -0.0316 -0.9786 0.2032
vn -0.2283 -0.9580 0.1738
vn -0.1918 -0.9812 -0.0214
f -3//-3 -2//-2 -1//-1
v -0.025567 0.187079 0.240879
v -0.052808 0.186644 0.202700
v -0.058994 0.183418 0.235960
vn -0.0327 0.9828 0.1816
vn -0.1930 0.9803 -0.0429
vn -0.2294 0.9613 0.1527
f -3//-3 -2//-2 -1//-1
v -0.025373 -0.146367 0.244540
v -0.030639 -0.136351 0.275886
v -0.058804 -0.142854 0.239543
vn -0.0316 -0.9786 0.2032
vn -0.0626 -0.9197 0.3876
vn -0.2283 -0.9580 0.1738
f -3//-3 -2//-2 -1//-1
v -0.025567 0.187079 0.240879
v -0.058994 0.183418 0.235960
v -0.030822 0.177748 0.272437
vn -0.0327 0.9828 0.1816
vn -0.2294 0.9613 0.1527
vn -0.0637 0.9279 0.3673
f -3//-3 -2//-2 -1//-1
v -0.084074 -0.137205 0.200995
v -0.093611 -0.131128 0.235333
v -0.113071 -0.121566 0.195975
vn -0.3769 -0.9247 -0.0530
vn -0.4330 -0.8890 0.1490
vn -0.5475 -0.8327 -0.0825
f -3//-3 -2//-2 -1//-1
v -0.084256 0.176894 0.197546
v -0.113236 0.161116 0.192872
v -0.093786 0.171562 0.232010
vn -0.3780 0.9229 -0.0733
vn -0.5484 0.8301 -0.1008
vn -0.4340 0.8915 0.1295
f -3//-3 -2//-2 -1//-1
v -0.113071 -0.121566 0.195975
v -0.122653 -0.113915 0.230716
v -0.138492 -0.100487 0.191495
vn -0.5475 -0.8327 -0.0825
vn -0.6038 -0.7877 0.1219
vn -0.6970 -0.7087 -0.1089
f -3//-3 -2//-2 -1//-1
v -0.113236 0.161116 0.192872
v -0.138632 0.139914 0.188855
v -0.122809 0.154218 0.227772
vn -0.5484 0.8301 -0.1008
vn -0.6978 0.7054 -0.1244
vn -0.6048 0.7895 0.1045
f -3//-3 -2//-2 -1//-1
v -0.093611 -0.131128 0.235333
v -0.122653 -0.113915 0.230716
v -0.113071 -0.121566 0.195975
vn -0.4330 -0.8890 0.1490
vn -0.6038 -0.7877 0.1219
vn -0.5475 -0.8327 -0.0825
f -3//-3 -2//-2 -1//-1
v -0.093786 0.171562 0.232010
v -0.113236 0.161116 0.192872
v -0.122809 0.154218 0.227772
vn -0.4340 0.8915 0.1295
vn -0.5484 0.8301 -0.1008
vn -0.6048 0.7895 0.1045
f -3//-3 -2//-2 -1//-1
v -0.093611 -0.131128 0.235333
v -0.099818 -0.118216 0.268525
v -0.122653 -0.113915 0.230716
vn -0.4330 -0.8890 0.1490
vn -0.4695 -0.8130 0.3443
vn -0.6038 -0.7877 0.1219
f -3//-3 -2//-2 -1//-1
v -0.093786 0.171562 0.232010
v -0.122809 0.154218 0.227772
v -0.099979 0.159375 0.265478
vn -0.4340 0.8915 0.1295
vn -0.6048 0.7895 0.1045
vn -0.4705 0.8199 0.3263
f -3//-3 -2//-2 -1//-1
v -0.030639 -0.136351 0.275886
v -0.066275 -0.130691 0.273645
v -0.058804 -0.142854 0.239543
vn -0.0626 -0.9197 0.3876
vn -0.2722 -0.8864 0.3744
vn -0.2283 -0.9580 0.1738
f -3//-3 -2//-2 -1//-1
v -0.030822 0.177748 0.272437
v -0.058994 0.183418 0.235960
v -0.066451 0.171998 0.270321
vn -0.0637 0.9279 0.3673
vn -0.2294 0.9613 0.1527
vn -0.2732 0.8941 0.3548
f -3//-3 -2//-2 -1//-1
v -0.058804 -0.142854 0.239543
v -0.093611 -0.131128 0.235333
v -0.084074 -0.137205 0.200995
vn -0.2283 -0.9580 0.1738
vn -0.4330 -0.8890 0.1490
vn -0.3769 -0.9247 -0.0530
f -3//-3 -2//-2 -1//-1
v -0.058994 0.183418 0.235960
v -0.084256 0.176894 0.197546
v -0.093786 0.171562 0.232010
vn -0.2294 0.9613 0.1527
vn -0.3780 0.9229 -0.0733
vn -0.4340 0.8915 0.1295
f -3//-3 -2//-2 -1//-1
v -0.066275 -0.130691 0.273645
v -0.093611 -0.131128 0.235333
v -0.058804 -0.142854 0.239543
vn -0.2722 -0.8864 0.3744
vn -0.4330 -0.8890 0.1490
vn -0.2283 -0.9580 0.1738
f -3//-3 -2//-2 -1//-1
v -0.066451 0.171998 0.270321
v -0.058994 0.183418 0.235960
v -0.093786 0.171562 0.232010
vn -0.2732 0.8941 0.3548
vn -0.2294 0.9613 0.1527
vn -0.4340 0.8915 0.1295
f -3//-3 -2//-2 -1//-1
v -0.066275 -0.130691 0.273645
v -0.099818 -0.118216 0.268525
v -0.093611 -0.131128 0.235333
vn -0.2722 -0.8864 0.3744
vn -0.4695 -0.8130 0.3443
vn -0.4330 -0.8890 0.1490
f -3//-3 -2//-2 -1//-1
v -0.066451 0.171998 0.270321
v -0.093786 0.171562 0.232010
v -0.099979 0.159375 0.265478
vn -0.2732 0.8941 0.3548
vn -0.4340 0.8915 0.1295
vn -0.4705 0.8199 0.3263
f -3//-3 -2//-2 -1//-1
v -0.030639 -0.136351 0.275886
v -0.035496 -0.120327 0.304700
v -0.066275 -0.130691 0.273645
vn -0.0626 -0.9197 0.3876
vn -0.0912 -0.8255 0.5571
vn -0.2722 -0.8864 0.3744
f -3//-3 -2//-2 -1//-1
v -0.030822 0.177748 0.272437
v -0.066451 0.171998 0.270321
v -0.035660 0.162355 0.301596
vn -0.0637 0.9279 0.3673
vn -0.2732 0.8941 0.3548
vn -0.0921 0.8374 0.5388
f -3//-3 -2//-2 -1//-1
v -0.066275 -0.130691 0.273645
v -0.071544 -0.113098 0.302347
v -0.099818 -0.118216 0.268525
vn -0.2722 -0.8864 0.3744
vn -0.3032 -0.7829 0.5432
vn -0.4695 -0.8130 0.3443
f -3//-3 -2//-2 -1//-1
v -0.066451 0.171998 0.270321
v -0.099979 0.159375 0.265478
v -0.071700 0.155034 0.299403
vn -0.2732 0.8941 0.3548
vn -0.4705 0.8199 0.3263
vn -0.3041 0.7943 0.5259
f -3//-3 -2//-2 -1//-1
v -0.035496 -0.120327 0.304700
v -0.071544 -0.113098 0.302347
v -0.066275 -0.130691 0.273645
vn -0.0912 -0.8255 0.5571
vn -0.3032 -0.7829 0.5432
vn -0.2722 -0.8864 0.3744
f -3//-3 -2//-2 -1//-1
v -0.035660 0.162355 0.301596
v -0.066451 0.171998 0.270321
v -0.071700 0.155034 0.299403
vn -0.0921 0.8374 0.5388
vn -0.2732 0.8941 0.3548
vn -0.3041 0.7943 0.5259
f -3//-3 -2//-2 -1//-1
v -0.035496 -0.120327 0.304700
v -0.039757 -0.098910 0.329875
v -0.071544 -0.113098 0.302347
vn -0.0912 -0.8255 0.5571
vn -0.1162 -0.6995 0.7051
vn -0.3032 -0.7829 0.5432
f -3//-3 -2//-2 -1//-1
v -0.035660 0.162355 0.301596
v -0.071700 0.155034 0.299403
v -0.039897 0.141491 0.327235
vn -0.0921 0.8374 0.5388
vn -0.3041 0.7943 0.5259
vn -0.1170 0.7147 0.6896
f -3//-3 -2//-2 -1//-1
v -0.138492 -0.100487 0.191495
v -0.158107 -0.078077 0.224397
v -0.159359 -0.074778 0.187725
vn -0.6970 -0.7087 -0.1089
vn -0.8124 -0.5769 0.0847
vn -0.8198 -0.5575 -0.1310
f -3//-3 -2//-2 -1//-1
v -0.138632 0.139914 0.188855
v -0.159469 0.114104 0.185651
v -0.158221 0.118209 0.222241
vn -0.6978 0.7054 -0.1244
vn -0.8204 0.5536 -0.1432
vn -0.8131 0.5777 0.0720
f -3//-3 -2//-2 -1//-1
v -0.159359 -0.074778 0.187725
v -0.175097 -0.048760 0.220809
v -0.174871 -0.045427 0.184811
vn -0.8198 -0.5575 -0.1310
vn -0.9123 -0.4045 0.0636
vn -0.9110 -0.3849 -0.1482
f -3//-3 -2//-2 -1//-1
v -0.159469 0.114104 0.185651
v -0.174946 0.084678 0.183383
v -0.175177 0.088800 0.219298
vn -0.8204 0.5536 -0.1432
vn -0.9114 0.3805 -0.1566
vn -0.9128 0.4047 0.0547
f -3//-3 -2//-2 -1//-1
v -0.158107 -0.078077 0.224397
v -0.175097 -0.048760 0.220809
v -0.159359 -0.074778 0.187725
vn -0.8124 -0.5769 0.0847
vn -0.9123 -0.4045 0.0636
vn -0.8198 -0.5575 -0.1310
f -3//-3 -2//-2 -1//-1
v -0.158221 0.118209 0.222241
v -0.159469 0.114104 0.185651
v -0.175177 0.088800 0.219298
vn -0.8131 0.5777 0.0720
vn -0.8204 0.5536 -0.1432
vn -0.9128 0.4047 0.0547
f -3//-3 -2//-2 -1//-1
v -0.158107 -0.078077 0.224397
v -0.168310 -0.048984 0.256317
v -0.175097 -0.048760 0.220809
vn -0.8124 -0.5769 0.0847
vn -0.8724 -0.4058 0.2725
vn -0.9123 -0.4045 0.0636
f -3//-3 -2//-2 -1//-1
v -0.158221 0.118209 0.222241
v -0.175177 0.088800 0.219298
v -0.168391 0.089812 0.254793
vn -0.8131 0.5777 0.0720
vn -0.9128 0.4047 0.0547
vn -0.8729 0.4107 0.2635
f -3//-3 -2//-2 -1//-1
v -0.174871 -0.045427 0.184811
v -0.186465 -0.013813 0.216788
v -0.184431 -0.013561 0.182866
vn -0.9110 -0.3849 -0.1482
vn -0.9792 -0.1989 0.0399
vn -0.9672 -0.1974 -0.1596
f -3//-3 -2//-2 -1//-1
v -0.174946 0.084678 0.183383
v -0.184469 0.052766 0.182138
v -0.186504 0.053760 0.216046
vn -0.9114 0.3805 -0.1566
vn -0.9675 0.1927 -0.1639
vn -0.9794 0.1986 0.0356
f -3//-3 -2//-2 -1//-1
v -0.184431 -0.013561 0.182866
v -0.189920 0.019958 0.215211
v -0.187672 0.019595 0.181963
vn -0.9672 -0.1974 -0.1596
vn -0.9995 -0.0002 0.0307
vn -0.9863 -0.0024 -0.1649
f -3//-3 -2//-2 -1//-1
v -0.184469 0.052766 0.182138
v -0.187672 0.019595 0.181963
v -0.189920 0.019958 0.215211
vn -0.9675 0.1927 -0.1639
vn -0.9863 -0.0024 -0.1649
vn -0.9995 -0.0002 0.0307
f -3//-3 -2//-2 -1//-1
v -0.186465 -0.013813 0.216788
v -0.189920 0.019958 0.215211
v -0.184431 -0.013561 0.182866
vn -0.9792 -0.1989 0.0399
vn -0.9995 -0.0002 0.0307
vn -0.9672 -0.1974 -0.1596
f -3//-3 -2//-2 -1//-1
v -0.186504 0.053760 0.216046
v -0.184469 0.052766 0.182138
v -0.189920 0.019958 0.215211
vn -0.9794 0.1986 0.0356
vn -0.9675 0.1927 -0.1639
vn -0.9995 -0.0002 0.0307
f -3//-3 -2//-2 -1//-1
v -0.186465 -0.013813 0.216788
v -0.185639 0.020324 0.248259
v -0.189920 0.019958 0.215211
vn -0.9792 -0.1989 0.0399
vn -0.9743 0.0019 0.2250
vn -0.9995 -0.0002 0.0307
f -3//-3 -2//-2 -1//-1
v -0.186504 0.053760 0.216046
v -0.189920 0.019958 0.215211
v -0.185639 0.020324 0.248259
vn -0.9794 0.1986 0.0356
vn -0.9995 -0.0002 0.0307
vn -0.9743 0.0019 0.2250
f -3//-3 -2//-2 -1//-1
v -0.168310 -0.048984 0.256317
v -0.180606 -0.015124 0.253266
v -0.175097 -0.048760 0.220809
vn -0.8724 -0.4058 0.2725
vn -0.9447 -0.2066 0.2545
vn -0.9123 -0.4045 0.0636
f -3//-3 -2//-2 -1//-1
v -0.168391 0.089812 0.254793
v -0.175177 0.088800 0.219298
v -0.180647 0.055879 0.252487
vn -0.8729 0.4107 0.2635
vn -0.9128 0.4047 0.0547
vn -0.9450 0.2111 0.2499
f -3//-3 -2//-2 -1//-1
v -0.175097 -0.048760 0.220809
v -0.186465 -0.013813 0.216788
v -0.174871 -0.045427 0.184811
vn -0.9123 -0.4045 0.0636
vn -0.9792 -0.1989 0.0399
vn -0.9110 -0.3849 -0.1482
f -3//-3 -2//-2 -1//-1
v -0.175177 0.088800 0.219298
v -0.174946 0.084678 0.183383
v -0.186504 0.053760 0.216046
vn -0.9128 0.4047 0.0547
vn -0.9114 0.3805 -0.1566
vn -0.9794 0.1986 0.0356
f -3//-3 -2//-2 -1//-1
v -0.180606 -0.015124 0.253266
v -0.186465 -0.013813 0.216788
v -0.175097 -0.048760 0.220809
vn -0.9447 -0.2066 0.2545
vn -0.9792 -0.1989 0.0399
vn -0.9123 -0.4045 0.0636
f -3//-3 -2//-2 -1//-1
v -0.180647 0.055879 0.252487
v -0.175177 0.088800 0.219298
v -0.186504 0.053760 0.216046
vn -0.9450 0.2111 0.2499
vn -0.9128 0.4047 0.0547
vn -0.9794 0.1986 0.0356
f -3//-3 -2//-2 -1//-1
v -0.180606 -0.015124 0.253266
v -0.185639 0.020324 0.248259
v -0.186465 -0.013813 0.216788
vn -0.9447 -0.2066 0.2545
vn -0.9743 0.0019 0.2250
vn -0.9792 -0.1989 0.0399
f -3//-3 -2//-2 -1//-1
v -0.180647 0.055879 0.252487
v -0.186504 0.053760 0.216046
v -0.185639 0.020324 0.248259
vn -0.9450 0.2111 0.2499
vn -0.9794 0.1986 0.0356
vn -0.9743 0.0019 0.2250
f -3//-3 -2//-2 -1//-1
v -0.168310 -0.048984 0.256317
v -0.168406 -0.015189 0.285082
v -0.180606 -0.015124 0.253266
vn -0.8724 -0.4058 0.2725
vn -0.8730 -0.2070 0.4417
vn -0.9447 -0.2066 0.2545
f -3//-3 -2//-2 -1//-1
v -0.168391 0.089812 0.254793
v -0.180647 0.055879 0.252487
v -0.168448 0.056657 0.284293
vn -0.8729 0.4107 0.2635
vn -0.9450 0.2111 0.2499
vn -0.8732 0.2156 0.4370
f -3//-3 -2//-2 -1//-1
v -0.180606 -0.015124 0.253266
v -0.174992 0.020677 0.279836
v -0.185639 0.020324 0.248259
vn -0.9447 -0.2066 0.2545
vn -0.9117 0.0040 0.4108
vn -0.9743 0.0019 0.2250
f -3//-3 -2//-2 -1//-1
v -0.180647 0.055879 0.252487
v -0.185639 0.020324 0.248259
v -0.174992 0.020677 0.279836
vn -0.9450 0.2111 0.2499
vn -0.9743 0.0019 0.2250
vn -0.9117 0.0040 0.4108
f -3//-3 -2//-2 -1//-1
v -0.168406 -0.015189 0.285082
v -0.174992 0.020677 0.279836
v -0.180606 -0.015124 0.253266
vn -0.8730 -0.2070 0.4417
vn -0.9117 0.0040 0.4108
vn -0.9447 -0.2066 0.2545
f -3//-3 -2//-2 -1//-1
v -0.168448 0.056657 0.284293
v -0.180647 0.055879 0.252487
v -0.174992 0.020677 0.279836
vn -0.8732 0.2156 0.4370
vn -0.9450 0.2111 0.2499
vn -0.9117 0.0040 0.4108
f -3//-3 -2//-2 -1//-1
v -0.168406 -0.015189 0.285082
v -0.158389 0.021004 0.308730
v -0.174992 0.020677 0.279836
vn -0.8730 -0.2070 0.4417
vn -0.8141 0.0059 0.5808
vn -0.9117 0.0040 0.4108
f -3//-3 -2//-2 -1//-1
v -0.168448 0.056657 0.284293
v -0.174992 0.020677 0.279836
v -0.158389 0.021004 0.308730
vn -0.8732 0.2156 0.4370
vn -0.9117 0.0040 0.4108
vn -0.8141 0.0059 0.5808
f -3//-3 -2//-2 -1//-1
v -0.039757 -0.098910 0.329875
v -0.077490 -0.076790 0.337383
v -0.071544 -0.113098 0.302347
vn -0.1162 -0.6995 0.7051
vn -0.3382 -0.5694 0.7493
vn -0.3032 -0.7829 0.5432
f -3//-3 -2//-2 -1//-1
v -0.039897 0.141491 0.327235
v -0.071700 0.155034 0.299403
v -0.077604 0.119497 0.335228
vn -0.1170 0.7147 0.6896
vn -0.3041 0.7943 0.5259
vn -0.3389 0.5853 0.7366
f -3//-3 -2//-2 -1//-1
v -0.071544 -0.113098 0.302347
v -0.109367 -0.087731 0.306476
v -0.099818 -0.118216 0.268525
vn -0.3032 -0.7829 0.5432
vn -0.5257 -0.6337 0.5675
vn -0.4695 -0.8130 0.3443
f -3//-3 -2//-2 -1//-1
v -0.071700 0.155034 0.299403
v -0.099979 0.159375 0.265478
v -0.109493 0.129720 0.304088
vn -0.3041 0.7943 0.5259
vn -0.4705 0.8199 0.3263
vn -0.5264 0.6454 0.5535
f -3//-3 -2//-2 -1//-1
v -0.077490 -0.076790 0.337383
v -0.109367 -0.087731 0.306476
v -0.071544 -0.113098 0.302347
vn -0.3382 -0.5694 0.7493
vn -0.5257 -0.6337 0.5675
vn -0.3032 -0.7829 0.5432
f -3//-3 -2//-2 -1//-1
v -0.077604 0.119497 0.335228
v -0.071700 0.155034 0.299403
v -0.109493 0.129720 0.304088
vn -0.3389 0.5853 0.7366
vn -0.3041 0.7943 0.5259
vn -0.5264 0.6454 0.5535
f -3//-3 -2//-2 -1//-1
v -0.077490 -0.076790 0.337383
v -0.111306 -0.048073 0.336211
v -0.109367 -0.087731 0.306476
vn -0.3382 -0.5694 0.7493
vn -0.5371 -0.4004 0.7424
vn -0.5257 -0.6337 0.5675
f -3//-3 -2//-2 -1//-1
v -0.077604 0.119497 0.335228
v -0.109493 0.129720 0.304088
v -0.111386 0.090722 0.334687
vn -0.3389 0.5853 0.7366
vn -0.5264 0.6454 0.5535
vn -0.5376 0.4160 0.7335
f -3//-3 -2//-2 -1//-1
v -0.099818 -0.118216 0.268525
v -0.139136 -0.088207 0.264752
v -0.122653 -0.113915 0.230716
vn -0.4695 -0.8130 0.3443
vn -0.7008 -0.6365 0.3221
vn -0.6038 -0.7877 0.1219
f -3//-3 -2//-2 -1//-1
v -0.099979 0.159375 0.265478
v -0.122809 0.154218 0.227772
v -0.139263 0.129244 0.262365
vn -0.4705 0.8199 0.3263
vn -0.6048 0.7895 0.1045
vn -0.7015 0.6426 0.3080
f -3//-3 -2//-2 -1//-1
v -0.122653 -0.113915 0.230716
v -0.158107 -0.078077 0.224397
v -0.138492 -0.100487 0.191495
vn -0.6038 -0.7877 0.1219
vn -0.8124 -0.5769 0.0847
vn -0.6970 -0.7087 -0.1089
f -3//-3 -2//-2 -1//-1
v -0.122809 0.154218 0.227772
v -0.138632 0.139914 0.188855
v -0.158221 0.118209 0.222241
vn -0.6048 0.7895 0.1045
vn -0.6978 0.7054 -0.1244
vn -0.8131 0.5777 0.0720
f -3//-3 -2//-2 -1//-1
v -0.139136 -0.088207 0.264752
v -0.158107 -0.078077 0.224397
v -0.122653 -0.113915 0.230716
vn -0.7008 -0.6365 0.3221
vn -0.8124 -0.5769 0.0847
vn -0.6038 -0.7877 0.1219
f -3//-3 -2//-2 -1//-1
v -0.139263 0.129244 0.262365
v -0.122809 0.154218 0.227772
v -0.158221 0.118209 0.222241
vn -0.7015 0.6426 0.3080
vn -0.6048 0.7895 0.1045
vn -0.8131 0.5777 0.0720
f -3//-3 -2//-2 -1//-1
v -0.139136 -0.088207 0.264752
v -0.168310 -0.048984 0.256317
v -0.158107 -0.078077 0.224397
vn -0.7008 -0.6365 0.3221
vn -0.8724 -0.4058 0.2725
vn -0.8124 -0.5769 0.0847
f -3//-3 -2//-2 -1//-1
v -0.139263 0.129244 0.262365
v -0.158221 0.118209 0.222241
v -0.168391 0.089812 0.254793
vn -0.7015 0.6426 0.3080
vn -0.8131 0.5777 0.0720
vn -0.8729 0.4107 0.2635
f -3//-3 -2//-2 -1//-1
v -0.111306 -0.048073 0.336211
v -0.145135 -0.051576 0.300100
v -0.109367 -0.087731 0.306476
vn -0.5371 -0.4004 0.7424
vn -0.7361 -0.4210 0.5300
vn -0.5257 -0.6337 0.5675
f -3//-3 -2//-2 -1//-1
v -0.111386 0.090722 0.334687
v -0.109493 0.129720 0.304088
v -0.145220 0.093391 0.298508
vn -0.5376 0.4160 0.7335
vn -0.5264 0.6454 0.5535
vn -0.7366 0.4317 0.5206
f -3//-3 -2//-2 -1//-1
v -0.109367 -0.087731 0.306476
v -0.139136 -0.088207 0.264752
v -0.099818 -0.118216 0.268525
vn -0.5257 -0.6337 0.5675
vn -0.7008 -0.6365 0.3221
vn -0.4695 -0.8130 0.3443
f -3//-3 -2//-2 -1//-1
v -0.109493 0.129720 0.304088
v -0.099979 0.159375 0.265478
v -0.139263 0.129244 0.262365
vn -0.5264 0.6454 0.5535
vn -0.4705 0.8199 0.3263
vn -0.7015 0.6426 0.3080
f -3//-3 -2//-2 -1//-1
v -0.145135 -0.051576 0.300100
v -0.139136 -0.088207 0.264752
v -0.109367 -0.087731 0.306476
vn -0.7361 -0.4210 0.5300
vn -0.7008 -0.6365 0.3221
vn -0.5257 -0.6337 0.5675
f -3//-3 -2//-2 -1//-1
v -0.145220 0.093391 0.298508
v -0.109493 0.129720 0.304088
v -0.139263 0.129244 0.262365
vn -0.7366 0.4317 0.5206
vn -0.5264 0.6454 0.5535
vn -0.7015 0.6426 0.3080
f -3//-3 -2//-2 -1//-1
v -0.145135 -0.051576 0.300100
v -0.168310 -0.048984 0.256317
v -0.139136 -0.088207 0.264752
vn -0.7361 -0.4210 0.5300
vn -0.8724 -0.4058 0.2725
vn -0.7008 -0.6365 0.3221
f -3//-3 -2//-2 -1//-1
v -0.145220 0.093391 0.298508
v -0.139263 0.129244 0.262365
v -0.168391 0.089812 0.254793
vn -0.7366 0.4317 0.5206
vn -0.7015 0.6426 0.3080
vn -0.8729 0.4107 0.2635
f -3//-3 -2//-2 -1//-1
v -0.111306 -0.048073 0.336211
v -0.138899 -0.014718 0.326438
v -0.145135 -0.051576 0.300100
vn -0.5371 -0.4004 0.7424
vn -0.6994 -0.2042 0.6849
vn -0.7361 -0.4210 0.5300
f -3//-3 -2//-2 -1//-1
v -0.111386 0.090722 0.334687
v -0.145220 0.093391 0.298508
v -0.138940 0.057128 0.325649
vn -0.5376 0.4160 0.7335
vn -0.7366 0.4317 0.5206
vn -0.6996 0.2184 0.6803
f -3//-3 -2//-2 -1//-1
v -0.145135 -0.051576 0.300100
v -0.168406 -0.015189 0.285082
v -0.168310 -0.048984 0.256317
vn -0.7361 -0.4210 0.5300
vn -0.8730 -0.2070 0.4417
vn -0.8724 -0.4058 0.2725
f -3//-3 -2//-2 -1//-1
v -0.145220 0.093391 0.298508
v -0.168391 0.089812 0.254793
v -0.168448 0.056657 0.284293
vn -0.7366 0.4317 0.5206
vn -0.8729 0.4107 0.2635
vn -0.8732 0.2156 0.4370
f -3//-3 -2//-2 -1//-1
v -0.138899 -0.014718 0.326438
v -0.168406 -0.015189 0.285082
v -0.145135 -0.051576 0.300100
vn -0.6994 -0.2042 0.6849
vn -0.8730 -0.2070 0.4417
vn -0.7361 -0.4210 0.5300
f -3//-3 -2//-2 -1//-1
v -0.138940 0.057128 0.325649
v -0.145220 0.093391 0.298508
v -0.168448 0.056657 0.284293
vn -0.6996 0.2184 0.6803
vn -0.7366 0.4317 0.5206
vn -0.8732 0.2156 0.4370
f -3//-3 -2//-2 -1//-1
v -0.138899 -0.014718 0.326438
v -0.158389 0.021004 0.308730
v -0.168406 -0.015189 0.285082
vn -0.6994 -0.2042 0.6849
vn -0.8141 0.0059 0.5808
vn -0.8730 -0.2070 0.4417
f -3//-3 -2//-2 -1//-1
v -0.138940 0.057128 0.325649
v -0.168448 0.056657 0.284293
v -0.158389 0.021004 0.308730
vn -0.6996 0.2184 0.6803
vn -0.8732 0.2156 0.4370
vn -0.8141 0.0059 0.5808
f -3//-3 -2//-2 -1//-1
v -0.039757 -0.098910 0.329875
v -0.043259 -0.072924 0.350443
v -0.077490 -0.076790 0.337383
vn -0.1162 -0.6995 0.7051
vn -0.1368 -0.5466 0.8261
vn -0.3382 -0.5694 0.7493
f -3//-3 -2//-2 -1//-1
v -0.039897 0.141491 0.327235
v -0.077604 0.119497 0.335228
v -0.043369 0.115958 0.348369
vn -0.1170 0.7147 0.6896
vn -0.3389 0.5853 0.7366
vn -0.1375 0.5645 0.8139
f -3//-3 -2//-2 -1//-1
v -0.077490 -0.076790 0.337383
v -0.079942 -0.047240 0.354172
v -0.111306 -0.048073 0.336211
vn -0.3382 -0.5694 0.7493
vn -0.3526 -0.3955 0.8481
vn -0.5371 -0.4004 0.7424
f -3//-3 -2//-2 -1//-1
v -0.077604 0.119497 0.335228
v -0.111386 0.090722 0.334687
v -0.080022 0.090320 0.352662
vn -0.3389 0.5853 0.7366
vn -0.5376 0.4160 0.7335
vn -0.3531 0.4136 0.8392
f -3//-3 -2//-2 -1//-1
v -0.043259 -0.072924 0.350443
v -0.079942 -0.047240 0.354172
v -0.077490 -0.076790 0.337383
vn -0.1368 -0.5466 0.8261
vn -0.3526 -0.3955 0.8481
vn -0.3382 -0.5694 0.7493
f -3//-3 -2//-2 -1//-1
v -0.043369 0.115958 0.348369
v -0.077604 0.119497 0.335228
v -0.080022 0.090320 0.352662
vn -0.1375 0.5645 0.8139
vn -0.3389 0.5853 0.7366
vn -0.3531 0.4136 0.8392
f -3//-3 -2//-2 -1//-1
v -0.043259 -0.072924 0.350443
v -0.045867 -0.043366 0.365614
v -0.079942 -0.047240 0.354172
vn -0.1368 -0.5466 0.8261
vn -0.1522 -0.3727 0.9154
vn -0.3526 -0.3955 0.8481
f -3//-3 -2//-2 -1//-1
v -0.043369 0.115958 0.348369
v -0.080022 0.090320 0.352662
v -0.045943 0.086738 0.364185
vn -0.1375 0.5645 0.8139
vn -0.3531 0.4136 0.8392
vn -0.1526 0.3926 0.9070
f -3//-3 -2//-2 -1//-1
v -0.111306 -0.048073 0.336211
v -0.112786 -0.014041 0.348318
v -0.138899 -0.014718 0.326438
vn -0.5371 -0.4004 0.7424
vn -0.5458 -0.2002 0.8136
vn -0.6994 -0.2042 0.6849
f -3//-3 -2//-2 -1//-1
v -0.111386 0.090722 0.334687
v -0.138940 0.057128 0.325649
v -0.112827 0.056962 0.347539
vn -0.5376 0.4160 0.7335
vn -0.6996 0.2184 0.6803
vn -0.5460 0.2174 0.8091
f -3//-3 -2//-2 -1//-1
v -0.138899 -0.014718 0.326438
v -0.136468 0.021292 0.333829
v -0.158389 0.021004 0.308730
vn -0.6994 -0.2042 0.6849
vn -0.6851 0.0076 0.7284
vn -0.8141 0.0059 0.5808
f -3//-3 -2//-2 -1//-1
v -0.138940 0.057128 0.325649
v -0.158389 0.021004 0.308730
v -0.136468 0.021292 0.333829
vn -0.6996 0.2184 0.6803
vn -0.8141 0.0059 0.5808
vn -0.6851 0.0076 0.7284
f -3//-3 -2//-2 -1//-1
v -0.112786 -0.014041 0.348318
v -0.136468 0.021292 0.333829
v -0.138899 -0.014718 0.326438
vn -0.5458 -0.2002 0.8136
vn -0.6851 0.0076 0.7284
vn -0.6994 -0.2042 0.6849
f -3//-3 -2//-2 -1//-1
v -0.112827 0.056962 0.347539
v -0.138940 0.057128 0.325649
v -0.136468 0.021292 0.333829
vn -0.5460 0.2174 0.8091
vn -0.6996 0.2184 0.6803
vn -0.6851 0.0076 0.7284
f -3//-3 -2//-2 -1//-1
v -0.112786 -0.014041 0.348318
v -0.110070 0.021531 0.354170
v -0.136468 0.021292 0.333829
vn -0.5458 -0.2002 0.8136
vn -0.5298 0.0090 0.8481
vn -0.6851 0.0076 0.7284
f -3//-3 -2//-2 -1//-1
v -0.112827 0.056962 0.347539
v -0.136468 0.021292 0.333829
v -0.110070 0.021531 0.354170
vn -0.5460 0.2174 0.8091
vn -0.6851 0.0076 0.7284
vn -0.5298 0.0090 0.8481
f -3//-3 -2//-2 -1//-1
v -0.045867 -0.043366 0.365614
v -0.080215 -0.012116 0.365701
v -0.079942 -0.047240 0.354172
vn -0.1522 -0.3727 0.9154
vn -0.3542 -0.1889 0.9159
vn -0.3526 -0.3955 0.8481
f -3//-3 -2//-2 -1//-1
v -0.045943 0.086738 0.364185
v -0.080022 0.090320 0.352662
v -0.080255 0.055457 0.364959
vn -0.1526 0.3926 0.9070
vn -0.3531 0.4136 0.8392
vn -0.3544 0.2086 0.9115
f -3//-3 -2//-2 -1//-1
v -0.079942 -0.047240 0.354172
v -0.112786 -0.014041 0.348318
v -0.111306 -0.048073 0.336211
vn -0.3526 -0.3955 0.8481
vn -0.5458 -0.2002 0.8136
vn -0.5371 -0.4004 0.7424
f -3//-3 -2//-2 -1//-1
v -0.080022 0.090320 0.352662
v -0.111386 0.090722 0.334687
v -0.112827 0.056962 0.347539
vn -0.3531 0.4136 0.8392
vn -0.5376 0.4160 0.7335
vn -0.5460 0.2174 0.8091
f -3//-3 -2//-2 -1//-1
v -0.080215 -0.012116 0.365701
v -0.112786 -0.014041 0.348318
v -0.079942 -0.047240 0.354172
vn -0.3542 -0.1889 0.9159
vn -0.5458 -0.2002 0.8136
vn -0.3526 -0.3955 0.8481
f -3//-3 -2//-2 -1//-1
v -0.080255 0.055457 0.364959
v -0.080022 0.090320 0.352662
v -0.112827 0.056962 0.347539
vn -0.3544 0.2086 0.9115
vn -0.3531 0.4136 0.8392
vn -0.5460 0.2174 0.8091
f -3//-3 -2//-2 -1//-1
v -0.080215 -0.012116 0.365701
v -0.110070 0.021531 0.354170
v -0.112786 -0.014041 0.348318
vn -0.3542 -0.1889 0.9159
vn -0.5298 0.0090 0.8481
vn -0.5458 -0.2002 0.8136
f -3//-3 -2//-2 -1//-1
v -0.080255 0.055457 0.364959
v -0.112827 0.056962 0.347539
v -0.110070 0.021531 0.354170
vn -0.3544 0.2086 0.9115
vn -0.5460 0.2174 0.8091
vn -0.5298 0.0090 0.8481
f -3//-3 -2//-2 -1//-1
v -0.045867 -0.043366 0.365614
v -0.047482 -0.011374 0.374804
v -0.080215 -0.012116 0.365701
vn -0.1522 -0.3727 0.9154
vn -0.1617 -0.1846 0.9694
vn -0.3542 -0.1889 0.9159
f -3//-3 -2//-2 -1//-1
v -0.045943 0.086738 0.364185
v -0.080255 0.055457 0.364959
v -0.047520 0.054953 0.374076
vn -0.1526 0.3926 0.9070
vn -0.3544 0.2086 0.9115
vn -0.1619 0.2056 0.9652
f -3//-3 -2//-2 -1//-1
v -0.080215 -0.012116 0.365701
v -0.080212 0.021711 0.368970
v -0.110070 0.021531 0.354170
vn -0.3542 -0.1889 0.9159
vn -0.3542 0.0101 0.9351
vn -0.5298 0.0090 0.8481
f -3//-3 -2//-2 -1//-1
v -0.080255 0.055457 0.364959
v -0.110070 0.021531 0.354170
v -0.080212 0.021711 0.368970
vn -0.3544 0.2086 0.9115
vn -0.5298 0.0090 0.8481
vn -0.3542 0.0101 0.9351
f -3//-3 -2//-2 -1//-1
v -0.047482 -0.011374 0.374804
v -0.080212 0.021711 0.368970
v -0.080215 -0.012116 0.365701
vn -0.1617 -0.1846 0.9694
vn -0.3542 0.0101 0.9351
vn -0.3542 -0.1889 0.9159
f -3//-3 -2//-2 -1//-1
v -0.047520 0.054953 0.374076
v -0.080255 0.055457 0.364959
v -0.080212 0.021711 0.368970
vn -0.1619 0.2056 0.9652
vn -0.3544 0.2086 0.9115
vn -0.3542 0.0101 0.9351
f -3//-3 -2//-2 -1//-1
v -0.047482 -0.011374 0.374804
v -0.048040 0.021825 0.377662
v -0.080212 0.021711 0.368970
vn -0.1617 -0.1846 0.9694
vn -0.1649 0.0107 0.9862
vn -0.3542 0.0101 0.9351
f -3//-3 -2//-2 -1//-1
v -0.047520 0.054953 0.374076
v -0.080212 0.021711 0.368970
v -0.048040 0.021825 0.377662
vn -0.1619 0.2056 0.9652
vn -0.3542 0.0101 0.9351
vn -0.1649 0.0107 0.9862
f -3//-3 -2//-2 -1//-1
usemtl vmd_mat_cindex_1
v -0.044733 -0.558832 0.366283
v -0.044234 -0.588515 0.363728
v -0.015004 -0.558793 0.368293
vn -0.1649 0.0107 0.9862
vn -0.1617 -0.1846 0.9694
vn 0.0306 0.0110 0.9995
f -3//-3 -2//-2 -1//-1
v -0.044733 -0.558832 0.366283
v -0.015004 -0.558793 0.368293
v -0.044269 -0.529211 0.363077
vn -0.1649 0.0107 0.9862
vn 0.0306 0.0110 0.9995
vn -0.1619 0.2056 0.9652
f -3//-3 -2//-2 -1//-1
v -0.015004 -0.558793 0.368293
v -0.013908 -0.589035 0.365553
v 0.014546 -0.558817 0.364465
vn 0.0306 0.0110 0.9995
vn 0.0379 -0.1880 0.9814
vn 0.2251 0.0108 0.9743
f -3//-3 -2//-2 -1//-1
v -0.015004 -0.558793 0.368293
v 0.014546 -0.558817 0.364465
v -0.013943 -0.528616 0.364890
vn 0.0306 0.0110 0.9995
vn 0.2251 0.0108 0.9743
vn 0.0376 0.2095 0.9771
f -3//-3 -2//-2 -1//-1
v -0.044234 -0.588515 0.363728
v -0.013908 -0.589035 0.365553
v -0.015004 -0.558793 0.368293
vn -0.1617 -0.1846 0.9694
vn 0.0379 -0.1880 0.9814
vn 0.0306 0.0110 0.9995
f -3//-3 -2//-2 -1//-1
v -0.044269 -0.529211 0.363077
v -0.015004 -0.558793 0.368293
v -0.013943 -0.528616 0.364890
vn -0.1619 0.2056 0.9652
vn 0.0306 0.0110 0.9995
vn 0.0376 0.2095 0.9771
f -3//-3 -2//-2 -1//-1
v -0.044234 -0.588515 0.363728
v -0.042791 -0.617120 0.355510
v -0.013908 -0.589035 0.365553
vn -0.1617 -0.1846 0.9694
vn -0.1522 -0.3727 0.9154
vn 0.0379 -0.1880 0.9814
f -3//-3 -2//-2 -1//-1
v -0.044269 -0.529211 0.363077
v -0.013943 -0.528616 0.364890
v -0.042859 -0.500792 0.354233
vn -0.1619 0.2056 0.9652
vn 0.0376 0.2095 0.9771
vn -0.1526 0.3926 0.9070
f -3//-3 -2//-2 -1//-1
v 0.014546 -0.558817 0.364465
v 0.018694 -0.590607 0.360332
v 0.042782 -0.558905 0.354946
vn 0.2251 0.0108 0.9743
vn 0.2523 -0.1983 0.9471
vn 0.4108 0.0102 0.9117
f -3//-3 -2//-2 -1//-1
v 0.014546 -0.558817 0.364465
v 0.042782 -0.558905 0.354946
v 0.018657 -0.527122 0.359635
vn 0.2251 0.0108 0.9743
vn 0.4108 0.0102 0.9117
vn 0.2521 0.2194 0.9425
f -3//-3 -2//-2 -1//-1
v 0.042782 -0.558905 0.354946
v 0.047139 -0.591087 0.349429
v 0.068618 -0.559053 0.340101
vn 0.4108 0.0102 0.9117
vn 0.4395 -0.2015 0.8754
vn 0.5808 0.0093 0.8140
f -3//-3 -2//-2 -1//-1
v 0.042782 -0.558905 0.354946
v 0.068618 -0.559053 0.340101
v 0.047101 -0.526848 0.348724
vn 0.4108 0.0102 0.9117
vn 0.5808 0.0093 0.8140
vn 0.4392 0.2212 0.8707
f -3//-3 -2//-2 -1//-1
v 0.018694 -0.590607 0.360332
v 0.047139 -0.591087 0.349429
v 0.042782 -0.558905 0.354946
vn 0.2523 -0.1983 0.9471
vn 0.4395 -0.2015 0.8754
vn 0.4108 0.0102 0.9117
f -3//-3 -2//-2 -1//-1
v 0.018657 -0.527122 0.359635
v 0.042782 -0.558905 0.354946
v 0.047101 -0.526848 0.348724
vn 0.2521 0.2194 0.9425
vn 0.4108 0.0102 0.9117
vn 0.4392 0.2212 0.8707
f -3//-3 -2//-2 -1//-1
v 0.018694 -0.590607 0.360332
v 0.021107 -0.621033 0.349689
v 0.047139 -0.591087 0.349429
vn 0.2523 -0.1983 0.9471
vn 0.2682 -0.3985 0.8771
vn 0.4395 -0.2015 0.8754
f -3//-3 -2//-2 -1//-1
v 0.018657 -0.527122 0.359635
v 0.047101 -0.526848 0.348724
v 0.021035 -0.496933 0.348327
vn 0.2521 0.2194 0.9425
vn 0.4392 0.2212 0.8707
vn 0.2677 0.4180 0.8681
f -3//-3 -2//-2 -1//-1
v -0.042791 -0.617120 0.355510
v -0.010638 -0.620433 0.355751
v -0.013908 -0.589035 0.365553
vn -0.1522 -0.3727 0.9154
vn 0.0594 -0.3945 0.9170
vn 0.0379 -0.1880 0.9814
f -3//-3 -2//-2 -1//-1
v -0.042859 -0.500792 0.354233
v -0.013943 -0.528616 0.364890
v -0.010709 -0.497437 0.354401
vn -0.1526 0.3926 0.9070
vn 0.0376 0.2095 0.9771
vn 0.0589 0.4146 0.9081
f -3//-3 -2//-2 -1//-1
v -0.013908 -0.589035 0.365553
v 0.018694 -0.590607 0.360332
v 0.014546 -0.558817 0.364465
vn 0.0379 -0.1880 0.9814
vn 0.2523 -0.1983 0.9471
vn 0.2251 0.0108 0.9743
f -3//-3 -2//-2 -1//-1
v -0.013943 -0.528616 0.364890
v 0.014546 -0.558817 0.364465
v 0.018657 -0.527122 0.359635
vn 0.0376 0.2095 0.9771
vn 0.2251 0.0108 0.9743
vn 0.2521 0.2194 0.9425
f -3//-3 -2//-2 -1//-1
v -0.010638 -0.620433 0.355751
v 0.018694 -0.590607 0.360332
v -0.013908 -0.589035 0.365553
vn 0.0594 -0.3945 0.9170
vn 0.2523 -0.1983 0.9471
vn 0.0379 -0.1880 0.9814
f -3//-3 -2//-2 -1//-1
v -0.010709 -0.497437 0.354401
v -0.013943 -0.528616 0.364890
v 0.018657 -0.527122 0.359635
vn 0.0589 0.4146 0.9081
vn 0.0376 0.2095 0.9771
vn 0.2521 0.2194 0.9425
f -3//-3 -2//-2 -1//-1
v -0.010638 -0.620433 0.355751
v 0.021107 -0.621033 0.349689
v 0.018694 -0.590607 0.360332
vn 0.0594 -0.3945 0.9170
vn 0.2682 -0.3985 0.8771
vn 0.2523 -0.1983 0.9471
f -3//-3 -2//-2 -1//-1
v -0.010709 -0.497437 0.354401
v 0.018657 -0.527122 0.359635
v 0.021035 -0.496933 0.348327
vn 0.0589 0.4146 0.9081
vn 0.2521 0.2194 0.9425
vn 0.2677 0.4180 0.8681
f -3//-3 -2//-2 -1//-1
v -0.042791 -0.617120 0.355510
v -0.040459 -0.643548 0.341945
v -0.010638 -0.620433 0.355751
vn -0.1522 -0.3727 0.9154
vn -0.1368 -0.5466 0.8261
vn 0.0594 -0.3945 0.9170
f -3//-3 -2//-2 -1//-1
v -0.042859 -0.500792 0.354233
v -0.010709 -0.497437 0.354401
v -0.040557 -0.474665 0.340091
vn -0.1526 0.3926 0.9070
vn 0.0589 0.4146 0.9081
vn -0.1375 0.5645 0.8139
f -3//-3 -2//-2 -1//-1
v -0.010638 -0.620433 0.355751
v -0.007703 -0.646852 0.340864
v 0.021107 -0.621033 0.349689
vn 0.0594 -0.3945 0.9170
vn 0.0787 -0.5683 0.8190
vn 0.2682 -0.3985 0.8771
f -3//-3 -2//-2 -1//-1
v -0.010709 -0.497437 0.354401
v 0.021035 -0.496933 0.348327
v -0.007805 -0.471348 0.338937
vn 0.0589 0.4146 0.9081
vn 0.2677 0.4180 0.8681
vn 0.0780 0.5863 0.8063
f -3//-3 -2//-2 -1//-1
v -0.040459 -0.643548 0.341945
v -0.007703 -0.646852 0.340864
v -0.010638 -0.620433 0.355751
vn -0.1368 -0.5466 0.8261
vn 0.0787 -0.5683 0.8190
vn 0.0594 -0.3945 0.9170
f -3//-3 -2//-2 -1//-1
v -0.040557 -0.474665 0.340091
v -0.010709 -0.497437 0.354401
v -0.007805 -0.471348 0.338937
vn -0.1375 0.5645 0.8139
vn 0.0589 0.4146 0.9081
vn 0.0780 0.5863 0.8063
f -3//-3 -2//-2 -1//-1
v -0.040459 -0.643548 0.341945
v -0.037328 -0.666783 0.323555
v -0.007703 -0.646852 0.340864
vn -0.1368 -0.5466 0.8261
vn -0.1162 -0.6995 0.7051
vn 0.0787 -0.5683 0.8190
f -3//-3 -2//-2 -1//-1
v -0.040557 -0.474665 0.340091
v -0.007805 -0.471348 0.338937
v -0.037453 -0.451836 0.321195
vn -0.1375 0.5645 0.8139
vn 0.0780 0.5863 0.8063
vn -0.1170 0.7147 0.6896
f -3//-3 -2//-2 -1//-1
v 0.068618 -0.559053 0.340101
v 0.084118 -0.591355 0.323047
v 0.091061 -0.559256 0.320502
vn 0.5808 0.0093 0.8140
vn 0.6828 -0.2032 0.7018
vn 0.7284 0.0079 0.6851
f -3//-3 -2//-2 -1//-1
v 0.068618 -0.559053 0.340101
v 0.091061 -0.559256 0.320502
v 0.084081 -0.527116 0.322342
vn 0.5808 0.0093 0.8140
vn 0.7284 0.0079 0.6851
vn 0.6825 0.2194 0.6972
f -3//-3 -2//-2 -1//-1
v 0.091061 -0.559256 0.320502
v 0.103687 -0.591223 0.299696
v 0.109250 -0.559504 0.296901
vn 0.7284 0.0079 0.6851
vn 0.8115 -0.2024 0.5482
vn 0.8481 0.0063 0.5298
f -3//-3 -2//-2 -1//-1
v 0.091061 -0.559256 0.320502
v 0.109250 -0.559504 0.296901
v 0.103650 -0.527738 0.298999
vn 0.7284 0.0079 0.6851
vn 0.8481 0.0063 0.5298
vn 0.8113 0.2153 0.5436
f -3//-3 -2//-2 -1//-1
v 0.084118 -0.591355 0.323047
v 0.103687 -0.591223 0.299696
v 0.091061 -0.559256 0.320502
vn 0.6828 -0.2032 0.7018
vn 0.8115 -0.2024 0.5482
vn 0.7284 0.0079 0.6851
f -3//-3 -2//-2 -1//-1
v 0.084081 -0.527116 0.322342
v 0.091061 -0.559256 0.320502
v 0.103650 -0.527738 0.298999
vn 0.6825 0.2194 0.6972
vn 0.7284 0.0079 0.6851
vn 0.8113 0.2153 0.5436
f -3//-3 -2//-2 -1//-1
v 0.084118 -0.591355 0.323047
v 0.092546 -0.621551 0.298723
v 0.103687 -0.591223 0.299696
vn 0.6828 -0.2032 0.7018
vn 0.7382 -0.4019 0.5418
vn 0.8115 -0.2024 0.5482
f -3//-3 -2//-2 -1//-1
v 0.084081 -0.527116 0.322342
v 0.103650 -0.527738 0.298999
v 0.092474 -0.497452 0.297361
vn 0.6825 0.2194 0.6972
vn 0.8113 0.2153 0.5436
vn 0.7377 0.4146 0.5328
f -3//-3 -2//-2 -1//-1
v 0.109250 -0.559504 0.296901
v 0.119246 -0.590000 0.270558
v 0.122484 -0.559790 0.270206
vn 0.8481 0.0063 0.5298
vn 0.9139 -0.1943 0.3565
vn 0.9352 0.0044 0.3542
f -3//-3 -2//-2 -1//-1
v 0.109250 -0.559504 0.296901
v 0.122484 -0.559790 0.270206
v 0.119211 -0.529582 0.269895
vn 0.8481 0.0063 0.5298
vn 0.9352 0.0044 0.3542
vn 0.9136 0.2032 0.3521
f -3//-3 -2//-2 -1//-1
v 0.122484 -0.559790 0.270206
v 0.127392 -0.589760 0.241286
v 0.130256 -0.560101 0.241442
vn 0.9352 0.0044 0.3542
vn 0.9675 -0.1927 0.1639
vn 0.9863 0.0024 0.1649
f -3//-3 -2//-2 -1//-1
v 0.122484 -0.559790 0.270206
v 0.130256 -0.560101 0.241442
v 0.127358 -0.530456 0.240634
vn 0.9352 0.0044 0.3542
vn 0.9863 0.0024 0.1649
vn 0.9672 0.1974 0.1596
f -3//-3 -2//-2 -1//-1
v 0.119246 -0.590000 0.270558
v 0.127392 -0.589760 0.241286
v 0.122484 -0.559790 0.270206
vn 0.9139 -0.1943 0.3565
vn 0.9675 -0.1927 0.1639
vn 0.9352 0.0044 0.3542
f -3//-3 -2//-2 -1//-1
v 0.119211 -0.529582 0.269895
v 0.122484 -0.559790 0.270206
v 0.127358 -0.530456 0.240634
vn 0.9136 0.2032 0.3521
vn 0.9352 0.0044 0.3542
vn 0.9672 0.1974 0.1596
f -3//-3 -2//-2 -1//-1
v 0.119246 -0.590000 0.270558
v 0.118878 -0.618293 0.240172
v 0.127392 -0.589760 0.241286
vn 0.9139 -0.1943 0.3565
vn 0.9114 -0.3805 0.1566
vn 0.9675 -0.1927 0.1639
f -3//-3 -2//-2 -1//-1
v 0.119211 -0.529582 0.269895
v 0.127358 -0.530456 0.240634
v 0.118810 -0.501964 0.238895
vn 0.9136 0.2032 0.3521
vn 0.9672 0.1974 0.1596
vn 0.9110 0.3849 0.1482
f -3//-3 -2//-2 -1//-1
v 0.092546 -0.621551 0.298723
v 0.108612 -0.621298 0.270675
v 0.103687 -0.591223 0.299696
vn 0.7382 -0.4019 0.5418
vn 0.8439 -0.4002 0.3573
vn 0.8115 -0.2024 0.5482
f -3//-3 -2//-2 -1//-1
v 0.092474 -0.497452 0.297361
v 0.103650 -0.527738 0.298999
v 0.108541 -0.498302 0.269325
vn 0.7377 0.4146 0.5328
vn 0.8113 0.2153 0.5436
vn 0.8434 0.4090 0.3484
f -3//-3 -2//-2 -1//-1
v 0.103687 -0.591223 0.299696
v 0.119246 -0.590000 0.270558
v 0.109250 -0.559504 0.296901
vn 0.8115 -0.2024 0.5482
vn 0.9139 -0.1943 0.3565
vn 0.8481 0.0063 0.5298
f -3//-3 -2//-2 -1//-1
v 0.103650 -0.527738 0.298999
v 0.109250 -0.559504 0.296901
v 0.119211 -0.529582 0.269895
vn 0.8113 0.2153 0.5436
vn 0.8481 0.0063 0.5298
vn 0.9136 0.2032 0.3521
f -3//-3 -2//-2 -1//-1
v 0.108612 -0.621298 0.270675
v 0.119246 -0.590000 0.270558
v 0.103687 -0.591223 0.299696
vn 0.8439 -0.4002 0.3573
vn 0.9139 -0.1943 0.3565
vn 0.8115 -0.2024 0.5482
f -3//-3 -2//-2 -1//-1
v 0.108541 -0.498302 0.269325
v 0.103650 -0.527738 0.298999
v 0.119211 -0.529582 0.269895
vn 0.8434 0.4090 0.3484
vn 0.8113 0.2153 0.5436
vn 0.9136 0.2032 0.3521
f -3//-3 -2//-2 -1//-1
v 0.108612 -0.621298 0.270675
v 0.118878 -0.618293 0.240172
v 0.119246 -0.590000 0.270558
vn 0.8439 -0.4002 0.3573
vn 0.9114 -0.3805 0.1566
vn 0.9139 -0.1943 0.3565
f -3//-3 -2//-2 -1//-1
v 0.108541 -0.498302 0.269325
v 0.119211 -0.529582 0.269895
v 0.118810 -0.501964 0.238895
vn 0.8434 0.4090 0.3484
vn 0.9136 0.2032 0.3521
vn 0.9110 0.3849 0.1482
f -3//-3 -2//-2 -1//-1
v 0.092546 -0.621551 0.298723
v 0.093327 -0.647584 0.268787
v 0.108612 -0.621298 0.270675
vn 0.7382 -0.4019 0.5418
vn 0.7434 -0.5732 0.3448
vn 0.8439 -0.4002 0.3573
f -3//-3 -2//-2 -1//-1
v 0.092474 -0.497452 0.297361
v 0.108541 -0.498302 0.269325
v 0.093225 -0.472081 0.266860
vn 0.7377 0.4146 0.5328
vn 0.8434 0.4090 0.3484
vn 0.7427 0.5815 0.3322
f -3//-3 -2//-2 -1//-1
v 0.108612 -0.621298 0.270675
v 0.105039 -0.644603 0.238144
v 0.118878 -0.618293 0.240172
vn 0.8439 -0.4002 0.3573
vn 0.8204 -0.5536 0.1432
vn 0.9114 -0.3805 0.1566
f -3//-3 -2//-2 -1//-1
v 0.108541 -0.498302 0.269325
v 0.118810 -0.501964 0.238895
v 0.104941 -0.475721 0.236290
vn 0.8434 0.4090 0.3484
vn 0.9110 0.3849 0.1482
vn 0.8198 0.5575 0.1310
f -3//-3 -2//-2 -1//-1
v 0.093327 -0.647584 0.268787
v 0.105039 -0.644603 0.238144
v 0.108612 -0.621298 0.270675
vn 0.7434 -0.5732 0.3448
vn 0.8204 -0.5536 0.1432
vn 0.8439 -0.4002 0.3573
f -3//-3 -2//-2 -1//-1
v 0.093225 -0.472081 0.266860
v 0.108541 -0.498302 0.269325
v 0.104941 -0.475721 0.236290
vn 0.7427 0.5815 0.3322
vn 0.8434 0.4090 0.3484
vn 0.8198 0.5575 0.1310
f -3//-3 -2//-2 -1//-1
v 0.093327 -0.647584 0.268787
v 0.086408 -0.667681 0.235279
v 0.105039 -0.644603 0.238144
vn 0.7434 -0.5732 0.3448
vn 0.6978 -0.7054 0.1244
vn 0.8204 -0.5536 0.1432
f -3//-3 -2//-2 -1//-1
v 0.093225 -0.472081 0.266860
v 0.104941 -0.475721 0.236290
v 0.086283 -0.452734 0.232919
vn 0.7427 0.5815 0.3322
vn 0.8198 0.5575 0.1310
vn 0.6970 0.7087 0.1089
f -3//-3 -2//-2 -1//-1
v -0.037328 -0.666783 0.323555
v -0.002386 -0.679316 0.309537
v -0.007703 -0.646852 0.340864
vn -0.1162 -0.6995 0.7051
vn 0.1137 -0.7819 0.6129
vn 0.0787 -0.5683 0.8190
f -3//-3 -2//-2 -1//-1
v -0.037453 -0.451836 0.321195
v -0.007805 -0.471348 0.338937
v -0.002525 -0.439574 0.306905
vn -0.1170 0.7147 0.6896
vn 0.0780 0.5863 0.8063
vn 0.1127 0.7953 0.5956
f -3//-3 -2//-2 -1//-1
v -0.007703 -0.646852 0.340864
v 0.028284 -0.656479 0.324012
v 0.021107 -0.621033 0.349689
vn 0.0787 -0.5683 0.8190
vn 0.3154 -0.6317 0.7082
vn 0.2682 -0.3985 0.8771
f -3//-3 -2//-2 -1//-1
v -0.007805 -0.471348 0.338937
v 0.021035 -0.496933 0.348327
v 0.028171 -0.462052 0.321877
vn 0.0780 0.5863 0.8063
vn 0.2677 0.4180 0.8681
vn 0.3147 0.6474 0.6941
f -3//-3 -2//-2 -1//-1
v -0.002386 -0.679316 0.309537
v 0.028284 -0.656479 0.324012
v -0.007703 -0.646852 0.340864
vn 0.1137 -0.7819 0.6129
vn 0.3154 -0.6317 0.7082
vn 0.0787 -0.5683 0.8190
f -3//-3 -2//-2 -1//-1
v -0.002525 -0.439574 0.306905
v -0.007805 -0.471348 0.338937
v 0.028171 -0.462052 0.321877
vn 0.1127 0.7953 0.5956
vn 0.0780 0.5863 0.8063
vn 0.3147 0.6474 0.6941
f -3//-3 -2//-2 -1//-1
v -0.002386 -0.679316 0.309537
v 0.031378 -0.683749 0.289170
v 0.028284 -0.656479 0.324012
vn 0.1137 -0.7819 0.6129
vn 0.3358 -0.8111 0.4789
vn 0.3154 -0.6317 0.7082
f -3//-3 -2//-2 -1//-1
v -0.002525 -0.439574 0.306905
v 0.028171 -0.462052 0.321877
v 0.031234 -0.435550 0.286445
vn 0.1127 0.7953 0.5956
vn 0.3147 0.6474 0.6941
vn 0.3348 0.8218 0.4610
f -3//-3 -2//-2 -1//-1
v 0.021107 -0.621033 0.349689
v 0.060228 -0.623997 0.329001
v 0.047139 -0.591087 0.349429
vn 0.2682 -0.3985 0.8771
vn 0.5256 -0.4180 0.7410
vn 0.4395 -0.2015 0.8754
f -3//-3 -2//-2 -1//-1
v 0.021035 -0.496933 0.348327
v 0.047101 -0.526848 0.348724
v 0.060152 -0.494379 0.327578
vn 0.2677 0.4180 0.8681
vn 0.4392 0.2212 0.8707
vn 0.5251 0.4348 0.7316
f -3//-3 -2//-2 -1//-1
v 0.047139 -0.591087 0.349429
v 0.084118 -0.591355 0.323047
v 0.068618 -0.559053 0.340101
vn 0.4395 -0.2015 0.8754
vn 0.6828 -0.2032 0.7018
vn 0.5808 0.0093 0.8140
f -3//-3 -2//-2 -1//-1
v 0.047101 -0.526848 0.348724
v 0.068618 -0.559053 0.340101
v 0.084081 -0.527116 0.322342
vn 0.4392 0.2212 0.8707
vn 0.5808 0.0093 0.8140
vn 0.6825 0.2194 0.6972
f -3//-3 -2//-2 -1//-1
v 0.060228 -0.623997 0.329001
v 0.084118 -0.591355 0.323047
v 0.047139 -0.591087 0.349429
vn 0.5256 -0.4180 0.7410
vn 0.6828 -0.2032 0.7018
vn 0.4395 -0.2015 0.8754
f -3//-3 -2//-2 -1//-1
v 0.060152 -0.494379 0.327578
v 0.047101 -0.526848 0.348724
v 0.084081 -0.527116 0.322342
vn 0.5251 0.4348 0.7316
vn 0.4392 0.2212 0.8707
vn 0.6825 0.2194 0.6972
f -3//-3 -2//-2 -1//-1
v 0.060228 -0.623997 0.329001
v 0.092546 -0.621551 0.298723
v 0.084118 -0.591355 0.323047
vn 0.5256 -0.4180 0.7410
vn 0.7382 -0.4019 0.5418
vn 0.6828 -0.2032 0.7018
f -3//-3 -2//-2 -1//-1
v 0.060152 -0.494379 0.327578
v 0.084081 -0.527116 0.322342
v 0.092474 -0.497452 0.297361
vn 0.5251 0.4348 0.7316
vn 0.6825 0.2194 0.6972
vn 0.7377 0.4146 0.5328
f -3//-3 -2//-2 -1//-1
v 0.031378 -0.683749 0.289170
v 0.065592 -0.656749 0.297396
v 0.028284 -0.656479 0.324012
vn 0.3358 -0.8111 0.4789
vn 0.5609 -0.6335 0.5330
vn 0.3154 -0.6317 0.7082
f -3//-3 -2//-2 -1//-1
v 0.031234 -0.435550 0.286445
v 0.028171 -0.462052 0.321877
v 0.065479 -0.462322 0.295261
vn 0.3348 0.8218 0.4610
vn 0.3147 0.6474 0.6941
vn 0.5601 0.6457 0.5190
f -3//-3 -2//-2 -1//-1
v 0.028284 -0.656479 0.324012
v 0.060228 -0.623997 0.329001
v 0.021107 -0.621033 0.349689
vn 0.3154 -0.6317 0.7082
vn 0.5256 -0.4180 0.7410
vn 0.2682 -0.3985 0.8771
f -3//-3 -2//-2 -1//-1
v 0.028171 -0.462052 0.321877
v 0.021035 -0.496933 0.348327
v 0.060152 -0.494379 0.327578
vn 0.3147 0.6474 0.6941
vn 0.2677 0.4180 0.8681
vn 0.5251 0.4348 0.7316
f -3//-3 -2//-2 -1//-1
v 0.065592 -0.656749 0.297396
v 0.060228 -0.623997 0.329001
v 0.028284 -0.656479 0.324012
vn 0.5609 -0.6335 0.5330
vn 0.5256 -0.4180 0.7410
vn 0.3154 -0.6317 0.7082
f -3//-3 -2//-2 -1//-1
v 0.065479 -0.462322 0.295261
v 0.028171 -0.462052 0.321877
v 0.060152 -0.494379 0.327578
vn 0.5601 0.6457 0.5190
vn 0.3147 0.6474 0.6941
vn 0.5251 0.4348 0.7316
f -3//-3 -2//-2 -1//-1
v 0.065592 -0.656749 0.297396
v 0.092546 -0.621551 0.298723
v 0.060228 -0.623997 0.329001
vn 0.5609 -0.6335 0.5330
vn 0.7382 -0.4019 0.5418
vn 0.5256 -0.4180 0.7410
f -3//-3 -2//-2 -1//-1
v 0.065479 -0.462322 0.295261
v 0.060152 -0.494379 0.327578
v 0.092474 -0.497452 0.297361
vn 0.5601 0.6457 0.5190
vn 0.5251 0.4348 0.7316
vn 0.7377 0.4146 0.5328
f -3//-3 -2//-2 -1//-1
v 0.031378 -0.683749 0.289170
v 0.061664 -0.679780 0.263842
v 0.065592 -0.656749 0.297396
vn 0.3358 -0.8111 0.4789
vn 0.5350 -0.7850 0.3123
vn 0.5609 -0.6335 0.5330
f -3//-3 -2//-2 -1//-1
v 0.031234 -0.435550 0.286445
v 0.065479 -0.462322 0.295261
v 0.061525 -0.440038 0.261210
vn 0.3348 0.8218 0.4610
vn 0.5601 0.6457 0.5190
vn 0.5341 0.7923 0.2950
f -3//-3 -2//-2 -1//-1
v 0.065592 -0.656749 0.297396
v 0.093327 -0.647584 0.268787
v 0.092546 -0.621551 0.298723
vn 0.5609 -0.6335 0.5330
vn 0.7434 -0.5732 0.3448
vn 0.7382 -0.4019 0.5418
f -3//-3 -2//-2 -1//-1
v 0.065479 -0.462322 0.295261
v 0.092474 -0.497452 0.297361
v 0.093225 -0.472081 0.266860
vn 0.5601 0.6457 0.5190
vn 0.7377 0.4146 0.5328
vn 0.7427 0.5815 0.3322
f -3//-3 -2//-2 -1//-1
v 0.061664 -0.679780 0.263842
v 0.093327 -0.647584 0.268787
v 0.065592 -0.656749 0.297396
vn 0.5350 -0.7850 0.3123
vn 0.7434 -0.5732 0.3448
vn 0.5609 -0.6335 0.5330
f -3//-3 -2//-2 -1//-1
v 0.061525 -0.440038 0.261210
v 0.065479 -0.462322 0.295261
v 0.093225 -0.472081 0.266860
vn 0.5341 0.7923 0.2950
vn 0.5601 0.6457 0.5190
vn 0.7427 0.5815 0.3322
f -3//-3 -2//-2 -1//-1
v 0.061664 -0.679780 0.263842
v 0.086408 -0.667681 0.235279
v 0.093327 -0.647584 0.268787
vn 0.5350 -0.7850 0.3123
vn 0.6978 -0.7054 0.1244
vn 0.7434 -0.5732 0.3448
f -3//-3 -2//-2 -1//-1
v 0.061525 -0.440038 0.261210
v 0.093225 -0.472081 0.266860
v 0.086283 -0.452734 0.232919
vn 0.5341 0.7923 0.2950
vn 0.7427 0.5815 0.3322
vn 0.6970 0.7087 0.1089
f -3//-3 -2//-2 -1//-1
v -0.037328 -0.666783 0.323555
v -0.033518 -0.685932 0.301046
v -0.002386 -0.679316 0.309537
vn -0.1162 -0.6995 0.7051
vn -0.0912 -0.8255 0.5571
vn 0.1137 -0.7819 0.6129
f -3//-3 -2//-2 -1//-1
v -0.037453 -0.451836 0.321195
v -0.002525 -0.439574 0.306905
v -0.033665 -0.433182 0.298271
vn -0.1170 0.7147 0.6896
vn 0.1127 0.7953 0.5956
vn -0.0921 0.8374 0.5388
f -3//-3 -2//-2 -1//-1
v -0.002386 -0.679316 0.309537
v 0.001582 -0.695048 0.283750
v 0.031378 -0.683749 0.289170
vn 0.1137 -0.7819 0.6129
vn 0.1398 -0.8854 0.4433
vn 0.3358 -0.8111 0.4789
f -3//-3 -2//-2 -1//-1
v -0.002525 -0.439574 0.306905
v 0.031234 -0.435550 0.286445
v 0.001425 -0.424407 0.280779
vn 0.1127 0.7953 0.5956
vn 0.3348 0.8218 0.4610
vn 0.1387 0.8951 0.4237
f -3//-3 -2//-2 -1//-1
v -0.033518 -0.685932 0.301046
v 0.001582 -0.695048 0.283750
v -0.002386 -0.679316 0.309537
vn -0.0912 -0.8255 0.5571
vn 0.1398 -0.8854 0.4433
vn 0.1137 -0.7819 0.6129
f -3//-3 -2//-2 -1//-1
v -0.033665 -0.433182 0.298271
v -0.002525 -0.439574 0.306905
v 0.001425 -0.424407 0.280779
vn -0.0921 0.8374 0.5388
vn 0.1127 0.7953 0.5956
vn 0.1387 0.8951 0.4237
f -3//-3 -2//-2 -1//-1
v -0.033518 -0.685932 0.301046
v -0.029175 -0.700260 0.275283
v 0.001582 -0.695048 0.283750
vn -0.0912 -0.8255 0.5571
vn -0.0626 -0.9197 0.3876
vn 0.1398 -0.8854 0.4433
f -3//-3 -2//-2 -1//-1
v -0.033665 -0.433182 0.298271
v 0.001425 -0.424407 0.280779
v -0.029338 -0.419418 0.272199
vn -0.0921 0.8374 0.5388
vn 0.1387 0.8951 0.4237
vn -0.0637 0.9279 0.3673
f -3//-3 -2//-2 -1//-1
v 0.031378 -0.683749 0.289170
v 0.035839 -0.695296 0.259310
v 0.061664 -0.679780 0.263842
vn 0.3358 -0.8111 0.4789
vn 0.3651 -0.8871 0.2825
vn 0.5350 -0.7850 0.3123
f -3//-3 -2//-2 -1//-1
v 0.031234 -0.435550 0.286445
v 0.061525 -0.440038 0.261210
v 0.035682 -0.424656 0.256339
vn 0.3348 0.8218 0.4610
vn 0.5341 0.7923 0.2950
vn 0.3641 0.8935 0.2629
f -3//-3 -2//-2 -1//-1
v 0.061664 -0.679780 0.263842
v 0.063701 -0.686637 0.231688
v 0.086408 -0.667681 0.235279
vn 0.5350 -0.7850 0.3123
vn 0.5484 -0.8301 0.1008
vn 0.6978 -0.7054 0.1244
f -3//-3 -2//-2 -1//-1
v 0.061525 -0.440038 0.261210
v 0.086283 -0.452734 0.232919
v 0.063554 -0.433887 0.228913
vn 0.5341 0.7923 0.2950
vn 0.6970 0.7087 0.1089
vn 0.5475 0.8327 0.0825
f -3//-3 -2//-2 -1//-1
v 0.035839 -0.695296 0.259310
v 0.063701 -0.686637 0.231688
v 0.061664 -0.679780 0.263842
vn 0.3651 -0.8871 0.2825
vn 0.5484 -0.8301 0.1008
vn 0.5350 -0.7850 0.3123
f -3//-3 -2//-2 -1//-1
v 0.035682 -0.424656 0.256339
v 0.061525 -0.440038 0.261210
v 0.063554 -0.433887 0.228913
vn 0.3641 0.8935 0.2629
vn 0.5341 0.7923 0.2950
vn 0.5475 0.8327 0.0825
f -3//-3 -2//-2 -1//-1
v 0.035839 -0.695296 0.259310
v 0.037790 -0.700745 0.227508
v 0.063701 -0.686637 0.231688
vn 0.3651 -0.8871 0.2825
vn 0.3780 -0.9229 0.0733
vn 0.5484 -0.8301 0.1008
f -3//-3 -2//-2 -1//-1
v 0.035682 -0.424656 0.256339
v 0.063554 -0.433887 0.228913
v 0.037627 -0.419904 0.224425
vn 0.3641 0.8935 0.2629
vn 0.5475 0.8327 0.0825
vn 0.3769 0.9247 0.0530
f -3//-3 -2//-2 -1//-1
v -0.029175 -0.700260 0.275283
v 0.005236 -0.705930 0.252753
v 0.001582 -0.695048 0.283750
vn -0.0626 -0.9197 0.3876
vn 0.1638 -0.9570 0.2393
vn 0.1398 -0.8854 0.4433
f -3//-3 -2//-2 -1//-1
v -0.029338 -0.419418 0.272199
v 0.001425 -0.424407 0.280779
v 0.005067 -0.414204 0.249550
vn -0.0637 0.9279 0.3673
vn 0.1387 0.8951 0.4237
vn 0.1627 0.9622 0.2183
f -3//-3 -2//-2 -1//-1
v 0.001582 -0.695048 0.283750
v 0.035839 -0.695296 0.259310
v 0.031378 -0.683749 0.289170
vn 0.1398 -0.8854 0.4433
vn 0.3651 -0.8871 0.2825
vn 0.3358 -0.8111 0.4789
f -3//-3 -2//-2 -1//-1
v 0.001425 -0.424407 0.280779
v 0.031234 -0.435550 0.286445
v 0.035682 -0.424656 0.256339
vn 0.1387 0.8951 0.4237
vn 0.3348 0.8218 0.4610
vn 0.3641 0.8935 0.2629
f -3//-3 -2//-2 -1//-1
v 0.005236 -0.705930 0.252753
v 0.035839 -0.695296 0.259310
v 0.001582 -0.695048 0.283750
vn 0.1638 -0.9570 0.2393
vn 0.3651 -0.8871 0.2825
vn 0.1398 -0.8854 0.4433
f -3//-3 -2//-2 -1//-1
v 0.005067 -0.414204 0.249550
v 0.001425 -0.424407 0.280779
v 0.035682 -0.424656 0.256339
vn 0.1627 0.9622 0.2183
vn 0.1387 0.8951 0.4237
vn 0.3641 0.8935 0.2629
f -3//-3 -2//-2 -1//-1
v 0.005236 -0.705930 0.252753
v 0.037790 -0.700745 0.227508
v 0.035839 -0.695296 0.259310
vn 0.1638 -0.9570 0.2393
vn 0.3780 -0.9229 0.0733
vn 0.3651 -0.8871 0.2825
f -3//-3 -2//-2 -1//-1
v 0.005067 -0.414204 0.249550
v 0.035682 -0.424656 0.256339
v 0.037627 -0.419904 0.224425
vn 0.1627 0.9622 0.2183
vn 0.3641 0.8935 0.2629
vn 0.3769 0.9247 0.0530
f -3//-3 -2//-2 -1//-1
v -0.029175 -0.700260 0.275283
v -0.024467 -0.709215 0.247256
v 0.005236 -0.705930 0.252753
vn -0.0626 -0.9197 0.3876
vn -0.0316 -0.9786 0.2032
vn 0.1638 -0.9570 0.2393
f -3//-3 -2//-2 -1//-1
v -0.029338 -0.419418 0.272199
v 0.005067 -0.414204 0.249550
v -0.024640 -0.411075 0.243982
vn -0.0637 0.9279 0.3673
vn 0.1627 0.9622 0.2183
vn -0.0327 0.9828 0.1816
f -3//-3 -2//-2 -1//-1
v 0.005236 -0.705930 0.252753
v 0.009672 -0.709463 0.222901
v 0.037790 -0.700745 0.227508
vn 0.1638 -0.9570 0.2393
vn 0.1930 -0.9803 0.0429
vn 0.3780 -0.9229 0.0733
f -3//-3 -2//-2 -1//-1
v 0.005067 -0.414204 0.249550
v 0.037627 -0.419904 0.224425
v 0.009498 -0.411323 0.219627
vn 0.1627 0.9622 0.2183
vn 0.3769 0.9247 0.0530
vn 0.1918 0.9812 0.0214
f -3//-3 -2//-2 -1//-1
v -0.024467 -0.709215 0.247256
v 0.009672 -0.709463 0.222901
v 0.005236 -0.705930 0.252753
vn -0.0316 -0.9786 0.2032
vn 0.1930 -0.9803 0.0429
vn 0.1638 -0.9570 0.2393
f -3//-3 -2//-2 -1//-1
v -0.024640 -0.411075 0.243982
v 0.005067 -0.414204 0.249550
v 0.009498 -0.411323 0.219627
vn -0.0327 0.9828 0.1816
vn 0.1627 0.9622 0.2183
vn 0.1918 0.9812 0.0214
f -3//-3 -2//-2 -1//-1
v -0.024467 -0.709215 0.247256
v -0.019574 -0.712454 0.218042
v 0.009672 -0.709463 0.222901
vn -0.0316 -0.9786 0.2032
vn 0.0006 -0.9999 0.0110
vn 0.1930 -0.9803 0.0429
f -3//-3 -2//-2 -1//-1
v -0.024640 -0.411075 0.243982
v 0.009498 -0.411323 0.219627
v -0.019751 -0.408473 0.214704
vn -0.0327 0.9828 0.1816
vn 0.1918 0.9812 0.0214
vn -0.0006 0.9999 -0.0110
f -3//-3 -2//-2 -1//-1
v -0.019574 -0.712454 0.218042
v -0.014685 -0.709852 0.188764
v 0.009672 -0.709463 0.222901
vn 0.0006 -0.9999 0.0110
vn 0.0327 -0.9828 -0.1816
vn 0.1930 -0.9803 0.0429
f -3//-3 -2//-2 -1//-1
v -0.019751 -0.408473 0.214704
v 0.009498 -0.411323 0.219627
v -0.014858 -0.411712 0.185491
vn -0.0006 0.9999 -0.0110
vn 0.1918 0.9812 0.0214
vn 0.0316 0.9786 -0.2032
f -3//-3 -2//-2 -1//-1
v 0.009672 -0.709463 0.222901
v 0.015202 -0.706578 0.193162
v 0.037790 -0.700745 0.227508
vn 0.1930 -0.9803 0.0429
vn 0.2294 -0.9613 -0.1527
vn 0.3780 -0.9229 0.0733
f -3//-3 -2//-2 -1//-1
v 0.009498 -0.411323 0.219627
v 0.037627 -0.419904 0.224425
v 0.015033 -0.414853 0.189959
vn 0.1918 0.9812 0.0214
vn 0.3769 0.9247 0.0530
vn 0.2283 0.9580 -0.1738
f -3//-3 -2//-2 -1//-1
v -0.014685 -0.709852 0.188764
v 0.015202 -0.706578 0.193162
v 0.009672 -0.709463 0.222901
vn 0.0327 -0.9828 -0.1816
vn 0.2294 -0.9613 -0.1527
vn 0.1930 -0.9803 0.0429
f -3//-3 -2//-2 -1//-1
v -0.014858 -0.411712 0.185491
v 0.009498 -0.411323 0.219627
v 0.015033 -0.414853 0.189959
vn 0.0316 0.9786 -0.2032
vn 0.1918 0.9812 0.0214
vn 0.2283 0.9580 -0.1738
f -3//-3 -2//-2 -1//-1
v -0.014685 -0.709852 0.188764
v -0.009987 -0.701508 0.160547
v 0.015202 -0.706578 0.193162
vn 0.0327 -0.9828 -0.1816
vn 0.0637 -0.9279 -0.3673
vn 0.2294 -0.9613 -0.1527
f -3//-3 -2//-2 -1//-1
v -0.014858 -0.411712 0.185491
v 0.015033 -0.414853 0.189959
v -0.010150 -0.420667 0.157464
vn 0.0316 0.9786 -0.2032
vn 0.2283 0.9580 -0.1738
vn 0.0626 0.9197 -0.3876
f -3//-3 -2//-2 -1//-1
v 0.037790 -0.700745 0.227508
v 0.046311 -0.695978 0.196694
v 0.063701 -0.686637 0.231688
vn 0.3780 -0.9229 0.0733
vn 0.4340 -0.8915 -0.1295
vn 0.5484 -0.8301 0.1008
f -3//-3 -2//-2 -1//-1
v 0.037627 -0.419904 0.224425
v 0.063554 -0.433887 0.228913
v 0.046154 -0.425337 0.193723
vn 0.3769 0.9247 0.0530
vn 0.5475 0.8327 0.0825
vn 0.4330 0.8890 -0.1490
f -3//-3 -2//-2 -1//-1
v 0.063701 -0.686637 0.231688
v 0.072260 -0.680470 0.200483
v 0.086408 -0.667681 0.235279
vn 0.5484 -0.8301 0.1008
vn 0.6048 -0.7895 -0.1045
vn 0.6978 -0.7054 0.1244
f -3//-3 -2//-2 -1//-1
v 0.063554 -0.433887 0.228913
v 0.086283 -0.452734 0.232919
v 0.072121 -0.440728 0.197851
vn 0.5475 0.8327 0.0825
vn 0.6970 0.7087 0.1089
vn 0.6038 0.7877 -0.1219
f -3//-3 -2//-2 -1//-1
v 0.046311 -0.695978 0.196694
v 0.072260 -0.680470 0.200483
v 0.063701 -0.686637 0.231688
vn 0.4340 -0.8915 -0.1295
vn 0.6048 -0.7895 -0.1045
vn 0.5484 -0.8301 0.1008
f -3//-3 -2//-2 -1//-1
v 0.046154 -0.425337 0.193723
v 0.063554 -0.433887 0.228913
v 0.072121 -0.440728 0.197851
vn 0.4330 0.8890 -0.1490
vn 0.5475 0.8327 0.0825
vn 0.6038 0.7877 -0.1219
f -3//-3 -2//-2 -1//-1
v 0.046311 -0.695978 0.196694
v 0.051849 -0.685081 0.166770
v 0.072260 -0.680470 0.200483
vn 0.4340 -0.8915 -0.1295
vn 0.4705 -0.8199 -0.3263
vn 0.6048 -0.7895 -0.1045
f -3//-3 -2//-2 -1//-1
v 0.046154 -0.425337 0.193723
v 0.072121 -0.440728 0.197851
v 0.051704 -0.436882 0.164045
vn 0.4330 0.8890 -0.1490
vn 0.6038 0.7877 -0.1219
vn 0.4695 0.8130 -0.3443
f -3//-3 -2//-2 -1//-1
v -0.009987 -0.701508 0.160547
v 0.021870 -0.696368 0.162439
v 0.015202 -0.706578 0.193162
vn 0.0637 -0.9279 -0.3673
vn 0.2732 -0.8941 -0.3548
vn 0.2294 -0.9613 -0.1527
f -3//-3 -2//-2 -1//-1
v -0.010150 -0.420667 0.157464
v 0.015033 -0.414853 0.189959
v 0.021713 -0.425728 0.159467
vn 0.0626 0.9197 -0.3876
vn 0.2283 0.9580 -0.1738
vn 0.2722 0.8864 -0.3744
f -3//-3 -2//-2 -1//-1
v 0.015202 -0.706578 0.193162
v 0.046311 -0.695978 0.196694
v 0.037790 -0.700745 0.227508
vn 0.2294 -0.9613 -0.1527
vn 0.4340 -0.8915 -0.1295
vn 0.3780 -0.9229 0.0733
f -3//-3 -2//-2 -1//-1
v 0.015033 -0.414853 0.189959
v 0.037627 -0.419904 0.224425
v 0.046154 -0.425337 0.193723
vn 0.2283 0.9580 -0.1738
vn 0.3769 0.9247 0.0530
vn 0.4330 0.8890 -0.1490
f -3//-3 -2//-2 -1//-1
v 0.021870 -0.696368 0.162439
v 0.046311 -0.695978 0.196694
v 0.015202 -0.706578 0.193162
vn 0.2732 -0.8941 -0.3548
vn 0.4340 -0.8915 -0.1295
vn 0.2294 -0.9613 -0.1527
f -3//-3 -2//-2 -1//-1
v 0.021713 -0.425728 0.159467
v 0.015033 -0.414853 0.189959
v 0.046154 -0.425337 0.193723
vn 0.2722 0.8864 -0.3744
vn 0.2283 0.9580 -0.1738
vn 0.4330 0.8890 -0.1490
f -3//-3 -2//-2 -1//-1
v 0.021870 -0.696368 0.162439
v 0.051849 -0.685081 0.166770
v 0.046311 -0.695978 0.196694
vn 0.2732 -0.8941 -0.3548
vn 0.4705 -0.8199 -0.3263
vn 0.4340 -0.8915 -0.1295
f -3//-3 -2//-2 -1//-1
v 0.021713 -0.425728 0.159467
v 0.046154 -0.425337 0.193723
v 0.051704 -0.436882 0.164045
vn 0.2722 0.8864 -0.3744
vn 0.4330 0.8890 -0.1490
vn 0.4695 0.8130 -0.3443
f -3//-3 -2//-2 -1//-1
v -0.009987 -0.701508 0.160547
v -0.005661 -0.687745 0.134476
v 0.021870 -0.696368 0.162439
vn 0.0637 -0.9279 -0.3673
vn 0.0921 -0.8374 -0.5388
vn 0.2732 -0.8941 -0.3548
f -3//-3 -2//-2 -1//-1
v -0.010150 -0.420667 0.157464
v 0.021713 -0.425728 0.159467
v -0.005807 -0.434994 0.131701
vn 0.0626 0.9197 -0.3876
vn 0.2722 0.8864 -0.3744
vn 0.0912 0.8255 -0.5571
f -3//-3 -2//-2 -1//-1
v 0.021870 -0.696368 0.162439
v 0.026563 -0.681200 0.136437
v 0.051849 -0.685081 0.166770
vn 0.2732 -0.8941 -0.3548
vn 0.3041 -0.7943 -0.5259
vn 0.4705 -0.8199 -0.3263
f -3//-3 -2//-2 -1//-1
v 0.021713 -0.425728 0.159467
v 0.051704 -0.436882 0.164045
v 0.026424 -0.441458 0.133805
vn 0.2722 0.8864 -0.3744
vn 0.4695 0.8130 -0.3443
vn 0.3032 0.7829 -0.5432
f -3//-3 -2//-2 -1//-1
v -0.005661 -0.687745 0.134476
v 0.026563 -0.681200 0.136437
v 0.021870 -0.696368 0.162439
vn 0.0921 -0.8374 -0.5388
vn 0.3041 -0.7943 -0.5259
vn 0.2732 -0.8941 -0.3548
f -3//-3 -2//-2 -1//-1
v -0.005807 -0.434994 0.131701
v 0.021713 -0.425728 0.159467
v 0.026424 -0.441458 0.133805
vn 0.0912 0.8255 -0.5571
vn 0.2722 0.8864 -0.3744
vn 0.3032 0.7829 -0.5432
f -3//-3 -2//-2 -1//-1
v -0.005661 -0.687745 0.134476
v -0.001872 -0.669090 0.111551
v 0.026563 -0.681200 0.136437
vn 0.0921 -0.8374 -0.5388
vn 0.1170 -0.7147 -0.6896
vn 0.3041 -0.7943 -0.5259
f -3//-3 -2//-2 -1//-1
v -0.005807 -0.434994 0.131701
v 0.026424 -0.441458 0.133805
v -0.001997 -0.454143 0.109191
vn 0.0912 0.8255 -0.5571
vn 0.3032 0.7829 -0.5432
vn 0.1162 0.6995 -0.7051
f -3//-3 -2//-2 -1//-1
v 0.086408 -0.667681 0.235279
v 0.103923 -0.648274 0.205428
v 0.105039 -0.644603 0.238144
vn 0.6978 -0.7054 0.1244
vn 0.8131 -0.5777 -0.0720
vn 0.8204 -0.5536 0.1432
f -3//-3 -2//-2 -1//-1
v 0.086283 -0.452734 0.232919
v 0.104941 -0.475721 0.236290
v 0.103821 -0.472771 0.203501
vn 0.6970 0.7087 0.1089
vn 0.8198 0.5575 0.1310
vn 0.8124 0.5769 -0.0847
f -3//-3 -2//-2 -1//-1
v 0.105039 -0.644603 0.238144
v 0.119084 -0.621979 0.208059
v 0.118878 -0.618293 0.240172
vn 0.8204 -0.5536 0.1432
vn 0.9128 -0.4047 -0.0547
vn 0.9114 -0.3805 0.1566
f -3//-3 -2//-2 -1//-1
v 0.104941 -0.475721 0.236290
v 0.118810 -0.501964 0.238895
v 0.119013 -0.498984 0.206709
vn 0.8198 0.5575 0.1310
vn 0.9110 0.3849 0.1482
vn 0.9123 0.4045 -0.0636
f -3//-3 -2//-2 -1//-1
v 0.103923 -0.648274 0.205428
v 0.119084 -0.621979 0.208059
v 0.105039 -0.644603 0.238144
vn 0.8131 -0.5777 -0.0720
vn 0.9128 -0.4047 -0.0547
vn 0.8204 -0.5536 0.1432
f -3//-3 -2//-2 -1//-1
v 0.103821 -0.472771 0.203501
v 0.104941 -0.475721 0.236290
v 0.119013 -0.498984 0.206709
vn 0.8124 0.5769 -0.0847
vn 0.8198 0.5575 0.1310
vn 0.9123 0.4045 -0.0636
f -3//-3 -2//-2 -1//-1
v 0.103923 -0.648274 0.205428
v 0.113016 -0.622883 0.176323
v 0.119084 -0.621979 0.208059
vn 0.8131 -0.5777 -0.0720
vn 0.8729 -0.4107 -0.2635
vn 0.9128 -0.4047 -0.0547
f -3//-3 -2//-2 -1//-1
v 0.103821 -0.472771 0.203501
v 0.119013 -0.498984 0.206709
v 0.112944 -0.498784 0.174960
vn 0.8124 0.5769 -0.0847
vn 0.9123 0.4045 -0.0636
vn 0.8724 0.4058 -0.2725
f -3//-3 -2//-2 -1//-1
v 0.118878 -0.618293 0.240172
v 0.129212 -0.590649 0.210967
v 0.127392 -0.589760 0.241286
vn 0.9114 -0.3805 0.1566
vn 0.9794 -0.1986 -0.0356
vn 0.9675 -0.1927 0.1639
f -3//-3 -2//-2 -1//-1
v 0.118810 -0.501964 0.238895
v 0.127358 -0.530456 0.240634
v 0.129177 -0.530231 0.210304
vn 0.9110 0.3849 0.1482
vn 0.9672 0.1974 0.1596
vn 0.9792 0.1989 -0.0399
f -3//-3 -2//-2 -1//-1
v 0.127392 -0.589760 0.241286
v 0.132266 -0.560426 0.211714
v 0.130256 -0.560101 0.241442
vn 0.9675 -0.1927 0.1639
vn 0.9995 0.0002 -0.0307
vn 0.9863 0.0024 0.1649
f -3//-3 -2//-2 -1//-1
v 0.127358 -0.530456 0.240634
v 0.130256 -0.560101 0.241442
v 0.132266 -0.560426 0.211714
vn 0.9672 0.1974 0.1596
vn 0.9863 0.0024 0.1649
vn 0.9995 0.0002 -0.0307
f -3//-3 -2//-2 -1//-1
v 0.129212 -0.590649 0.210967
v 0.132266 -0.560426 0.211714
v 0.127392 -0.589760 0.241286
vn 0.9794 -0.1986 -0.0356
vn 0.9995 0.0002 -0.0307
vn 0.9675 -0.1927 0.1639
f -3//-3 -2//-2 -1//-1
v 0.129177 -0.530231 0.210304
v 0.127358 -0.530456 0.240634
v 0.132266 -0.560426 0.211714
vn 0.9792 0.1989 -0.0399
vn 0.9672 0.1974 0.1596
vn 0.9995 0.0002 -0.0307
f -3//-3 -2//-2 -1//-1
v 0.129212 -0.590649 0.210967
v 0.128438 -0.560753 0.182166
v 0.132266 -0.560426 0.211714
vn 0.9794 -0.1986 -0.0356
vn 0.9743 -0.0019 -0.2250
vn 0.9995 0.0002 -0.0307
f -3//-3 -2//-2 -1//-1
v 0.129177 -0.530231 0.210304
v 0.132266 -0.560426 0.211714
v 0.128438 -0.560753 0.182166
vn 0.9792 0.1989 -0.0399
vn 0.9995 0.0002 -0.0307
vn 0.9743 -0.0019 -0.2250
f -3//-3 -2//-2 -1//-1
v 0.113016 -0.622883 0.176323
v 0.123975 -0.592543 0.178385
v 0.119084 -0.621979 0.208059
vn 0.8729 -0.4107 -0.2635
vn 0.9450 -0.2111 -0.2499
vn 0.9128 -0.4047 -0.0547
f -3//-3 -2//-2 -1//-1
v 0.112944 -0.498784 0.174960
v 0.119013 -0.498984 0.206709
v 0.123938 -0.529058 0.177688
vn 0.8724 0.4058 -0.2725
vn 0.9123 0.4045 -0.0636
vn 0.9447 0.2066 -0.2545
f -3//-3 -2//-2 -1//-1
v 0.119084 -0.621979 0.208059
v 0.129212 -0.590649 0.210967
v 0.118878 -0.618293 0.240172
vn 0.9128 -0.4047 -0.0547
vn 0.9794 -0.1986 -0.0356
vn 0.9114 -0.3805 0.1566
f -3//-3 -2//-2 -1//-1
v 0.119013 -0.498984 0.206709
v 0.118810 -0.501964 0.238895
v 0.129177 -0.530231 0.210304
vn 0.9123 0.4045 -0.0636
vn 0.9110 0.3849 0.1482
vn 0.9792 0.1989 -0.0399
f -3//-3 -2//-2 -1//-1
v 0.123975 -0.592543 0.178385
v 0.129212 -0.590649 0.210967
v 0.119084 -0.621979 0.208059
vn 0.9450 -0.2111 -0.2499
vn 0.9794 -0.1986 -0.0356
vn 0.9128 -0.4047 -0.0547
f -3//-3 -2//-2 -1//-1
v 0.123938 -0.529058 0.177688
v 0.119013 -0.498984 0.206709
v 0.129177 -0.530231 0.210304
vn 0.9447 0.2066 -0.2545
vn 0.9123 0.4045 -0.0636
vn 0.9792 0.1989 -0.0399
f -3//-3 -2//-2 -1//-1
v 0.123975 -0.592543 0.178385
v 0.128438 -0.560753 0.182166
v 0.129212 -0.590649 0.210967
vn 0.9450 -0.2111 -0.2499
vn 0.9743 -0.0019 -0.2250
vn 0.9794 -0.1986 -0.0356
f -3//-3 -2//-2 -1//-1
v 0.123938 -0.529058 0.177688
v 0.129177 -0.530231 0.210304
v 0.128438 -0.560753 0.182166
vn 0.9447 0.2066 -0.2545
vn 0.9792 0.1989 -0.0399
vn 0.9743 -0.0019 -0.2250
f -3//-3 -2//-2 -1//-1
v 0.113016 -0.622883 0.176323
v 0.113067 -0.593239 0.149947
v 0.123975 -0.592543 0.178385
vn 0.8729 -0.4107 -0.2635
vn 0.8732 -0.2156 -0.4370
vn 0.9450 -0.2111 -0.2499
f -3//-3 -2//-2 -1//-1
v 0.112944 -0.498784 0.174960
v 0.123938 -0.529058 0.177688
v 0.113030 -0.529000 0.149241
vn 0.8724 0.4058 -0.2725
vn 0.9447 0.2066 -0.2545
vn 0.8730 0.2070 -0.4417
f -3//-3 -2//-2 -1//-1
v 0.123975 -0.592543 0.178385
v 0.118918 -0.561068 0.153932
v 0.128438 -0.560753 0.182166
vn 0.9450 -0.2111 -0.2499
vn 0.9117 -0.0040 -0.4108
vn 0.9743 -0.0019 -0.2250
f -3//-3 -2//-2 -1//-1
v 0.123938 -0.529058 0.177688
v 0.128438 -0.560753 0.182166
v 0.118918 -0.561068 0.153932
vn 0.9447 0.2066 -0.2545
vn 0.9743 -0.0019 -0.2250
vn 0.9117 -0.0040 -0.4108
f -3//-3 -2//-2 -1//-1
v 0.113067 -0.593239 0.149947
v 0.118918 -0.561068 0.153932
v 0.123975 -0.592543 0.178385
vn 0.8732 -0.2156 -0.4370
vn 0.9117 -0.0040 -0.4108
vn 0.9450 -0.2111 -0.2499
f -3//-3 -2//-2 -1//-1
v 0.113030 -0.529000 0.149241
v 0.123938 -0.529058 0.177688
v 0.118918 -0.561068 0.153932
vn 0.8730 0.2070 -0.4417
vn 0.9447 0.2066 -0.2545
vn 0.9117 -0.0040 -0.4108
f -3//-3 -2//-2 -1//-1
v 0.113067 -0.593239 0.149947
v 0.104073 -0.561361 0.128097
v 0.118918 -0.561068 0.153932
vn 0.8732 -0.2156 -0.4370
vn 0.8141 -0.0059 -0.5808
vn 0.9117 -0.0040 -0.4108
f -3//-3 -2//-2 -1//-1
v 0.113030 -0.529000 0.149241
v 0.118918 -0.561068 0.153932
v 0.104073 -0.561361 0.128097
vn 0.8730 0.2070 -0.4417
vn 0.9117 -0.0040 -0.4108
vn 0.8141 -0.0059 -0.5808
f -3//-3 -2//-2 -1//-1
v -0.001872 -0.669090 0.111551
v 0.031843 -0.649425 0.104405
v 0.026563 -0.681200 0.136437
vn 0.1170 -0.7147 -0.6896
vn 0.3389 -0.5853 -0.7366
vn 0.3041 -0.7943 -0.5259
f -3//-3 -2//-2 -1//-1
v -0.001997 -0.454143 0.109191
v 0.026424 -0.441458 0.133805
v 0.031741 -0.473922 0.102478
vn 0.1162 0.6995 -0.7051
vn 0.3032 0.7829 -0.5432
vn 0.3382 0.5694 -0.7493
f -3//-3 -2//-2 -1//-1
v 0.026563 -0.681200 0.136437
v 0.060355 -0.658566 0.132248
v 0.051849 -0.685081 0.166770
vn 0.3041 -0.7943 -0.5259
vn 0.5264 -0.6454 -0.5535
vn 0.4705 -0.8199 -0.3263
f -3//-3 -2//-2 -1//-1
v 0.026424 -0.441458 0.133805
v 0.051704 -0.436882 0.164045
v 0.060242 -0.464139 0.130113
vn 0.3032 0.7829 -0.5432
vn 0.4695 0.8130 -0.3443
vn 0.5257 0.6337 -0.5675
f -3//-3 -2//-2 -1//-1
v 0.031843 -0.649425 0.104405
v 0.060355 -0.658566 0.132248
v 0.026563 -0.681200 0.136437
vn 0.3389 -0.5853 -0.7366
vn 0.5264 -0.6454 -0.5535
vn 0.3041 -0.7943 -0.5259
f -3//-3 -2//-2 -1//-1
v 0.031741 -0.473922 0.102478
v 0.026424 -0.441458 0.133805
v 0.060242 -0.464139 0.130113
vn 0.3382 0.5694 -0.7493
vn 0.3032 0.7829 -0.5432
vn 0.5257 0.6337 -0.5675
f -3//-3 -2//-2 -1//-1
v 0.031843 -0.649425 0.104405
v 0.062048 -0.623697 0.104888
v 0.060355 -0.658566 0.132248
vn 0.3389 -0.5853 -0.7366
vn 0.5376 -0.4160 -0.7335
vn 0.5264 -0.6454 -0.5535
f -3//-3 -2//-2 -1//-1
v 0.031741 -0.473922 0.102478
v 0.060242 -0.464139 0.130113
v 0.061975 -0.499598 0.103526
vn 0.3382 0.5694 -0.7493
vn 0.5257 0.6337 -0.5675
vn 0.5371 0.4004 -0.7424
f -3//-3 -2//-2 -1//-1
v 0.051849 -0.685081 0.166770
v 0.086972 -0.658141 0.169553
v 0.072260 -0.680470 0.200483
vn 0.4705 -0.8199 -0.3263
vn 0.7015 -0.6426 -0.3080
vn 0.6048 -0.7895 -0.1045
f -3//-3 -2//-2 -1//-1
v 0.051704 -0.436882 0.164045
v 0.072121 -0.440728 0.197851
v 0.086859 -0.463714 0.167418
vn 0.4695 0.8130 -0.3443
vn 0.6038 0.7877 -0.1219
vn 0.7008 0.6365 -0.3221
f -3//-3 -2//-2 -1//-1
v 0.072260 -0.680470 0.200483
v 0.103923 -0.648274 0.205428
v 0.086408 -0.667681 0.235279
vn 0.6048 -0.7895 -0.1045
vn 0.8131 -0.5777 -0.0720
vn 0.6978 -0.7054 0.1244
f -3//-3 -2//-2 -1//-1
v 0.072121 -0.440728 0.197851
v 0.086283 -0.452734 0.232919
v 0.103821 -0.472771 0.203501
vn 0.6038 0.7877 -0.1219
vn 0.6970 0.7087 0.1089
vn 0.8124 0.5769 -0.0847
f -3//-3 -2//-2 -1//-1
v 0.086972 -0.658141 0.169553
v 0.103923 -0.648274 0.205428
v 0.072260 -0.680470 0.200483
vn 0.7015 -0.6426 -0.3080
vn 0.8131 -0.5777 -0.0720
vn 0.6048 -0.7895 -0.1045
f -3//-3 -2//-2 -1//-1
v 0.086859 -0.463714 0.167418
v 0.072121 -0.440728 0.197851
v 0.103821 -0.472771 0.203501
vn 0.7008 0.6365 -0.3221
vn 0.6038 0.7877 -0.1219
vn 0.8124 0.5769 -0.0847
f -3//-3 -2//-2 -1//-1
v 0.086972 -0.658141 0.169553
v 0.113016 -0.622883 0.176323
v 0.103923 -0.648274 0.205428
vn 0.7015 -0.6426 -0.3080
vn 0.8729 -0.4107 -0.2635
vn 0.8131 -0.5777 -0.0720
f -3//-3 -2//-2 -1//-1
v 0.086859 -0.463714 0.167418
v 0.103821 -0.472771 0.203501
v 0.112944 -0.498784 0.174960
vn 0.7008 0.6365 -0.3221
vn 0.8124 0.5769 -0.0847
vn 0.8724 0.4058 -0.2725
f -3//-3 -2//-2 -1//-1
v 0.062048 -0.623697 0.104888
v 0.092298 -0.626084 0.137236
v 0.060355 -0.658566 0.132248
vn 0.5376 -0.4160 -0.7335
vn 0.7366 -0.4317 -0.5206
vn 0.5264 -0.6454 -0.5535
f -3//-3 -2//-2 -1//-1
v 0.061975 -0.499598 0.103526
v 0.060242 -0.464139 0.130113
v 0.092223 -0.496466 0.135813
vn 0.5371 0.4004 -0.7424
vn 0.5257 0.6337 -0.5675
vn 0.7361 0.4210 -0.5300
f -3//-3 -2//-2 -1//-1
v 0.060355 -0.658566 0.132248
v 0.086972 -0.658141 0.169553
v 0.051849 -0.685081 0.166770
vn 0.5264 -0.6454 -0.5535
vn 0.7015 -0.6426 -0.3080
vn 0.4705 -0.8199 -0.3263
f -3//-3 -2//-2 -1//-1
v 0.060242 -0.464139 0.130113
v 0.051704 -0.436882 0.164045
v 0.086859 -0.463714 0.167418
vn 0.5257 0.6337 -0.5675
vn 0.4695 0.8130 -0.3443
vn 0.7008 0.6365 -0.3221
f -3//-3 -2//-2 -1//-1
v 0.092298 -0.626084 0.137236
v 0.086972 -0.658141 0.169553
v 0.060355 -0.658566 0.132248
vn 0.7366 -0.4317 -0.5206
vn 0.7015 -0.6426 -0.3080
vn 0.5264 -0.6454 -0.5535
f -3//-3 -2//-2 -1//-1
v 0.092223 -0.496466 0.135813
v 0.060242 -0.464139 0.130113
v 0.086859 -0.463714 0.167418
vn 0.7361 0.4210 -0.5300
vn 0.5257 0.6337 -0.5675
vn 0.7008 0.6365 -0.3221
f -3//-3 -2//-2 -1//-1
v 0.092298 -0.626084 0.137236
v 0.113016 -0.622883 0.176323
v 0.086972 -0.658141 0.169553
vn 0.7366 -0.4317 -0.5206
vn 0.8729 -0.4107 -0.2635
vn 0.7015 -0.6426 -0.3080
f -3//-3 -2//-2 -1//-1
v 0.092223 -0.496466 0.135813
v 0.086859 -0.463714 0.167418
v 0.112944 -0.498784 0.174960
vn 0.7361 0.4210 -0.5300
vn 0.7008 0.6365 -0.3221
vn 0.8724 0.4058 -0.2725
f -3//-3 -2//-2 -1//-1
v 0.062048 -0.623697 0.104888
v 0.086684 -0.593660 0.112969
v 0.092298 -0.626084 0.137236
vn 0.5376 -0.4160 -0.7335
vn 0.6996 -0.2184 -0.6803
vn 0.7366 -0.4317 -0.5206
f -3//-3 -2//-2 -1//-1
v 0.061975 -0.499598 0.103526
v 0.092223 -0.496466 0.135813
v 0.086647 -0.529421 0.112264
vn 0.5371 0.4004 -0.7424
vn 0.7361 0.4210 -0.5300
vn 0.6994 0.2042 -0.6849
f -3//-3 -2//-2 -1//-1
v 0.092298 -0.626084 0.137236
v 0.113067 -0.593239 0.149947
v 0.113016 -0.622883 0.176323
vn 0.7366 -0.4317 -0.5206
vn 0.8732 -0.2156 -0.4370
vn 0.8729 -0.4107 -0.2635
f -3//-3 -2//-2 -1//-1
v 0.092223 -0.496466 0.135813
v 0.112944 -0.498784 0.174960
v 0.113030 -0.529000 0.149241
vn 0.7361 0.4210 -0.5300
vn 0.8724 0.4058 -0.2725
vn 0.8730 0.2070 -0.4417
f -3//-3 -2//-2 -1//-1
v 0.086684 -0.593660 0.112969
v 0.113067 -0.593239 0.149947
v 0.092298 -0.626084 0.137236
vn 0.6996 -0.2184 -0.6803
vn 0.8732 -0.2156 -0.4370
vn 0.7366 -0.4317 -0.5206
f -3//-3 -2//-2 -1//-1
v 0.086647 -0.529421 0.112264
v 0.092223 -0.496466 0.135813
v 0.113030 -0.529000 0.149241
vn 0.6994 0.2042 -0.6849
vn 0.7361 0.4210 -0.5300
vn 0.8730 0.2070 -0.4417
f -3//-3 -2//-2 -1//-1
v 0.086684 -0.593660 0.112969
v 0.104073 -0.561361 0.128097
v 0.113067 -0.593239 0.149947
vn 0.6996 -0.2184 -0.6803
vn 0.8141 -0.0059 -0.5808
vn 0.8732 -0.2156 -0.4370
f -3//-3 -2//-2 -1//-1
v 0.086647 -0.529421 0.112264
v 0.113030 -0.529000 0.149241
v 0.104073 -0.561361 0.128097
vn 0.6994 0.2042 -0.6849
vn 0.8730 0.2070 -0.4417
vn 0.8141 -0.0059 -0.5808
f -3//-3 -2//-2 -1//-1
v -0.001872 -0.669090 0.111551
v 0.001232 -0.646261 0.092655
v 0.031843 -0.649425 0.104405
vn 0.1170 -0.7147 -0.6896
vn 0.1375 -0.5645 -0.8139
vn 0.3389 -0.5853 -0.7366
f -3//-3 -2//-2 -1//-1
v -0.001997 -0.454143 0.109191
v 0.031741 -0.473922 0.102478
v 0.001134 -0.477378 0.090801
vn 0.1162 0.6995 -0.7051
vn 0.3382 0.5694 -0.7493
vn 0.1368 0.5466 -0.8261
f -3//-3 -2//-2 -1//-1
v 0.031843 -0.649425 0.104405
v 0.034004 -0.623338 0.088817
v 0.062048 -0.623697 0.104888
vn 0.3389 -0.5853 -0.7366
vn 0.3531 -0.4136 -0.8392
vn 0.5376 -0.4160 -0.7335
f -3//-3 -2//-2 -1//-1
v 0.031741 -0.473922 0.102478
v 0.061975 -0.499598 0.103526
v 0.033933 -0.500342 0.087466
vn 0.3382 0.5694 -0.7493
vn 0.5371 0.4004 -0.7424
vn 0.3526 0.3955 -0.8481
f -3//-3 -2//-2 -1//-1
v 0.001232 -0.646261 0.092655
v 0.034004 -0.623338 0.088817
v 0.031843 -0.649425 0.104405
vn 0.1375 -0.5645 -0.8139
vn 0.3531 -0.4136 -0.8392
vn 0.3389 -0.5853 -0.7366
f -3//-3 -2//-2 -1//-1
v 0.001134 -0.477378 0.090801
v 0.031741 -0.473922 0.102478
v 0.033933 -0.500342 0.087466
vn 0.1368 0.5466 -0.8261
vn 0.3382 0.5694 -0.7493
vn 0.3526 0.3955 -0.8481
f -3//-3 -2//-2 -1//-1
v 0.001232 -0.646261 0.092655
v 0.003534 -0.620135 0.078514
v 0.034004 -0.623338 0.088817
vn 0.1375 -0.5645 -0.8139
vn 0.1526 -0.3926 -0.9070
vn 0.3531 -0.4136 -0.8392
f -3//-3 -2//-2 -1//-1
v 0.001134 -0.477378 0.090801
v 0.033933 -0.500342 0.087466
v 0.003466 -0.503806 0.077236
vn 0.1368 0.5466 -0.8261
vn 0.3526 0.3955 -0.8481
vn 0.1522 0.3727 -0.9154
f -3//-3 -2//-2 -1//-1
v 0.062048 -0.623697 0.104888
v 0.063336 -0.593512 0.093398
v 0.086684 -0.593660 0.112969
vn 0.5376 -0.4160 -0.7335
vn 0.5460 -0.2174 -0.8091
vn 0.6996 -0.2184 -0.6803
f -3//-3 -2//-2 -1//-1
v 0.061975 -0.499598 0.103526
v 0.086647 -0.529421 0.112264
v 0.063299 -0.530027 0.092701
vn 0.5371 0.4004 -0.7424
vn 0.6994 0.2042 -0.6849
vn 0.5458 0.2002 -0.8136
f -3//-3 -2//-2 -1//-1
v 0.086684 -0.593660 0.112969
v 0.084473 -0.561618 0.105656
v 0.104073 -0.561361 0.128097
vn 0.6996 -0.2184 -0.6803
vn 0.6851 -0.0076 -0.7284
vn 0.8141 -0.0059 -0.5808
f -3//-3 -2//-2 -1//-1
v 0.086647 -0.529421 0.112264
v 0.104073 -0.561361 0.128097
v 0.084473 -0.561618 0.105656
vn 0.6994 0.2042 -0.6849
vn 0.8141 -0.0059 -0.5808
vn 0.6851 -0.0076 -0.7284
f -3//-3 -2//-2 -1//-1
v 0.063336 -0.593512 0.093398
v 0.084473 -0.561618 0.105656
v 0.086684 -0.593660 0.112969
vn 0.5460 -0.2174 -0.8091
vn 0.6851 -0.0076 -0.7284
vn 0.6996 -0.2184 -0.6803
f -3//-3 -2//-2 -1//-1
v 0.063299 -0.530027 0.092701
v 0.086647 -0.529421 0.112264
v 0.084473 -0.561618 0.105656
vn 0.5458 0.2002 -0.8136
vn 0.6994 0.2042 -0.6849
vn 0.6851 -0.0076 -0.7284
f -3//-3 -2//-2 -1//-1
v 0.063336 -0.593512 0.093398
v 0.060871 -0.561832 0.087468
v 0.084473 -0.561618 0.105656
vn 0.5460 -0.2174 -0.8091
vn 0.5298 -0.0090 -0.8481
vn 0.6851 -0.0076 -0.7284
f -3//-3 -2//-2 -1//-1
v 0.063299 -0.530027 0.092701
v 0.084473 -0.561618 0.105656
v 0.060871 -0.561832 0.087468
vn 0.5458 0.2002 -0.8136
vn 0.6851 -0.0076 -0.7284
vn 0.5298 -0.0090 -0.8481
f -3//-3 -2//-2 -1//-1
v 0.003534 -0.620135 0.078514
v 0.034212 -0.592166 0.077822
v 0.034004 -0.623338 0.088817
vn 0.1526 -0.3926 -0.9070
vn 0.3544 -0.2086 -0.9115
vn 0.3531 -0.4136 -0.8392
f -3//-3 -2//-2 -1//-1
v 0.003466 -0.503806 0.077236
v 0.033933 -0.500342 0.087466
v 0.034177 -0.531748 0.077159
vn 0.1522 0.3727 -0.9154
vn 0.3526 0.3955 -0.8481
vn 0.3542 0.1889 -0.9159
f -3//-3 -2//-2 -1//-1
v 0.034004 -0.623338 0.088817
v 0.063336 -0.593512 0.093398
v 0.062048 -0.623697 0.104888
vn 0.3531 -0.4136 -0.8392
vn 0.5460 -0.2174 -0.8091
vn 0.5376 -0.4160 -0.7335
f -3//-3 -2//-2 -1//-1
v 0.033933 -0.500342 0.087466
v 0.061975 -0.499598 0.103526
v 0.063299 -0.530027 0.092701
vn 0.3526 0.3955 -0.8481
vn 0.5371 0.4004 -0.7424
vn 0.5458 0.2002 -0.8136
f -3//-3 -2//-2 -1//-1
v 0.034212 -0.592166 0.077822
v 0.063336 -0.593512 0.093398
v 0.034004 -0.623338 0.088817
vn 0.3544 -0.2086 -0.9115
vn 0.5460 -0.2174 -0.8091
vn 0.3531 -0.4136 -0.8392
f -3//-3 -2//-2 -1//-1
v 0.034177 -0.531748 0.077159
v 0.033933 -0.500342 0.087466
v 0.063299 -0.530027 0.092701
vn 0.3542 0.1889 -0.9159
vn 0.3526 0.3955 -0.8481
vn 0.5458 0.2002 -0.8136
f -3//-3 -2//-2 -1//-1
v 0.034212 -0.592166 0.077822
v 0.060871 -0.561832 0.087468
v 0.063336 -0.593512 0.093398
vn 0.3544 -0.2086 -0.9115
vn 0.5298 -0.0090 -0.8481
vn 0.5460 -0.2174 -0.8091
f -3//-3 -2//-2 -1//-1
v 0.034177 -0.531748 0.077159
v 0.063299 -0.530027 0.092701
v 0.060871 -0.561832 0.087468
vn 0.3542 0.1889 -0.9159
vn 0.5458 0.2002 -0.8136
vn 0.5298 -0.0090 -0.8481
f -3//-3 -2//-2 -1//-1
v 0.003534 -0.620135 0.078514
v 0.004944 -0.591715 0.069670
v 0.034212 -0.592166 0.077822
vn 0.1526 -0.3926 -0.9070
vn 0.1619 -0.2056 -0.9652
vn 0.3544 -0.2086 -0.9115
f -3//-3 -2//-2 -1//-1
v 0.003466 -0.503806 0.077236
v 0.034177 -0.531748 0.077159
v 0.004909 -0.532412 0.069019
vn 0.1522 0.3727 -0.9154
vn 0.3542 0.1889 -0.9159
vn 0.1617 0.1846 -0.9694
f -3//-3 -2//-2 -1//-1
v 0.034212 -0.592166 0.077822
v 0.034174 -0.561993 0.074235
v 0.060871 -0.561832 0.087468
vn 0.3544 -0.2086 -0.9115
vn 0.3542 -0.0101 -0.9351
vn 0.5298 -0.0090 -0.8481
f -3//-3 -2//-2 -1//-1
v 0.034177 -0.531748 0.077159
v 0.060871 -0.561832 0.087468
v 0.034174 -0.561993 0.074235
vn 0.3542 0.1889 -0.9159
vn 0.5298 -0.0090 -0.8481
vn 0.3542 -0.0101 -0.9351
f -3//-3 -2//-2 -1//-1
v 0.004944 -0.591715 0.069670
v 0.034174 -0.561993 0.074235
v 0.034212 -0.592166 0.077822
vn 0.1619 -0.2056 -0.9652
vn 0.3542 -0.0101 -0.9351
vn 0.3544 -0.2086 -0.9115
f -3//-3 -2//-2 -1//-1
v 0.004909 -0.532412 0.069019
v 0.034177 -0.531748 0.077159
v 0.034174 -0.561993 0.074235
vn 0.1617 0.1846 -0.9694
vn 0.3542 0.1889 -0.9159
vn 0.3542 -0.0101 -0.9351
f -3//-3 -2//-2 -1//-1
v 0.004944 -0.591715 0.069670
v 0.005408 -0.562095 0.066464
v 0.034174 -0.561993 0.074235
vn 0.1619 -0.2056 -0.9652
vn 0.1649 -0.0107 -0.9862
vn 0.3542 -0.0101 -0.9351
f -3//-3 -2//-2 -1//-1
v 0.004909 -0.532412 0.069019
v 0.034174 -0.561993 0.074235
v 0.005408 -0.562095 0.066464
vn 0.1617 0.1846 -0.9694
vn 0.3542 -0.0101 -0.9351
vn 0.1649 -0.0107 -0.9862
f -3//-3 -2//-2 -1//-1
v -0.019574 -0.712454 0.218042
v -0.048824 -0.709604 0.213119
v -0.014685 -0.709852 0.188764
vn 0.0006 -0.9999 0.0110
vn -0.1918 -0.9812 -0.0214
vn 0.0327 -0.9828 -0.1816
f -3//-3 -2//-2 -1//-1
v -0.019751 -0.408473 0.214704
v -0.014858 -0.411712 0.185491
v -0.048997 -0.411464 0.209846
vn -0.0006 0.9999 -0.0110
vn 0.0316 0.9786 -0.2032
vn -0.1930 0.9803 -0.0429
f -3//-3 -2//-2 -1//-1
v -0.014685 -0.709852 0.188764
v -0.044392 -0.706722 0.183197
v -0.009987 -0.701508 0.160547
vn 0.0327 -0.9828 -0.1816
vn -0.1627 -0.9622 -0.2183
vn 0.0637 -0.9279 -0.3673
f -3//-3 -2//-2 -1//-1
v -0.014858 -0.411712 0.185491
v -0.010150 -0.420667 0.157464
v -0.044562 -0.414997 0.179994
vn 0.0316 0.9786 -0.2032
vn 0.0626 0.9197 -0.3876
vn -0.1638 0.9570 -0.2393
f -3//-3 -2//-2 -1//-1
v -0.048824 -0.709604 0.213119
v -0.044392 -0.706722 0.183197
v -0.014685 -0.709852 0.188764
vn -0.1918 -0.9812 -0.0214
vn -0.1627 -0.9622 -0.2183
vn 0.0327 -0.9828 -0.1816
f -3//-3 -2//-2 -1//-1
v -0.048997 -0.411464 0.209846
v -0.014858 -0.411712 0.185491
v -0.044562 -0.414997 0.179994
vn -0.1930 0.9803 -0.0429
vn 0.0316 0.9786 -0.2032
vn -0.1638 0.9570 -0.2393
f -3//-3 -2//-2 -1//-1
v -0.048824 -0.709604 0.213119
v -0.076952 -0.701023 0.208322
v -0.044392 -0.706722 0.183197
vn -0.1918 -0.9812 -0.0214
vn -0.3769 -0.9247 -0.0530
vn -0.1627 -0.9622 -0.2183
f -3//-3 -2//-2 -1//-1
v -0.048997 -0.411464 0.209846
v -0.044562 -0.414997 0.179994
v -0.077115 -0.420181 0.205238
vn -0.1930 0.9803 -0.0429
vn -0.1638 0.9570 -0.2393
vn -0.3780 0.9229 -0.0733
f -3//-3 -2//-2 -1//-1
v -0.009987 -0.701508 0.160547
v -0.040750 -0.696519 0.151968
v -0.005661 -0.687745 0.134476
vn 0.0637 -0.9279 -0.3673
vn -0.1387 -0.8951 -0.4237
vn 0.0921 -0.8374 -0.5388
f -3//-3 -2//-2 -1//-1
v -0.010150 -0.420667 0.157464
v -0.005807 -0.434994 0.131701
v -0.040907 -0.425879 0.148996
vn 0.0626 0.9197 -0.3876
vn 0.0912 0.8255 -0.5571
vn -0.1398 0.8854 -0.4433
f -3//-3 -2//-2 -1//-1
v -0.005661 -0.687745 0.134476
v -0.036800 -0.681353 0.125842
v -0.001872 -0.669090 0.111551
vn 0.0921 -0.8374 -0.5388
vn -0.1127 -0.7953 -0.5956
vn 0.1170 -0.7147 -0.6896
f -3//-3 -2//-2 -1//-1
v -0.005807 -0.434994 0.131701
v -0.001997 -0.454143 0.109191
v -0.036939 -0.441611 0.123209
vn 0.0912 0.8255 -0.5571
vn 0.1162 0.6995 -0.7051
vn -0.1137 0.7819 -0.6129
f -3//-3 -2//-2 -1//-1
v -0.040750 -0.696519 0.151968
v -0.036800 -0.681353 0.125842
v -0.005661 -0.687745 0.134476
vn -0.1387 -0.8951 -0.4237
vn -0.1127 -0.7953 -0.5956
vn 0.0921 -0.8374 -0.5388
f -3//-3 -2//-2 -1//-1
v -0.040907 -0.425879 0.148996
v -0.005807 -0.434994 0.131701
v -0.036939 -0.441611 0.123209
vn -0.1398 0.8854 -0.4433
vn 0.0912 0.8255 -0.5571
vn -0.1137 0.7819 -0.6129
f -3//-3 -2//-2 -1//-1
v -0.040750 -0.696519 0.151968
v -0.070559 -0.685377 0.146301
v -0.036800 -0.681353 0.125842
vn -0.1387 -0.8951 -0.4237
vn -0.3348 -0.8218 -0.4610
vn -0.1127 -0.7953 -0.5956
f -3//-3 -2//-2 -1//-1
v -0.040907 -0.425879 0.148996
v -0.036939 -0.441611 0.123209
v -0.070703 -0.437178 0.143576
vn -0.1398 0.8854 -0.4433
vn -0.1137 0.7819 -0.6129
vn -0.3358 0.8111 -0.4789
f -3//-3 -2//-2 -1//-1
v -0.076952 -0.701023 0.208322
v -0.075007 -0.696271 0.176408
v -0.044392 -0.706722 0.183197
vn -0.3769 -0.9247 -0.0530
vn -0.3641 -0.8935 -0.2629
vn -0.1627 -0.9622 -0.2183
f -3//-3 -2//-2 -1//-1
v -0.077115 -0.420181 0.205238
v -0.044562 -0.414997 0.179994
v -0.075164 -0.425631 0.173436
vn -0.3780 0.9229 -0.0733
vn -0.1638 0.9570 -0.2393
vn -0.3651 0.8871 -0.2825
f -3//-3 -2//-2 -1//-1
v -0.044392 -0.706722 0.183197
v -0.040750 -0.696519 0.151968
v -0.009987 -0.701508 0.160547
vn -0.1627 -0.9622 -0.2183
vn -0.1387 -0.8951 -0.4237
vn 0.0637 -0.9279 -0.3673
f -3//-3 -2//-2 -1//-1
v -0.044562 -0.414997 0.179994
v -0.010150 -0.420667 0.157464
v -0.040907 -0.425879 0.148996
vn -0.1638 0.9570 -0.2393
vn 0.0626 0.9197 -0.3876
vn -0.1398 0.8854 -0.4433
f -3//-3 -2//-2 -1//-1
v -0.075007 -0.696271 0.176408
v -0.040750 -0.696519 0.151968
v -0.044392 -0.706722 0.183197
vn -0.3641 -0.8935 -0.2629
vn -0.1387 -0.8951 -0.4237
vn -0.1627 -0.9622 -0.2183
f -3//-3 -2//-2 -1//-1
v -0.075164 -0.425631 0.173436
v -0.044562 -0.414997 0.179994
v -0.040907 -0.425879 0.148996
vn -0.3651 0.8871 -0.2825
vn -0.1638 0.9570 -0.2393
vn -0.1398 0.8854 -0.4433
f -3//-3 -2//-2 -1//-1
v -0.075007 -0.696271 0.176408
v -0.070559 -0.685377 0.146301
v -0.040750 -0.696519 0.151968
vn -0.3641 -0.8935 -0.2629
vn -0.3348 -0.8218 -0.4610
vn -0.1387 -0.8951 -0.4237
f -3//-3 -2//-2 -1//-1
v -0.075164 -0.425631 0.173436
v -0.040907 -0.425879 0.148996
v -0.070703 -0.437178 0.143576
vn -0.3651 0.8871 -0.2825
vn -0.1398 0.8854 -0.4433
vn -0.3358 0.8111 -0.4789
f -3//-3 -2//-2 -1//-1
v -0.076952 -0.701023 0.208322
v -0.102879 -0.687040 0.203834
v -0.075007 -0.696271 0.176408
vn -0.3769 -0.9247 -0.0530
vn -0.5475 -0.8327 -0.0825
vn -0.3641 -0.8935 -0.2629
f -3//-3 -2//-2 -1//-1
v -0.077115 -0.420181 0.205238
v -0.075164 -0.425631 0.173436
v -0.103026 -0.434289 0.201058
vn -0.3780 0.9229 -0.0733
vn -0.3651 0.8871 -0.2825
vn -0.5484 0.8301 -0.1008
f -3//-3 -2//-2 -1//-1
v -0.075007 -0.696271 0.176408
v -0.100850 -0.680888 0.171537
v -0.070559 -0.685377 0.146301
vn -0.3641 -0.8935 -0.2629
vn -0.5341 -0.7923 -0.2950
vn -0.3348 -0.8218 -0.4610
f -3//-3 -2//-2 -1//-1
v -0.075164 -0.425631 0.173436
v -0.070703 -0.437178 0.143576
v -0.100990 -0.441146 0.168904
vn -0.3651 0.8871 -0.2825
vn -0.3358 0.8111 -0.4789
vn -0.5350 0.7850 -0.3123
f -3//-3 -2//-2 -1//-1
v -0.102879 -0.687040 0.203834
v -0.100850 -0.680888 0.171537
v -0.075007 -0.696271 0.176408
vn -0.5475 -0.8327 -0.0825
vn -0.5341 -0.7923 -0.2950
vn -0.3641 -0.8935 -0.2629
f -3//-3 -2//-2 -1//-1
v -0.103026 -0.434289 0.201058
v -0.075164 -0.425631 0.173436
v -0.100990 -0.441146 0.168904
vn -0.5484 0.8301 -0.1008
vn -0.3651 0.8871 -0.2825
vn -0.5350 0.7850 -0.3123
f -3//-3 -2//-2 -1//-1
v -0.102879 -0.687040 0.203834
v -0.125608 -0.668193 0.199827
v -0.100850 -0.680888 0.171537
vn -0.5475 -0.8327 -0.0825
vn -0.6970 -0.7087 -0.1089
vn -0.5341 -0.7923 -0.2950
f -3//-3 -2//-2 -1//-1
v -0.103026 -0.434289 0.201058
v -0.100990 -0.441146 0.168904
v -0.125733 -0.453246 0.197467
vn -0.5484 0.8301 -0.1008
vn -0.5350 0.7850 -0.3123
vn -0.6978 0.7054 -0.1244
f -3//-3 -2//-2 -1//-1
v -0.001872 -0.669090 0.111551
v -0.031520 -0.649578 0.093809
v 0.001232 -0.646261 0.092655
vn 0.1170 -0.7147 -0.6896
vn -0.0780 -0.5863 -0.8063
vn 0.1375 -0.5645 -0.8139
f -3//-3 -2//-2 -1//-1
v -0.001997 -0.454143 0.109191
v 0.001134 -0.477378 0.090801
v -0.031622 -0.474075 0.091882
vn 0.1162 0.6995 -0.7051
vn 0.1368 0.5466 -0.8261
vn -0.0787 0.5683 -0.8190
f -3//-3 -2//-2 -1//-1
v 0.001232 -0.646261 0.092655
v -0.028616 -0.623489 0.078346
v 0.003534 -0.620135 0.078514
vn 0.1375 -0.5645 -0.8139
vn -0.0589 -0.4146 -0.9081
vn 0.1526 -0.3926 -0.9070
f -3//-3 -2//-2 -1//-1
v 0.001134 -0.477378 0.090801
v 0.003466 -0.503806 0.077236
v -0.028687 -0.500494 0.076995
vn 0.1368 0.5466 -0.8261
vn 0.1522 0.3727 -0.9154
vn -0.0594 0.3945 -0.9170
f -3//-3 -2//-2 -1//-1
v -0.031520 -0.649578 0.093809
v -0.028616 -0.623489 0.078346
v 0.001232 -0.646261 0.092655
vn -0.0780 -0.5863 -0.8063
vn -0.0589 -0.4146 -0.9081
vn 0.1375 -0.5645 -0.8139
f -3//-3 -2//-2 -1//-1
v -0.031622 -0.474075 0.091882
v 0.001134 -0.477378 0.090801
v -0.028687 -0.500494 0.076995
vn -0.0787 0.5683 -0.8190
vn 0.1368 0.5466 -0.8261
vn -0.0594 0.3945 -0.9170
f -3//-3 -2//-2 -1//-1
v -0.031520 -0.649578 0.093809
v -0.060360 -0.623993 0.084420
v -0.028616 -0.623489 0.078346
vn -0.0780 -0.5863 -0.8063
vn -0.2677 -0.4180 -0.8681
vn -0.0589 -0.4146 -0.9081
f -3//-3 -2//-2 -1//-1
v -0.031622 -0.474075 0.091882
v -0.028687 -0.500494 0.076995
v -0.060432 -0.499893 0.083057
vn -0.0787 0.5683 -0.8190
vn -0.0594 0.3945 -0.9170
vn -0.2682 0.3985 -0.8771
f -3//-3 -2//-2 -1//-1
v 0.003534 -0.620135 0.078514
v -0.025382 -0.592310 0.067857
v 0.004944 -0.591715 0.069670
vn 0.1526 -0.3926 -0.9070
vn -0.0376 -0.2095 -0.9771
vn 0.1619 -0.2056 -0.9652
f -3//-3 -2//-2 -1//-1
v 0.003466 -0.503806 0.077236
v 0.004909 -0.532412 0.069019
v -0.025417 -0.531892 0.067194
vn 0.1522 0.3727 -0.9154
vn 0.1617 0.1846 -0.9694
vn -0.0379 0.1880 -0.9814
f -3//-3 -2//-2 -1//-1
v 0.004944 -0.591715 0.069670
v -0.024321 -0.562134 0.064454
v 0.005408 -0.562095 0.066464
vn 0.1619 -0.2056 -0.9652
vn -0.0306 -0.0110 -0.9995
vn 0.1649 -0.0107 -0.9862
f -3//-3 -2//-2 -1//-1
v 0.004909 -0.532412 0.069019
v 0.005408 -0.562095 0.066464
v -0.024321 -0.562134 0.064454
vn 0.1617 0.1846 -0.9694
vn 0.1649 -0.0107 -0.9862
vn -0.0306 -0.0110 -0.9995
f -3//-3 -2//-2 -1//-1
v -0.025382 -0.592310 0.067857
v -0.024321 -0.562134 0.064454
v 0.004944 -0.591715 0.069670
vn -0.0376 -0.2095 -0.9771
vn -0.0306 -0.0110 -0.9995
vn 0.1619 -0.2056 -0.9652
f -3//-3 -2//-2 -1//-1
v -0.025417 -0.531892 0.067194
v 0.004909 -0.532412 0.069019
v -0.024321 -0.562134 0.064454
vn -0.0379 0.1880 -0.9814
vn 0.1617 0.1846 -0.9694
vn -0.0306 -0.0110 -0.9995
f -3//-3 -2//-2 -1//-1
v -0.025382 -0.592310 0.067857
v -0.053871 -0.562109 0.068282
v -0.024321 -0.562134 0.064454
vn -0.0376 -0.2095 -0.9771
vn -0.2251 -0.0108 -0.9743
vn -0.0306 -0.0110 -0.9995
f -3//-3 -2//-2 -1//-1
v -0.025417 -0.531892 0.067194
v -0.024321 -0.562134 0.064454
v -0.053871 -0.562109 0.068282
vn -0.0379 0.1880 -0.9814
vn -0.0306 -0.0110 -0.9995
vn -0.2251 -0.0108 -0.9743
f -3//-3 -2//-2 -1//-1
v -0.060360 -0.623993 0.084420
v -0.057982 -0.593805 0.073111
v -0.028616 -0.623489 0.078346
vn -0.2677 -0.4180 -0.8681
vn -0.2521 -0.2194 -0.9425
vn -0.0589 -0.4146 -0.9081
f -3//-3 -2//-2 -1//-1
v -0.060432 -0.499893 0.083057
v -0.028687 -0.500494 0.076995
v -0.058019 -0.530320 0.072414
vn -0.2682 0.3985 -0.8771
vn -0.0594 0.3945 -0.9170
vn -0.2523 0.1983 -0.9471
f -3//-3 -2//-2 -1//-1
v -0.028616 -0.623489 0.078346
v -0.025382 -0.592310 0.067857
v 0.003534 -0.620135 0.078514
vn -0.0589 -0.4146 -0.9081
vn -0.0376 -0.2095 -0.9771
vn 0.1526 -0.3926 -0.9070
f -3//-3 -2//-2 -1//-1
v -0.028687 -0.500494 0.076995
v 0.003466 -0.503806 0.077236
v -0.025417 -0.531892 0.067194
vn -0.0594 0.3945 -0.9170
vn 0.1522 0.3727 -0.9154
vn -0.0379 0.1880 -0.9814
f -3//-3 -2//-2 -1//-1
v -0.057982 -0.593805 0.073111
v -0.025382 -0.592310 0.067857
v -0.028616 -0.623489 0.078346
vn -0.2521 -0.2194 -0.9425
vn -0.0376 -0.2095 -0.9771
vn -0.0589 -0.4146 -0.9081
f -3//-3 -2//-2 -1//-1
v -0.058019 -0.530320 0.072414
v -0.028687 -0.500494 0.076995
v -0.025417 -0.531892 0.067194
vn -0.2523 0.1983 -0.9471
vn -0.0594 0.3945 -0.9170
vn -0.0379 0.1880 -0.9814
f -3//-3 -2//-2 -1//-1
v -0.057982 -0.593805 0.073111
v -0.053871 -0.562109 0.068282
v -0.025382 -0.592310 0.067857
vn -0.2521 -0.2194 -0.9425
vn -0.2251 -0.0108 -0.9743
vn -0.0376 -0.2095 -0.9771
f -3//-3 -2//-2 -1//-1
v -0.058019 -0.530320 0.072414
v -0.025417 -0.531892 0.067194
v -0.053871 -0.562109 0.068282
vn -0.2523 0.1983 -0.9471
vn -0.0379 0.1880 -0.9814
vn -0.2251 -0.0108 -0.9743
f -3//-3 -2//-2 -1//-1
v -0.060360 -0.623993 0.084420
v -0.086427 -0.594079 0.084023
v -0.057982 -0.593805 0.073111
vn -0.2677 -0.4180 -0.8681
vn -0.4392 -0.2212 -0.8707
vn -0.2521 -0.2194 -0.9425
f -3//-3 -2//-2 -1//-1
v -0.060432 -0.499893 0.083057
v -0.058019 -0.530320 0.072414
v -0.086464 -0.529840 0.083318
vn -0.2682 0.3985 -0.8771
vn -0.2523 0.1983 -0.9471
vn -0.4395 0.2015 -0.8754
f -3//-3 -2//-2 -1//-1
v -0.057982 -0.593805 0.073111
v -0.082107 -0.562021 0.077801
v -0.053871 -0.562109 0.068282
vn -0.2521 -0.2194 -0.9425
vn -0.4108 -0.0102 -0.9117
vn -0.2251 -0.0108 -0.9743
f -3//-3 -2//-2 -1//-1
v -0.058019 -0.530320 0.072414
v -0.053871 -0.562109 0.068282
v -0.082107 -0.562021 0.077801
vn -0.2523 0.1983 -0.9471
vn -0.2251 -0.0108 -0.9743
vn -0.4108 -0.0102 -0.9117
f -3//-3 -2//-2 -1//-1
v -0.086427 -0.594079 0.084023
v -0.082107 -0.562021 0.077801
v -0.057982 -0.593805 0.073111
vn -0.4392 -0.2212 -0.8707
vn -0.4108 -0.0102 -0.9117
vn -0.2521 -0.2194 -0.9425
f -3//-3 -2//-2 -1//-1
v -0.086464 -0.529840 0.083318
v -0.058019 -0.530320 0.072414
v -0.082107 -0.562021 0.077801
vn -0.4395 0.2015 -0.8754
vn -0.2523 0.1983 -0.9471
vn -0.4108 -0.0102 -0.9117
f -3//-3 -2//-2 -1//-1
v -0.086427 -0.594079 0.084023
v -0.107943 -0.561873 0.092645
v -0.082107 -0.562021 0.077801
vn -0.4392 -0.2212 -0.8707
vn -0.5808 -0.0093 -0.8140
vn -0.4108 -0.0102 -0.9117
f -3//-3 -2//-2 -1//-1
v -0.086464 -0.529840 0.083318
v -0.082107 -0.562021 0.077801
v -0.107943 -0.561873 0.092645
vn -0.4395 0.2015 -0.8754
vn -0.4108 -0.0102 -0.9117
vn -0.5808 -0.0093 -0.8140
f -3//-3 -2//-2 -1//-1
v -0.125608 -0.668193 0.199827
v -0.132550 -0.648846 0.165886
v -0.100850 -0.680888 0.171537
vn -0.6970 -0.7087 -0.1089
vn -0.7427 -0.5815 -0.3322
vn -0.5341 -0.7923 -0.2950
f -3//-3 -2//-2 -1//-1
v -0.125733 -0.453246 0.197467
v -0.100990 -0.441146 0.168904
v -0.132652 -0.473342 0.163959
vn -0.6978 0.7054 -0.1244
vn -0.5350 0.7850 -0.3123
vn -0.7434 0.5732 -0.3448
f -3//-3 -2//-2 -1//-1
v -0.100850 -0.680888 0.171537
v -0.104804 -0.658604 0.137485
v -0.070559 -0.685377 0.146301
vn -0.5341 -0.7923 -0.2950
vn -0.5601 -0.6457 -0.5190
vn -0.3348 -0.8218 -0.4610
f -3//-3 -2//-2 -1//-1
v -0.100990 -0.441146 0.168904
v -0.070703 -0.437178 0.143576
v -0.104917 -0.464177 0.135350
vn -0.5350 0.7850 -0.3123
vn -0.3358 0.8111 -0.4789
vn -0.5609 0.6335 -0.5330
f -3//-3 -2//-2 -1//-1
v -0.132550 -0.648846 0.165886
v -0.104804 -0.658604 0.137485
v -0.100850 -0.680888 0.171537
vn -0.7427 -0.5815 -0.3322
vn -0.5601 -0.6457 -0.5190
vn -0.5341 -0.7923 -0.2950
f -3//-3 -2//-2 -1//-1
v -0.132652 -0.473342 0.163959
v -0.100990 -0.441146 0.168904
v -0.104917 -0.464177 0.135350
vn -0.7434 0.5732 -0.3448
vn -0.5350 0.7850 -0.3123
vn -0.5609 0.6335 -0.5330
f -3//-3 -2//-2 -1//-1
v -0.132550 -0.648846 0.165886
v -0.131799 -0.623475 0.135386
v -0.104804 -0.658604 0.137485
vn -0.7427 -0.5815 -0.3322
vn -0.7377 -0.4146 -0.5328
vn -0.5601 -0.6457 -0.5190
f -3//-3 -2//-2 -1//-1
v -0.132652 -0.473342 0.163959
v -0.104917 -0.464177 0.135350
v -0.131871 -0.499375 0.134023
vn -0.7434 0.5732 -0.3448
vn -0.5609 0.6335 -0.5330
vn -0.7382 0.4019 -0.5418
f -3//-3 -2//-2 -1//-1
v -0.070559 -0.685377 0.146301
v -0.067496 -0.658875 0.110869
v -0.036800 -0.681353 0.125842
vn -0.3348 -0.8218 -0.4610
vn -0.3147 -0.6474 -0.6941
vn -0.1127 -0.7953 -0.5956
f -3//-3 -2//-2 -1//-1
v -0.070703 -0.437178 0.143576
v -0.036939 -0.441611 0.123209
v -0.067609 -0.464448 0.108734
vn -0.3358 0.8111 -0.4789
vn -0.1137 0.7819 -0.6129
vn -0.3154 0.6317 -0.7082
f -3//-3 -2//-2 -1//-1
v -0.036800 -0.681353 0.125842
v -0.031520 -0.649578 0.093809
v -0.001872 -0.669090 0.111551
vn -0.1127 -0.7953 -0.5956
vn -0.0780 -0.5863 -0.8063
vn 0.1170 -0.7147 -0.6896
f -3//-3 -2//-2 -1//-1
v -0.036939 -0.441611 0.123209
v -0.001997 -0.454143 0.109191
v -0.031622 -0.474075 0.091882
vn -0.1137 0.7819 -0.6129
vn 0.1162 0.6995 -0.7051
vn -0.0787 0.5683 -0.8190
f -3//-3 -2//-2 -1//-1
v -0.067496 -0.658875 0.110869
v -0.031520 -0.649578 0.093809
v -0.036800 -0.681353 0.125842
vn -0.3147 -0.6474 -0.6941
vn -0.0780 -0.5863 -0.8063
vn -0.1127 -0.7953 -0.5956
f -3//-3 -2//-2 -1//-1
v -0.067609 -0.464448 0.108734
v -0.036939 -0.441611 0.123209
v -0.031622 -0.474075 0.091882
vn -0.3154 0.6317 -0.7082
vn -0.1137 0.7819 -0.6129
vn -0.0787 0.5683 -0.8190
f -3//-3 -2//-2 -1//-1
v -0.067496 -0.658875 0.110869
v -0.060360 -0.623993 0.084420
v -0.031520 -0.649578 0.093809
vn -0.3147 -0.6474 -0.6941
vn -0.2677 -0.4180 -0.8681
vn -0.0780 -0.5863 -0.8063
f -3//-3 -2//-2 -1//-1
v -0.067609 -0.464448 0.108734
v -0.031622 -0.474075 0.091882
v -0.060432 -0.499893 0.083057
vn -0.3154 0.6317 -0.7082
vn -0.0787 0.5683 -0.8190
vn -0.2682 0.3985 -0.8771
f -3//-3 -2//-2 -1//-1
v -0.131799 -0.623475 0.135386
v -0.099478 -0.626548 0.105169
v -0.104804 -0.658604 0.137485
vn -0.7377 -0.4146 -0.5328
vn -0.5251 -0.4348 -0.7316
vn -0.5601 -0.6457 -0.5190
f -3//-3 -2//-2 -1//-1
v -0.131871 -0.499375 0.134023
v -0.104917 -0.464177 0.135350
v -0.099553 -0.496930 0.103746
vn -0.7382 0.4019 -0.5418
vn -0.5609 0.6335 -0.5330
vn -0.5256 0.4180 -0.7410
f -3//-3 -2//-2 -1//-1
v -0.104804 -0.658604 0.137485
v -0.067496 -0.658875 0.110869
v -0.070559 -0.685377 0.146301
vn -0.5601 -0.6457 -0.5190
vn -0.3147 -0.6474 -0.6941
vn -0.3348 -0.8218 -0.4610
f -3//-3 -2//-2 -1//-1
v -0.104917 -0.464177 0.135350
v -0.070703 -0.437178 0.143576
v -0.067609 -0.464448 0.108734
vn -0.5609 0.6335 -0.5330
vn -0.3358 0.8111 -0.4789
vn -0.3154 0.6317 -0.7082
f -3//-3 -2//-2 -1//-1
v -0.099478 -0.626548 0.105169
v -0.067496 -0.658875 0.110869
v -0.104804 -0.658604 0.137485
vn -0.5251 -0.4348 -0.7316
vn -0.3147 -0.6474 -0.6941
vn -0.5601 -0.6457 -0.5190
f -3//-3 -2//-2 -1//-1
v -0.099553 -0.496930 0.103746
v -0.104917 -0.464177 0.135350
v -0.067609 -0.464448 0.108734
vn -0.5256 0.4180 -0.7410
vn -0.5609 0.6335 -0.5330
vn -0.3154 0.6317 -0.7082
f -3//-3 -2//-2 -1//-1
v -0.099478 -0.626548 0.105169
v -0.060360 -0.623993 0.084420
v -0.067496 -0.658875 0.110869
vn -0.5251 -0.4348 -0.7316
vn -0.2677 -0.4180 -0.8681
vn -0.3147 -0.6474 -0.6941
f -3//-3 -2//-2 -1//-1
v -0.099553 -0.496930 0.103746
v -0.067609 -0.464448 0.108734
v -0.060432 -0.499893 0.083057
vn -0.5256 0.4180 -0.7410
vn -0.3154 0.6317 -0.7082
vn -0.2682 0.3985 -0.8771
f -3//-3 -2//-2 -1//-1
v -0.131799 -0.623475 0.135386
v -0.123406 -0.593810 0.110405
v -0.099478 -0.626548 0.105169
vn -0.7377 -0.4146 -0.5328
vn -0.6825 -0.2194 -0.6972
vn -0.5251 -0.4348 -0.7316
f -3//-3 -2//-2 -1//-1
v -0.131871 -0.499375 0.134023
v -0.099553 -0.496930 0.103746
v -0.123443 -0.529572 0.109700
vn -0.7382 0.4019 -0.5418
vn -0.5256 0.4180 -0.7410
vn -0.6828 0.2032 -0.7018
f -3//-3 -2//-2 -1//-1
v -0.099478 -0.626548 0.105169
v -0.086427 -0.594079 0.084023
v -0.060360 -0.623993 0.084420
vn -0.5251 -0.4348 -0.7316
vn -0.4392 -0.2212 -0.8707
vn -0.2677 -0.4180 -0.8681
f -3//-3 -2//-2 -1//-1
v -0.099553 -0.496930 0.103746
v -0.060432 -0.499893 0.083057
v -0.086464 -0.529840 0.083318
vn -0.5256 0.4180 -0.7410
vn -0.2682 0.3985 -0.8771
vn -0.4395 0.2015 -0.8754
f -3//-3 -2//-2 -1//-1
v -0.123406 -0.593810 0.110405
v -0.086427 -0.594079 0.084023
v -0.099478 -0.626548 0.105169
vn -0.6825 -0.2194 -0.6972
vn -0.4392 -0.2212 -0.8707
vn -0.5251 -0.4348 -0.7316
f -3//-3 -2//-2 -1//-1
v -0.123443 -0.529572 0.109700
v -0.099553 -0.496930 0.103746
v -0.086464 -0.529840 0.083318
vn -0.6828 0.2032 -0.7018
vn -0.5256 0.4180 -0.7410
vn -0.4395 0.2015 -0.8754
f -3//-3 -2//-2 -1//-1
v -0.123406 -0.593810 0.110405
v -0.107943 -0.561873 0.092645
v -0.086427 -0.594079 0.084023
vn -0.6825 -0.2194 -0.6972
vn -0.5808 -0.0093 -0.8140
vn -0.4392 -0.2212 -0.8707
f -3//-3 -2//-2 -1//-1
v -0.123443 -0.529572 0.109700
v -0.086464 -0.529840 0.083318
v -0.107943 -0.561873 0.092645
vn -0.6828 0.2032 -0.7018
vn -0.4395 0.2015 -0.8754
vn -0.5808 -0.0093 -0.8140
f -3//-3 -2//-2 -1//-1
v -0.125608 -0.668193 0.199827
v -0.144266 -0.645206 0.196457
v -0.132550 -0.648846 0.165886
vn -0.6970 -0.7087 -0.1089
vn -0.8198 -0.5575 -0.1310
vn -0.7427 -0.5815 -0.3322
f -3//-3 -2//-2 -1//-1
v -0.125733 -0.453246 0.197467
v -0.132652 -0.473342 0.163959
v -0.144364 -0.476323 0.194602
vn -0.6978 0.7054 -0.1244
vn -0.7434 0.5732 -0.3448
vn -0.8204 0.5536 -0.1432
f -3//-3 -2//-2 -1//-1
v -0.132550 -0.648846 0.165886
v -0.147866 -0.622624 0.163421
v -0.131799 -0.623475 0.135386
vn -0.7427 -0.5815 -0.3322
vn -0.8434 -0.4090 -0.3484
vn -0.7377 -0.4146 -0.5328
f -3//-3 -2//-2 -1//-1
v -0.132652 -0.473342 0.163959
v -0.131871 -0.499375 0.134023
v -0.147938 -0.499629 0.162071
vn -0.7434 0.5732 -0.3448
vn -0.7382 0.4019 -0.5418
vn -0.8439 0.4002 -0.3573
f -3//-3 -2//-2 -1//-1
v -0.144266 -0.645206 0.196457
v -0.147866 -0.622624 0.163421
v -0.132550 -0.648846 0.165886
vn -0.8198 -0.5575 -0.1310
vn -0.8434 -0.4090 -0.3484
vn -0.7427 -0.5815 -0.3322
f -3//-3 -2//-2 -1//-1
v -0.144364 -0.476323 0.194602
v -0.132652 -0.473342 0.163959
v -0.147938 -0.499629 0.162071
vn -0.8204 0.5536 -0.1432
vn -0.7434 0.5732 -0.3448
vn -0.8439 0.4002 -0.3573
f -3//-3 -2//-2 -1//-1
v -0.144266 -0.645206 0.196457
v -0.158135 -0.618962 0.193852
v -0.147866 -0.622624 0.163421
vn -0.8198 -0.5575 -0.1310
vn -0.9110 -0.3849 -0.1482
vn -0.8434 -0.4090 -0.3484
f -3//-3 -2//-2 -1//-1
v -0.144364 -0.476323 0.194602
v -0.147938 -0.499629 0.162071
v -0.158203 -0.502634 0.192574
vn -0.8204 0.5536 -0.1432
vn -0.8439 0.4002 -0.3573
vn -0.9114 0.3805 -0.1566
f -3//-3 -2//-2 -1//-1
v -0.131799 -0.623475 0.135386
v -0.142975 -0.593189 0.133747
v -0.123406 -0.593810 0.110405
vn -0.7377 -0.4146 -0.5328
vn -0.8113 -0.2153 -0.5436
vn -0.6825 -0.2194 -0.6972
f -3//-3 -2//-2 -1//-1
v -0.131871 -0.499375 0.134023
v -0.123443 -0.529572 0.109700
v -0.143012 -0.529703 0.133050
vn -0.7382 0.4019 -0.5418
vn -0.6828 0.2032 -0.7018
vn -0.8115 0.2024 -0.5482
f -3//-3 -2//-2 -1//-1
v -0.123406 -0.593810 0.110405
v -0.130386 -0.561671 0.112244
v -0.107943 -0.561873 0.092645
vn -0.6825 -0.2194 -0.6972
vn -0.7284 -0.0079 -0.6851
vn -0.5808 -0.0093 -0.8140
f -3//-3 -2//-2 -1//-1
v -0.123443 -0.529572 0.109700
v -0.107943 -0.561873 0.092645
v -0.130386 -0.561671 0.112244
vn -0.6828 0.2032 -0.7018
vn -0.5808 -0.0093 -0.8140
vn -0.7284 -0.0079 -0.6851
f -3//-3 -2//-2 -1//-1
v -0.142975 -0.593189 0.133747
v -0.130386 -0.561671 0.112244
v -0.123406 -0.593810 0.110405
vn -0.8113 -0.2153 -0.5436
vn -0.7284 -0.0079 -0.6851
vn -0.6825 -0.2194 -0.6972
f -3//-3 -2//-2 -1//-1
v -0.143012 -0.529703 0.133050
v -0.123443 -0.529572 0.109700
v -0.130386 -0.561671 0.112244
vn -0.8115 0.2024 -0.5482
vn -0.6828 0.2032 -0.7018
vn -0.7284 -0.0079 -0.6851
f -3//-3 -2//-2 -1//-1
v -0.142975 -0.593189 0.133747
v -0.148575 -0.561422 0.135845
v -0.130386 -0.561671 0.112244
vn -0.8113 -0.2153 -0.5436
vn -0.8481 -0.0063 -0.5298
vn -0.7284 -0.0079 -0.6851
f -3//-3 -2//-2 -1//-1
v -0.143012 -0.529703 0.133050
v -0.130386 -0.561671 0.112244
v -0.148575 -0.561422 0.135845
vn -0.8115 0.2024 -0.5482
vn -0.7284 -0.0079 -0.6851
vn -0.8481 -0.0063 -0.5298
f -3//-3 -2//-2 -1//-1
v -0.158135 -0.618962 0.193852
v -0.158536 -0.591344 0.162852
v -0.147866 -0.622624 0.163421
vn -0.9110 -0.3849 -0.1482
vn -0.9136 -0.2032 -0.3521
vn -0.8434 -0.4090 -0.3484
f -3//-3 -2//-2 -1//-1
v -0.158203 -0.502634 0.192574
v -0.147938 -0.499629 0.162071
v -0.158571 -0.530926 0.162188
vn -0.9114 0.3805 -0.1566
vn -0.8439 0.4002 -0.3573
vn -0.9139 0.1943 -0.3565
f -3//-3 -2//-2 -1//-1
v -0.147866 -0.622624 0.163421
v -0.142975 -0.593189 0.133747
v -0.131799 -0.623475 0.135386
vn -0.8434 -0.4090 -0.3484
vn -0.8113 -0.2153 -0.5436
vn -0.7377 -0.4146 -0.5328
f -3//-3 -2//-2 -1//-1
v -0.147938 -0.499629 0.162071
v -0.131871 -0.499375 0.134023
v -0.143012 -0.529703 0.133050
vn -0.8439 0.4002 -0.3573
vn -0.7382 0.4019 -0.5418
vn -0.8115 0.2024 -0.5482
f -3//-3 -2//-2 -1//-1
v -0.158536 -0.591344 0.162852
v -0.142975 -0.593189 0.133747
v -0.147866 -0.622624 0.163421
vn -0.9136 -0.2032 -0.3521
vn -0.8113 -0.2153 -0.5436
vn -0.8434 -0.4090 -0.3484
f -3//-3 -2//-2 -1//-1
v -0.158571 -0.530926 0.162188
v -0.147938 -0.499629 0.162071
v -0.143012 -0.529703 0.133050
vn -0.9139 0.1943 -0.3565
vn -0.8439 0.4002 -0.3573
vn -0.8115 0.2024 -0.5482
f -3//-3 -2//-2 -1//-1
v -0.158536 -0.591344 0.162852
v -0.148575 -0.561422 0.135845
v -0.142975 -0.593189 0.133747
vn -0.9136 -0.2032 -0.3521
vn -0.8481 -0.0063 -0.5298
vn -0.8113 -0.2153 -0.5436
f -3//-3 -2//-2 -1//-1
v -0.158571 -0.530926 0.162188
v -0.143012 -0.529703 0.133050
v -0.148575 -0.561422 0.135845
vn -0.9139 0.1943 -0.3565
vn -0.8115 0.2024 -0.5482
vn -0.8481 -0.0063 -0.5298
f -3//-3 -2//-2 -1//-1
v -0.158135 -0.618962 0.193852
v -0.166683 -0.590471 0.192112
v -0.158536 -0.591344 0.162852
vn -0.9110 -0.3849 -0.1482
vn -0.9672 -0.1974 -0.1596
vn -0.9136 -0.2032 -0.3521
f -3//-3 -2//-2 -1//-1
v -0.158203 -0.502634 0.192574
v -0.158571 -0.530926 0.162188
v -0.166717 -0.531167 0.191461
vn -0.9114 0.3805 -0.1566
vn -0.9139 0.1943 -0.3565
vn -0.9675 0.1927 -0.1639
f -3//-3 -2//-2 -1//-1
v -0.158536 -0.591344 0.162852
v -0.161809 -0.561137 0.162541
v -0.148575 -0.561422 0.135845
vn -0.9136 -0.2032 -0.3521
vn -0.9352 -0.0044 -0.3542
vn -0.8481 -0.0063 -0.5298
f -3//-3 -2//-2 -1//-1
v -0.158571 -0.530926 0.162188
v -0.148575 -0.561422 0.135845
v -0.161809 -0.561137 0.162541
vn -0.9139 0.1943 -0.3565
vn -0.8481 -0.0063 -0.5298
vn -0.9352 -0.0044 -0.3542
f -3//-3 -2//-2 -1//-1
v -0.166683 -0.590471 0.192112
v -0.161809 -0.561137 0.162541
v -0.158536 -0.591344 0.162852
vn -0.9672 -0.1974 -0.1596
vn -0.9352 -0.0044 -0.3542
vn -0.9136 -0.2032 -0.3521
f -3//-3 -2//-2 -1//-1
v -0.166717 -0.531167 0.191461
v -0.158571 -0.530926 0.162188
v -0.161809 -0.561137 0.162541
vn -0.9675 0.1927 -0.1639
vn -0.9139 0.1943 -0.3565
vn -0.9352 -0.0044 -0.3542
f -3//-3 -2//-2 -1//-1
v -0.166683 -0.590471 0.192112
v -0.169581 -0.560826 0.191305
v -0.161809 -0.561137 0.162541
vn -0.9672 -0.1974 -0.1596
vn -0.9863 -0.0024 -0.1649
vn -0.9352 -0.0044 -0.3542
f -3//-3 -2//-2 -1//-1
v -0.166717 -0.531167 0.191461
v -0.161809 -0.561137 0.162541
v -0.169581 -0.560826 0.191305
vn -0.9675 0.1927 -0.1639
vn -0.9352 -0.0044 -0.3542
vn -0.9863 -0.0024 -0.1649
f -3//-3 -2//-2 -1//-1
v -0.019574 -0.712454 0.218042
v -0.024467 -0.709215 0.247256
v -0.048824 -0.709604 0.213119
vn 0.0006 -0.9999 0.0110
vn -0.0316 -0.9786 0.2032
vn -0.1918 -0.9812 -0.0214
f -3//-3 -2//-2 -1//-1
v -0.019751 -0.408473 0.214704
v -0.048997 -0.411464 0.209846
v -0.024640 -0.411075 0.243982
vn -0.0006 0.9999 -0.0110
vn -0.1930 0.9803 -0.0429
vn -0.0327 0.9828 0.1816
f -3//-3 -2//-2 -1//-1
v -0.048824 -0.709604 0.213119
v -0.054358 -0.706074 0.242788
v -0.076952 -0.701023 0.208322
vn -0.1918 -0.9812 -0.0214
vn -0.2283 -0.9580 0.1738
vn -0.3769 -0.9247 -0.0530
f -3//-3 -2//-2 -1//-1
v -0.048997 -0.411464 0.209846
v -0.077115 -0.420181 0.205238
v -0.054528 -0.414348 0.239585
vn -0.1930 0.9803 -0.0429
vn -0.3780 0.9229 -0.0733
vn -0.2294 0.9613 0.1527
f -3//-3 -2//-2 -1//-1
v -0.024467 -0.709215 0.247256
v -0.054358 -0.706074 0.242788
v -0.048824 -0.709604 0.213119
vn -0.0316 -0.9786 0.2032
vn -0.2283 -0.9580 0.1738
vn -0.1918 -0.9812 -0.0214
f -3//-3 -2//-2 -1//-1
v -0.024640 -0.411075 0.243982
v -0.048997 -0.411464 0.209846
v -0.054528 -0.414348 0.239585
vn -0.0327 0.9828 0.1816
vn -0.1930 0.9803 -0.0429
vn -0.2294 0.9613 0.1527
f -3//-3 -2//-2 -1//-1
v -0.024467 -0.709215 0.247256
v -0.029175 -0.700260 0.275283
v -0.054358 -0.706074 0.242788
vn -0.0316 -0.9786 0.2032
vn -0.0626 -0.9197 0.3876
vn -0.2283 -0.9580 0.1738
f -3//-3 -2//-2 -1//-1
v -0.024640 -0.411075 0.243982
v -0.054528 -0.414348 0.239585
v -0.029338 -0.419418 0.272199
vn -0.0327 0.9828 0.1816
vn -0.2294 0.9613 0.1527
vn -0.0637 0.9279 0.3673
f -3//-3 -2//-2 -1//-1
v -0.076952 -0.701023 0.208322
v -0.085479 -0.695589 0.239024
v -0.102879 -0.687040 0.203834
vn -0.3769 -0.9247 -0.0530
vn -0.4330 -0.8890 0.1490
vn -0.5475 -0.8327 -0.0825
f -3//-3 -2//-2 -1//-1
v -0.077115 -0.420181 0.205238
v -0.103026 -0.434289 0.201058
v -0.085636 -0.424949 0.236052
vn -0.3780 0.9229 -0.0733
vn -0.5484 0.8301 -0.1008
vn -0.4340 0.8915 0.1295
f -3//-3 -2//-2 -1//-1
v -0.102879 -0.687040 0.203834
v -0.111446 -0.680199 0.234896
v -0.125608 -0.668193 0.199827
vn -0.5475 -0.8327 -0.0825
vn -0.6038 -0.7877 0.1219
vn -0.6970 -0.7087 -0.1089
f -3//-3 -2//-2 -1//-1
v -0.103026 -0.434289 0.201058
v -0.125733 -0.453246 0.197467
v -0.111586 -0.440457 0.232263
vn -0.5484 0.8301 -0.1008
vn -0.6978 0.7054 -0.1244
vn -0.6048 0.7895 0.1045
f -3//-3 -2//-2 -1//-1
v -0.085479 -0.695589 0.239024
v -0.111446 -0.680199 0.234896
v -0.102879 -0.687040 0.203834
vn -0.4330 -0.8890 0.1490
vn -0.6038 -0.7877 0.1219
vn -0.5475 -0.8327 -0.0825
f -3//-3 -2//-2 -1//-1
v -0.085636 -0.424949 0.236052
v -0.103026 -0.434289 0.201058
v -0.111586 -0.440457 0.232263
vn -0.4340 0.8915 0.1295
vn -0.5484 0.8301 -0.1008
vn -0.6048 0.7895 0.1045
f -3//-3 -2//-2 -1//-1
v -0.085479 -0.695589 0.239024
v -0.091029 -0.684045 0.268702
v -0.111446 -0.680199 0.234896
vn -0.4330 -0.8890 0.1490
vn -0.4695 -0.8130 0.3443
vn -0.6038 -0.7877 0.1219
f -3//-3 -2//-2 -1//-1
v -0.085636 -0.424949 0.236052
v -0.111586 -0.440457 0.232263
v -0.091174 -0.435846 0.265977
vn -0.4340 0.8915 0.1295
vn -0.6048 0.7895 0.1045
vn -0.4705 0.8199 0.3263
f -3//-3 -2//-2 -1//-1
v -0.029175 -0.700260 0.275283
v -0.061038 -0.695199 0.273279
v -0.054358 -0.706074 0.242788
vn -0.0626 -0.9197 0.3876
vn -0.2722 -0.8864 0.3744
vn -0.2283 -0.9580 0.1738
f -3//-3 -2//-2 -1//-1
v -0.029338 -0.419418 0.272199
v -0.054528 -0.414348 0.239585
v -0.061195 -0.424559 0.270308
vn -0.0637 0.9279 0.3673
vn -0.2294 0.9613 0.1527
vn -0.2732 0.8941 0.3548
f -3//-3 -2//-2 -1//-1
v -0.054358 -0.706074 0.242788
v -0.085479 -0.695589 0.239024
v -0.076952 -0.701023 0.208322
vn -0.2283 -0.9580 0.1738
vn -0.4330 -0.8890 0.1490
vn -0.3769 -0.9247 -0.0530
f -3//-3 -2//-2 -1//-1
v -0.054528 -0.414348 0.239585
v -0.077115 -0.420181 0.205238
v -0.085636 -0.424949 0.236052
vn -0.2294 0.9613 0.1527
vn -0.3780 0.9229 -0.0733
vn -0.4340 0.8915 0.1295
f -3//-3 -2//-2 -1//-1
v -0.061038 -0.695199 0.273279
v -0.085479 -0.695589 0.239024
v -0.054358 -0.706074 0.242788
vn -0.2722 -0.8864 0.3744
vn -0.4330 -0.8890 0.1490
vn -0.2283 -0.9580 0.1738
f -3//-3 -2//-2 -1//-1
v -0.061195 -0.424559 0.270308
v -0.054528 -0.414348 0.239585
v -0.085636 -0.424949 0.236052
vn -0.2732 0.8941 0.3548
vn -0.2294 0.9613 0.1527
vn -0.4340 0.8915 0.1295
f -3//-3 -2//-2 -1//-1
v -0.061038 -0.695199 0.273279
v -0.091029 -0.684045 0.268702
v -0.085479 -0.695589 0.239024
vn -0.2722 -0.8864 0.3744
vn -0.4695 -0.8130 0.3443
vn -0.4330 -0.8890 0.1490
f -3//-3 -2//-2 -1//-1
v -0.061195 -0.424559 0.270308
v -0.085636 -0.424949 0.236052
v -0.091174 -0.435846 0.265977
vn -0.2732 0.8941 0.3548
vn -0.4340 0.8915 0.1295
vn -0.4705 0.8199 0.3263
f -3//-3 -2//-2 -1//-1
v -0.029175 -0.700260 0.275283
v -0.033518 -0.685932 0.301046
v -0.061038 -0.695199 0.273279
vn -0.0626 -0.9197 0.3876
vn -0.0912 -0.8255 0.5571
vn -0.2722 -0.8864 0.3744
f -3//-3 -2//-2 -1//-1
v -0.029338 -0.419418 0.272199
v -0.061195 -0.424559 0.270308
v -0.033665 -0.433182 0.298271
vn -0.0637 0.9279 0.3673
vn -0.2732 0.8941 0.3548
vn -0.0921 0.8374 0.5388
f -3//-3 -2//-2 -1//-1
v -0.061038 -0.695199 0.273279
v -0.065749 -0.679469 0.298942
v -0.091029 -0.684045 0.268702
vn -0.2722 -0.8864 0.3744
vn -0.3032 -0.7829 0.5432
vn -0.4695 -0.8130 0.3443
f -3//-3 -2//-2 -1//-1
v -0.061195 -0.424559 0.270308
v -0.091174 -0.435846 0.265977
v -0.065888 -0.439727 0.296310
vn -0.2732 0.8941 0.3548
vn -0.4705 0.8199 0.3263
vn -0.3041 0.7943 0.5259
f -3//-3 -2//-2 -1//-1
v -0.033518 -0.685932 0.301046
v -0.065749 -0.679469 0.298942
v -0.061038 -0.695199 0.273279
vn -0.0912 -0.8255 0.5571
vn -0.3032 -0.7829 0.5432
vn -0.2722 -0.8864 0.3744
f -3//-3 -2//-2 -1//-1
v -0.033665 -0.433182 0.298271
v -0.061195 -0.424559 0.270308
v -0.065888 -0.439727 0.296310
vn -0.0921 0.8374 0.5388
vn -0.2732 0.8941 0.3548
vn -0.3041 0.7943 0.5259
f -3//-3 -2//-2 -1//-1
v -0.033518 -0.685932 0.301046
v -0.037328 -0.666783 0.323555
v -0.065749 -0.679469 0.298942
vn -0.0912 -0.8255 0.5571
vn -0.1162 -0.6995 0.7051
vn -0.3032 -0.7829 0.5432
f -3//-3 -2//-2 -1//-1
v -0.033665 -0.433182 0.298271
v -0.065888 -0.439727 0.296310
v -0.037453 -0.451836 0.321195
vn -0.0921 0.8374 0.5388
vn -0.3041 0.7943 0.5259
vn -0.1170 0.7147 0.6896
f -3//-3 -2//-2 -1//-1
v -0.125608 -0.668193 0.199827
v -0.143146 -0.648156 0.229245
v -0.144266 -0.645206 0.196457
vn -0.6970 -0.7087 -0.1089
vn -0.8124 -0.5769 0.0847
vn -0.8198 -0.5575 -0.1310
f -3//-3 -2//-2 -1//-1
v -0.125733 -0.453246 0.197467
v -0.144364 -0.476323 0.194602
v -0.143248 -0.472653 0.227318
vn -0.6978 0.7054 -0.1244
vn -0.8204 0.5536 -0.1432
vn -0.8131 0.5777 0.0720
f -3//-3 -2//-2 -1//-1
v -0.144266 -0.645206 0.196457
v -0.158338 -0.621943 0.226038
v -0.158135 -0.618962 0.193852
vn -0.8198 -0.5575 -0.1310
vn -0.9123 -0.4045 0.0636
vn -0.9110 -0.3849 -0.1482
f -3//-3 -2//-2 -1//-1
v -0.144364 -0.476323 0.194602
v -0.158203 -0.502634 0.192574
v -0.158409 -0.498948 0.224687
vn -0.8204 0.5536 -0.1432
vn -0.9114 0.3805 -0.1566
vn -0.9128 0.4047 0.0547
f -3//-3 -2//-2 -1//-1
v -0.143146 -0.648156 0.229245
v -0.158338 -0.621943 0.226038
v -0.144266 -0.645206 0.196457
vn -0.8124 -0.5769 0.0847
vn -0.9123 -0.4045 0.0636
vn -0.8198 -0.5575 -0.1310
f -3//-3 -2//-2 -1//-1
v -0.143248 -0.472653 0.227318
v -0.144364 -0.476323 0.194602
v -0.158409 -0.498948 0.224687
vn -0.8131 0.5777 0.0720
vn -0.8204 0.5536 -0.1432
vn -0.9128 0.4047 0.0547
f -3//-3 -2//-2 -1//-1
v -0.143146 -0.648156 0.229245
v -0.152269 -0.622143 0.257786
v -0.158338 -0.621943 0.226038
vn -0.8124 -0.5769 0.0847
vn -0.8724 -0.4058 0.2725
vn -0.9123 -0.4045 0.0636
f -3//-3 -2//-2 -1//-1
v -0.143248 -0.472653 0.227318
v -0.158409 -0.498948 0.224687
v -0.152341 -0.498043 0.256424
vn -0.8131 0.5777 0.0720
vn -0.9128 0.4047 0.0547
vn -0.8729 0.4107 0.2635
f -3//-3 -2//-2 -1//-1
v -0.158135 -0.618962 0.193852
v -0.168502 -0.590696 0.222443
v -0.166683 -0.590471 0.192112
vn -0.9110 -0.3849 -0.1482
vn -0.9792 -0.1989 0.0399
vn -0.9672 -0.1974 -0.1596
f -3//-3 -2//-2 -1//-1
v -0.158203 -0.502634 0.192574
v -0.166717 -0.531167 0.191461
v -0.168537 -0.530278 0.221779
vn -0.9114 0.3805 -0.1566
vn -0.9675 0.1927 -0.1639
vn -0.9794 0.1986 0.0356
f -3//-3 -2//-2 -1//-1
v -0.166683 -0.590471 0.192112
v -0.171591 -0.560500 0.221032
v -0.169581 -0.560826 0.191305
vn -0.9672 -0.1974 -0.1596
vn -0.9995 -0.0002 0.0307
vn -0.9863 -0.0024 -0.1649
f -3//-3 -2//-2 -1//-1
v -0.166717 -0.531167 0.191461
v -0.169581 -0.560826 0.191305
v -0.171591 -0.560500 0.221032
vn -0.9675 0.1927 -0.1639
vn -0.9863 -0.0024 -0.1649
vn -0.9995 -0.0002 0.0307
f -3//-3 -2//-2 -1//-1
v -0.168502 -0.590696 0.222443
v -0.171591 -0.560500 0.221032
v -0.166683 -0.590471 0.192112
vn -0.9792 -0.1989 0.0399
vn -0.9995 -0.0002 0.0307
vn -0.9672 -0.1974 -0.1596
f -3//-3 -2//-2 -1//-1
v -0.168537 -0.530278 0.221779
v -0.166717 -0.531167 0.191461
v -0.171591 -0.560500 0.221032
vn -0.9794 0.1986 0.0356
vn -0.9675 0.1927 -0.1639
vn -0.9995 -0.0002 0.0307
f -3//-3 -2//-2 -1//-1
v -0.168502 -0.590696 0.222443
v -0.167763 -0.560174 0.250581
v -0.171591 -0.560500 0.221032
vn -0.9792 -0.1989 0.0399
vn -0.9743 0.0019 0.2250
vn -0.9995 -0.0002 0.0307
f -3//-3 -2//-2 -1//-1
v -0.168537 -0.530278 0.221779
v -0.171591 -0.560500 0.221032
v -0.167763 -0.560174 0.250581
vn -0.9794 0.1986 0.0356
vn -0.9995 -0.0002 0.0307
vn -0.9743 0.0019 0.2250
f -3//-3 -2//-2 -1//-1
v -0.152269 -0.622143 0.257786
v -0.163263 -0.591868 0.255058
v -0.158338 -0.621943 0.226038
vn -0.8724 -0.4058 0.2725
vn -0.9447 -0.2066 0.2545
vn -0.9123 -0.4045 0.0636
f -3//-3 -2//-2 -1//-1
v -0.152341 -0.498043 0.256424
v -0.158409 -0.498948 0.224687
v -0.163300 -0.528383 0.254361
vn -0.8729 0.4107 0.2635
vn -0.9128 0.4047 0.0547
vn -0.9450 0.2111 0.2499
f -3//-3 -2//-2 -1//-1
v -0.158338 -0.621943 0.226038
v -0.168502 -0.590696 0.222443
v -0.158135 -0.618962 0.193852
vn -0.9123 -0.4045 0.0636
vn -0.9792 -0.1989 0.0399
vn -0.9110 -0.3849 -0.1482
f -3//-3 -2//-2 -1//-1
v -0.158409 -0.498948 0.224687
v -0.158203 -0.502634 0.192574
v -0.168537 -0.530278 0.221779
vn -0.9128 0.4047 0.0547
vn -0.9114 0.3805 -0.1566
vn -0.9794 0.1986 0.0356
f -3//-3 -2//-2 -1//-1
v -0.163263 -0.591868 0.255058
v -0.168502 -0.590696 0.222443
v -0.158338 -0.621943 0.226038
vn -0.9447 -0.2066 0.2545
vn -0.9792 -0.1989 0.0399
vn -0.9123 -0.4045 0.0636
f -3//-3 -2//-2 -1//-1
v -0.163300 -0.528383 0.254361
v -0.158409 -0.498948 0.224687
v -0.168537 -0.530278 0.221779
vn -0.9450 0.2111 0.2499
vn -0.9128 0.4047 0.0547
vn -0.9794 0.1986 0.0356
f -3//-3 -2//-2 -1//-1
v -0.163263 -0.591868 0.255058
v -0.167763 -0.560174 0.250581
v -0.168502 -0.590696 0.222443
vn -0.9447 -0.2066 0.2545
vn -0.9743 0.0019 0.2250
vn -0.9792 -0.1989 0.0399
f -3//-3 -2//-2 -1//-1
v -0.163300 -0.528383 0.254361
v -0.168537 -0.530278 0.221779
v -0.167763 -0.560174 0.250581
vn -0.9450 0.2111 0.2499
vn -0.9794 0.1986 0.0356
vn -0.9743 0.0019 0.2250
f -3//-3 -2//-2 -1//-1
v -0.152269 -0.622143 0.257786
v -0.152355 -0.591927 0.283505
v -0.163263 -0.591868 0.255058
vn -0.8724 -0.4058 0.2725
vn -0.8730 -0.2070 0.4417
vn -0.9447 -0.2066 0.2545
f -3//-3 -2//-2 -1//-1
v -0.152341 -0.498043 0.256424
v -0.163300 -0.528383 0.254361
v -0.152393 -0.527688 0.282800
vn -0.8729 0.4107 0.2635
vn -0.9450 0.2111 0.2499
vn -0.8732 0.2156 0.4370
f -3//-3 -2//-2 -1//-1
v -0.163263 -0.591868 0.255058
v -0.158244 -0.559858 0.278815
v -0.167763 -0.560174 0.250581
vn -0.9447 -0.2066 0.2545
vn -0.9117 0.0040 0.4108
vn -0.9743 0.0019 0.2250
f -3//-3 -2//-2 -1//-1
v -0.163300 -0.528383 0.254361
v -0.167763 -0.560174 0.250581
v -0.158244 -0.559858 0.278815
vn -0.9450 0.2111 0.2499
vn -0.9743 0.0019 0.2250
vn -0.9117 0.0040 0.4108
f -3//-3 -2//-2 -1//-1
v -0.152355 -0.591927 0.283505
v -0.158244 -0.559858 0.278815
v -0.163263 -0.591868 0.255058
vn -0.8730 -0.2070 0.4417
vn -0.9117 0.0040 0.4108
vn -0.9447 -0.2066 0.2545
f -3//-3 -2//-2 -1//-1
v -0.152393 -0.527688 0.282800
v -0.163300 -0.528383 0.254361
v -0.158244 -0.559858 0.278815
vn -0.8732 0.2156 0.4370
vn -0.9450 0.2111 0.2499
vn -0.9117 0.0040 0.4108
f -3//-3 -2//-2 -1//-1
v -0.152355 -0.591927 0.283505
v -0.143399 -0.559566 0.304649
v -0.158244 -0.559858 0.278815
vn -0.8730 -0.2070 0.4417
vn -0.8141 0.0059 0.5808
vn -0.9117 0.0040 0.4108
f -3//-3 -2//-2 -1//-1
v -0.152393 -0.527688 0.282800
v -0.158244 -0.559858 0.278815
v -0.143399 -0.559566 0.304649
vn -0.8732 0.2156 0.4370
vn -0.9117 0.0040 0.4108
vn -0.8141 0.0059 0.5808
f -3//-3 -2//-2 -1//-1
v -0.037328 -0.666783 0.323555
v -0.071066 -0.647005 0.330269
v -0.065749 -0.679469 0.298942
vn -0.1162 -0.6995 0.7051
vn -0.3382 -0.5694 0.7493
vn -0.3032 -0.7829 0.5432
f -3//-3 -2//-2 -1//-1
v -0.037453 -0.451836 0.321195
v -0.065888 -0.439727 0.296310
v -0.071168 -0.471501 0.328342
vn -0.1170 0.7147 0.6896
vn -0.3041 0.7943 0.5259
vn -0.3389 0.5853 0.7366
f -3//-3 -2//-2 -1//-1
v -0.065749 -0.679469 0.298942
v -0.099567 -0.656788 0.302634
v -0.091029 -0.684045 0.268702
vn -0.3032 -0.7829 0.5432
vn -0.5257 -0.6337 0.5675
vn -0.4695 -0.8130 0.3443
f -3//-3 -2//-2 -1//-1
v -0.065888 -0.439727 0.296310
v -0.091174 -0.435846 0.265977
v -0.099680 -0.462361 0.300499
vn -0.3041 0.7943 0.5259
vn -0.4705 0.8199 0.3263
vn -0.5264 0.6454 0.5535
f -3//-3 -2//-2 -1//-1
v -0.071066 -0.647005 0.330269
v -0.099567 -0.656788 0.302634
v -0.065749 -0.679469 0.298942
vn -0.3382 -0.5694 0.7493
vn -0.5257 -0.6337 0.5675
vn -0.3032 -0.7829 0.5432
f -3//-3 -2//-2 -1//-1
v -0.071168 -0.471501 0.328342
v -0.065888 -0.439727 0.296310
v -0.099680 -0.462361 0.300499
vn -0.3389 0.5853 0.7366
vn -0.3041 0.7943 0.5259
vn -0.5264 0.6454 0.5535
f -3//-3 -2//-2 -1//-1
v -0.071066 -0.647005 0.330269
v -0.101301 -0.621329 0.329221
v -0.099567 -0.656788 0.302634
vn -0.3382 -0.5694 0.7493
vn -0.5371 -0.4004 0.7424
vn -0.5257 -0.6337 0.5675
f -3//-3 -2//-2 -1//-1
v -0.071168 -0.471501 0.328342
v -0.099680 -0.462361 0.300499
v -0.101373 -0.497229 0.327858
vn -0.3389 0.5853 0.7366
vn -0.5264 0.6454 0.5535
vn -0.5376 0.4160 0.7335
f -3//-3 -2//-2 -1//-1
v -0.091029 -0.684045 0.268702
v -0.126184 -0.657213 0.265328
v -0.111446 -0.680199 0.234896
vn -0.4695 -0.8130 0.3443
vn -0.7008 -0.6365 0.3221
vn -0.6038 -0.7877 0.1219
f -3//-3 -2//-2 -1//-1
v -0.091174 -0.435846 0.265977
v -0.111586 -0.440457 0.232263
v -0.126297 -0.462786 0.263194
vn -0.4705 0.8199 0.3263
vn -0.6048 0.7895 0.1045
vn -0.7015 0.6426 0.3080
f -3//-3 -2//-2 -1//-1
v -0.111446 -0.680199 0.234896
v -0.143146 -0.648156 0.229245
v -0.125608 -0.668193 0.199827
vn -0.6038 -0.7877 0.1219
vn -0.8124 -0.5769 0.0847
vn -0.6970 -0.7087 -0.1089
f -3//-3 -2//-2 -1//-1
v -0.111586 -0.440457 0.232263
v -0.125733 -0.453246 0.197467
v -0.143248 -0.472653 0.227318
vn -0.6048 0.7895 0.1045
vn -0.6978 0.7054 -0.1244
vn -0.8131 0.5777 0.0720
f -3//-3 -2//-2 -1//-1
v -0.126184 -0.657213 0.265328
v -0.143146 -0.648156 0.229245
v -0.111446 -0.680199 0.234896
vn -0.7008 -0.6365 0.3221
vn -0.8124 -0.5769 0.0847
vn -0.6038 -0.7877 0.1219
f -3//-3 -2//-2 -1//-1
v -0.126297 -0.462786 0.263194
v -0.111586 -0.440457 0.232263
v -0.143248 -0.472653 0.227318
vn -0.7015 0.6426 0.3080
vn -0.6048 0.7895 0.1045
vn -0.8131 0.5777 0.0720
f -3//-3 -2//-2 -1//-1
v -0.126184 -0.657213 0.265328
v -0.152269 -0.622143 0.257786
v -0.143146 -0.648156 0.229245
vn -0.7008 -0.6365 0.3221
vn -0.8724 -0.4058 0.2725
vn -0.8124 -0.5769 0.0847
f -3//-3 -2//-2 -1//-1
v -0.126297 -0.462786 0.263194
v -0.143248 -0.472653 0.227318
v -0.152341 -0.498043 0.256424
vn -0.7015 0.6426 0.3080
vn -0.8131 0.5777 0.0720
vn -0.8729 0.4107 0.2635
f -3//-3 -2//-2 -1//-1
v -0.101301 -0.621329 0.329221
v -0.131548 -0.624461 0.296933
v -0.099567 -0.656788 0.302634
vn -0.5371 -0.4004 0.7424
vn -0.7361 -0.4210 0.5300
vn -0.5257 -0.6337 0.5675
f -3//-3 -2//-2 -1//-1
v -0.101373 -0.497229 0.327858
v -0.099680 -0.462361 0.300499
v -0.131624 -0.494843 0.295510
vn -0.5376 0.4160 0.7335
vn -0.5264 0.6454 0.5535
vn -0.7366 0.4317 0.5206
f -3//-3 -2//-2 -1//-1
v -0.099567 -0.656788 0.302634
v -0.126184 -0.657213 0.265328
v -0.091029 -0.684045 0.268702
vn -0.5257 -0.6337 0.5675
vn -0.7008 -0.6365 0.3221
vn -0.4695 -0.8130 0.3443
f -3//-3 -2//-2 -1//-1
v -0.099680 -0.462361 0.300499
v -0.091174 -0.435846 0.265977
v -0.126297 -0.462786 0.263194
vn -0.5264 0.6454 0.5535
vn -0.4705 0.8199 0.3263
vn -0.7015 0.6426 0.3080
f -3//-3 -2//-2 -1//-1
v -0.131548 -0.624461 0.296933
v -0.126184 -0.657213 0.265328
v -0.099567 -0.656788 0.302634
vn -0.7361 -0.4210 0.5300
vn -0.7008 -0.6365 0.3221
vn -0.5257 -0.6337 0.5675
f -3//-3 -2//-2 -1//-1
v -0.131624 -0.494843 0.295510
v -0.099680 -0.462361 0.300499
v -0.126297 -0.462786 0.263194
vn -0.7366 0.4317 0.5206
vn -0.5264 0.6454 0.5535
vn -0.7015 0.6426 0.3080
f -3//-3 -2//-2 -1//-1
v -0.131548 -0.624461 0.296933
v -0.152269 -0.622143 0.257786
v -0.126184 -0.657213 0.265328
vn -0.7361 -0.4210 0.5300
vn -0.8724 -0.4058 0.2725
vn -0.7008 -0.6365 0.3221
f -3//-3 -2//-2 -1//-1
v -0.131624 -0.494843 0.295510
v -0.126297 -0.462786 0.263194
v -0.152341 -0.498043 0.256424
vn -0.7366 0.4317 0.5206
vn -0.7015 0.6426 0.3080
vn -0.8729 0.4107 0.2635
f -3//-3 -2//-2 -1//-1
v -0.101301 -0.621329 0.329221
v -0.125972 -0.591505 0.320482
v -0.131548 -0.624461 0.296933
vn -0.5371 -0.4004 0.7424
vn -0.6994 -0.2042 0.6849
vn -0.7361 -0.4210 0.5300
f -3//-3 -2//-2 -1//-1
v -0.101373 -0.497229 0.327858
v -0.131624 -0.494843 0.295510
v -0.126009 -0.527267 0.319777
vn -0.5376 0.4160 0.7335
vn -0.7366 0.4317 0.5206
vn -0.6996 0.2184 0.6803
f -3//-3 -2//-2 -1//-1
v -0.131548 -0.624461 0.296933
v -0.152355 -0.591927 0.283505
v -0.152269 -0.622143 0.257786
vn -0.7361 -0.4210 0.5300
vn -0.8730 -0.2070 0.4417
vn -0.8724 -0.4058 0.2725
f -3//-3 -2//-2 -1//-1
v -0.131624 -0.494843 0.295510
v -0.152341 -0.498043 0.256424
v -0.152393 -0.527688 0.282800
vn -0.7366 0.4317 0.5206
vn -0.8729 0.4107 0.2635
vn -0.8732 0.2156 0.4370
f -3//-3 -2//-2 -1//-1
v -0.125972 -0.591505 0.320482
v -0.152355 -0.591927 0.283505
v -0.131548 -0.624461 0.296933
vn -0.6994 -0.2042 0.6849
vn -0.8730 -0.2070 0.4417
vn -0.7361 -0.4210 0.5300
f -3//-3 -2//-2 -1//-1
v -0.126009 -0.527267 0.319777
v -0.131624 -0.494843 0.295510
v -0.152393 -0.527688 0.282800
vn -0.6996 0.2184 0.6803
vn -0.7366 0.4317 0.5206
vn -0.8732 0.2156 0.4370
f -3//-3 -2//-2 -1//-1
v -0.125972 -0.591505 0.320482
v -0.143399 -0.559566 0.304649
v -0.152355 -0.591927 0.283505
vn -0.6994 -0.2042 0.6849
vn -0.8141 0.0059 0.5808
vn -0.8730 -0.2070 0.4417
f -3//-3 -2//-2 -1//-1
v -0.126009 -0.527267 0.319777
v -0.152393 -0.527688 0.282800
v -0.143399 -0.559566 0.304649
vn -0.6996 0.2184 0.6803
vn -0.8732 0.2156 0.4370
vn -0.8141 0.0059 0.5808
f -3//-3 -2//-2 -1//-1
v -0.037328 -0.666783 0.323555
v -0.040459 -0.643548 0.341945
v -0.071066 -0.647005 0.330269
vn -0.1162 -0.6995 0.7051
vn -0.1368 -0.5466 0.8261
vn -0.3382 -0.5694 0.7493
f -3//-3 -2//-2 -1//-1
v -0.037453 -0.451836 0.321195
v -0.071168 -0.471501 0.328342
v -0.040557 -0.474665 0.340091
vn -0.1170 0.7147 0.6896
vn -0.3389 0.5853 0.7366
vn -0.1375 0.5645 0.8139
f -3//-3 -2//-2 -1//-1
v -0.071066 -0.647005 0.330269
v -0.073258 -0.620584 0.345280
v -0.101301 -0.621329 0.329221
vn -0.3382 -0.5694 0.7493
vn -0.3526 -0.3955 0.8481
vn -0.5371 -0.4004 0.7424
f -3//-3 -2//-2 -1//-1
v -0.071168 -0.471501 0.328342
v -0.101373 -0.497229 0.327858
v -0.073329 -0.497589 0.343930
vn -0.3389 0.5853 0.7366
vn -0.5376 0.4160 0.7335
vn -0.3531 0.4136 0.8392
f -3//-3 -2//-2 -1//-1
v -0.040459 -0.643548 0.341945
v -0.073258 -0.620584 0.345280
v -0.071066 -0.647005 0.330269
vn -0.1368 -0.5466 0.8261
vn -0.3526 -0.3955 0.8481
vn -0.3382 -0.5694 0.7493
f -3//-3 -2//-2 -1//-1
v -0.040557 -0.474665 0.340091
v -0.071168 -0.471501 0.328342
v -0.073329 -0.497589 0.343930
vn -0.1375 0.5645 0.8139
vn -0.3389 0.5853 0.7366
vn -0.3531 0.4136 0.8392
f -3//-3 -2//-2 -1//-1
v -0.040459 -0.643548 0.341945
v -0.042791 -0.617120 0.355510
v -0.073258 -0.620584 0.345280
vn -0.1368 -0.5466 0.8261
vn -0.1522 -0.3727 0.9154
vn -0.3526 -0.3955 0.8481
f -3//-3 -2//-2 -1//-1
v -0.040557 -0.474665 0.340091
v -0.073329 -0.497589 0.343930
v -0.042859 -0.500792 0.354233
vn -0.1375 0.5645 0.8139
vn -0.3531 0.4136 0.8392
vn -0.1526 0.3926 0.9070
f -3//-3 -2//-2 -1//-1
v -0.101301 -0.621329 0.329221
v -0.102624 -0.590900 0.340046
v -0.125972 -0.591505 0.320482
vn -0.5371 -0.4004 0.7424
vn -0.5458 -0.2002 0.8136
vn -0.6994 -0.2042 0.6849
f -3//-3 -2//-2 -1//-1
v -0.101373 -0.497229 0.327858
v -0.126009 -0.527267 0.319777
v -0.102661 -0.527415 0.339349
vn -0.5376 0.4160 0.7335
vn -0.6996 0.2184 0.6803
vn -0.5460 0.2174 0.8091
f -3//-3 -2//-2 -1//-1
v -0.125972 -0.591505 0.320482
v -0.123798 -0.559308 0.327091
v -0.143399 -0.559566 0.304649
vn -0.6994 -0.2042 0.6849
vn -0.6851 0.0076 0.7284
vn -0.8141 0.0059 0.5808
f -3//-3 -2//-2 -1//-1
v -0.126009 -0.527267 0.319777
v -0.143399 -0.559566 0.304649
v -0.123798 -0.559308 0.327091
vn -0.6996 0.2184 0.6803
vn -0.8141 0.0059 0.5808
vn -0.6851 0.0076 0.7284
f -3//-3 -2//-2 -1//-1
v -0.102624 -0.590900 0.340046
v -0.123798 -0.559308 0.327091
v -0.125972 -0.591505 0.320482
vn -0.5458 -0.2002 0.8136
vn -0.6851 0.0076 0.7284
vn -0.6994 -0.2042 0.6849
f -3//-3 -2//-2 -1//-1
v -0.102661 -0.527415 0.339349
v -0.126009 -0.527267 0.319777
v -0.123798 -0.559308 0.327091
vn -0.5460 0.2174 0.8091
vn -0.6996 0.2184 0.6803
vn -0.6851 0.0076 0.7284
f -3//-3 -2//-2 -1//-1
v -0.102624 -0.590900 0.340046
v -0.100196 -0.559095 0.345278
v -0.123798 -0.559308 0.327091
vn -0.5458 -0.2002 0.8136
vn -0.5298 0.0090 0.8481
vn -0.6851 0.0076 0.7284
f -3//-3 -2//-2 -1//-1
v -0.102661 -0.527415 0.339349
v -0.123798 -0.559308 0.327091
v -0.100196 -0.559095 0.345278
vn -0.5460 0.2174 0.8091
vn -0.6851 0.0076 0.7284
vn -0.5298 0.0090 0.8481
f -3//-3 -2//-2 -1//-1
v -0.042791 -0.617120 0.355510
v -0.073502 -0.589179 0.355588
v -0.073258 -0.620584 0.345280
vn -0.1522 -0.3727 0.9154
vn -0.3542 -0.1889 0.9159
vn -0.3526 -0.3955 0.8481
f -3//-3 -2//-2 -1//-1
v -0.042859 -0.500792 0.354233
v -0.073329 -0.497589 0.343930
v -0.073537 -0.528760 0.354924
vn -0.1526 0.3926 0.9070
vn -0.3531 0.4136 0.8392
vn -0.3544 0.2086 0.9115
f -3//-3 -2//-2 -1//-1
v -0.073258 -0.620584 0.345280
v -0.102624 -0.590900 0.340046
v -0.101301 -0.621329 0.329221
vn -0.3526 -0.3955 0.8481
vn -0.5458 -0.2002 0.8136
vn -0.5371 -0.4004 0.7424
f -3//-3 -2//-2 -1//-1
v -0.073329 -0.497589 0.343930
v -0.101373 -0.497229 0.327858
v -0.102661 -0.527415 0.339349
vn -0.3531 0.4136 0.8392
vn -0.5376 0.4160 0.7335
vn -0.5460 0.2174 0.8091
f -3//-3 -2//-2 -1//-1
v -0.073502 -0.589179 0.355588
v -0.102624 -0.590900 0.340046
v -0.073258 -0.620584 0.345280
vn -0.3542 -0.1889 0.9159
vn -0.5458 -0.2002 0.8136
vn -0.3526 -0.3955 0.8481
f -3//-3 -2//-2 -1//-1
v -0.073537 -0.528760 0.354924
v -0.073329 -0.497589 0.343930
v -0.102661 -0.527415 0.339349
vn -0.3544 0.2086 0.9115
vn -0.3531 0.4136 0.8392
vn -0.5460 0.2174 0.8091
f -3//-3 -2//-2 -1//-1
v -0.073502 -0.589179 0.355588
v -0.100196 -0.559095 0.345278
v -0.102624 -0.590900 0.340046
vn -0.3542 -0.1889 0.9159
vn -0.5298 0.0090 0.8481
vn -0.5458 -0.2002 0.8136
f -3//-3 -2//-2 -1//-1
v -0.073537 -0.528760 0.354924
v -0.102661 -0.527415 0.339349
v -0.100196 -0.559095 0.345278
vn -0.3544 0.2086 0.9115
vn -0.5460 0.2174 0.8091
vn -0.5298 0.0090 0.8481
f -3//-3 -2//-2 -1//-1
v -0.042791 -0.617120 0.355510
v -0.044234 -0.588515 0.363728
v -0.073502 -0.589179 0.355588
vn -0.1522 -0.3727 0.9154
vn -0.1617 -0.1846 0.9694
vn -0.3542 -0.1889 0.9159
f -3//-3 -2//-2 -1//-1
v -0.042859 -0.500792 0.354233
v -0.073537 -0.528760 0.354924
v -0.044269 -0.529211 0.363077
vn -0.1526 0.3926 0.9070
vn -0.3544 0.2086 0.9115
vn -0.1619 0.2056 0.9652
f -3//-3 -2//-2 -1//-1
v -0.073502 -0.589179 0.355588
v -0.073499 -0.558934 0.358512
v -0.100196 -0.559095 0.345278
vn -0.3542 -0.1889 0.9159
vn -0.3542 0.0101 0.9351
vn -0.5298 0.0090 0.8481
f -3//-3 -2//-2 -1//-1
v -0.073537 -0.528760 0.354924
v -0.100196 -0.559095 0.345278
v -0.073499 -0.558934 0.358512
vn -0.3544 0.2086 0.9115
vn -0.5298 0.0090 0.8481
vn -0.3542 0.0101 0.9351
f -3//-3 -2//-2 -1//-1
v -0.044234 -0.588515 0.363728
v -0.073499 -0.558934 0.358512
v -0.073502 -0.589179 0.355588
vn -0.1617 -0.1846 0.9694
vn -0.3542 0.0101 0.9351
vn -0.3542 -0.1889 0.9159
f -3//-3 -2//-2 -1//-1
v -0.044269 -0.529211 0.363077
v -0.073537 -0.528760 0.354924
v -0.073499 -0.558934 0.358512
vn -0.1619 0.2056 0.9652
vn -0.3544 0.2086 0.9115
vn -0.3542 0.0101 0.9351
f -3//-3 -2//-2 -1//-1
v -0.044234 -0.588515 0.363728
v -0.044733 -0.558832 0.366283
v -0.073499 -0.558934 0.358512
vn -0.1617 -0.1846 0.9694
vn -0.1649 0.0107 0.9862
vn -0.3542 0.0101 0.9351
f -3//-3 -2//-2 -1//-1
v -0.044269 -0.529211 0.363077
v -0.073499 -0.558934 0.358512
v -0.044733 -0.558832 0.366283
vn -0.1619 0.2056 0.9652
vn -0.3542 0.0101 0.9351
vn -0.1649 0.0107 0.9862
f -3//-3 -2//-2 -1//-1
v -0.045408 0.602095 0.353536
v -0.044909 0.572412 0.350981
v -0.015679 0.602134 0.355546
vn -0.1649 0.0107 0.9862
vn -0.1617 -0.1846 0.9694
vn 0.0306 0.0110 0.9995
f -3//-3 -2//-2 -1//-1
v -0.045408 0.602095 0.353536
v -0.015679 0.602134 0.355546
v -0.044944 0.631715 0.350330
vn -0.1649 0.0107 0.9862
vn 0.0306 0.0110 0.9995
vn -0.1619 0.2056 0.9652
f -3//-3 -2//-2 -1//-1
v -0.015679 0.602134 0.355546
v -0.014583 0.571892 0.352806
v 0.013871 0.602109 0.351718
vn 0.0306 0.0110 0.9995
vn 0.0379 -0.1880 0.9814
vn 0.2251 0.0108 0.9743
f -3//-3 -2//-2 -1//-1
v -0.015679 0.602134 0.355546
v 0.013871 0.602109 0.351718
v -0.014618 0.632310 0.352143
vn 0.0306 0.0110 0.9995
vn 0.2251 0.0108 0.9743
vn 0.0376 0.2095 0.9771
f -3//-3 -2//-2 -1//-1
v -0.044909 0.572412 0.350981
v -0.014583 0.571892 0.352806
v -0.015679 0.602134 0.355546
vn -0.1617 -0.1846 0.9694
vn 0.0379 -0.1880 0.9814
vn 0.0306 0.0110 0.9995
f -3//-3 -2//-2 -1//-1
v -0.044944 0.631715 0.350330
v -0.015679 0.602134 0.355546
v -0.014618 0.632310 0.352143
vn -0.1619 0.2056 0.9652
vn 0.0306 0.0110 0.9995
vn 0.0376 0.2095 0.9771
f -3//-3 -2//-2 -1//-1
v -0.044909 0.572412 0.350981
v -0.043466 0.543806 0.342764
v -0.014583 0.571892 0.352806
vn -0.1617 -0.1846 0.9694
vn -0.1522 -0.3727 0.9154
vn 0.0379 -0.1880 0.9814
f -3//-3 -2//-2 -1//-1
v -0.044944 0.631715 0.350330
v -0.014618 0.632310 0.352143
v -0.043534 0.660135 0.341486
vn -0.1619 0.2056 0.9652
vn 0.0376 0.2095 0.9771
vn -0.1526 0.3926 0.9070
f -3//-3 -2//-2 -1//-1
v 0.013871 0.602109 0.351718
v 0.018019 0.570320 0.347586
v 0.042107 0.602021 0.342199
vn 0.2251 0.0108 0.9743
vn 0.2523 -0.1983 0.9471
vn 0.4108 0.0102 0.9117
f -3//-3 -2//-2 -1//-1
v 0.013871 0.602109 0.351718
v 0.042107 0.602021 0.342199
v 0.017982 0.633805 0.346889
vn 0.2251 0.0108 0.9743
vn 0.4108 0.0102 0.9117
vn 0.2521 0.2194 0.9425
f -3//-3 -2//-2 -1//-1
v 0.042107 0.602021 0.342199
v 0.046464 0.569840 0.336682
v 0.067943 0.601873 0.327355
vn 0.4108 0.0102 0.9117
vn 0.4395 -0.2015 0.8754
vn 0.5808 0.0093 0.8140
f -3//-3 -2//-2 -1//-1
v 0.042107 0.602021 0.342199
v 0.067943 0.601873 0.327355
v 0.046427 0.634079 0.335977
vn 0.4108 0.0102 0.9117
vn 0.5808 0.0093 0.8140
vn 0.4392 0.2212 0.8707
f -3//-3 -2//-2 -1//-1
v 0.018019 0.570320 0.347586
v 0.046464 0.569840 0.336682
v 0.042107 0.602021 0.342199
vn 0.2523 -0.1983 0.9471
vn 0.4395 -0.2015 0.8754
vn 0.4108 0.0102 0.9117
f -3//-3 -2//-2 -1//-1
v 0.017982 0.633805 0.346889
v 0.042107 0.602021 0.342199
v 0.046427 0.634079 0.335977
vn 0.2521 0.2194 0.9425
vn 0.4108 0.0102 0.9117
vn 0.4392 0.2212 0.8707
f -3//-3 -2//-2 -1//-1
v 0.018019 0.570320 0.347586
v 0.020432 0.539893 0.336943
v 0.046464 0.569840 0.336682
vn 0.2523 -0.1983 0.9471
vn 0.2682 -0.3985 0.8771
vn 0.4395 -0.2015 0.8754
f -3//-3 -2//-2 -1//-1
v 0.017982 0.633805 0.346889
v 0.046427 0.634079 0.335977
v 0.020360 0.663993 0.335580
vn 0.2521 0.2194 0.9425
vn 0.4392 0.2212 0.8707
vn 0.2677 0.4180 0.8681
f -3//-3 -2//-2 -1//-1
v -0.043466 0.543806 0.342764
v -0.011313 0.540494 0.343005
v -0.014583 0.571892 0.352806
vn -0.1522 -0.3727 0.9154
vn 0.0594 -0.3945 0.9170
vn 0.0379 -0.1880 0.9814
f -3//-3 -2//-2 -1//-1
v -0.043534 0.660135 0.341486
v -0.014618 0.632310 0.352143
v -0.011384 0.663489 0.341654
vn -0.1526 0.3926 0.9070
vn 0.0376 0.2095 0.9771
vn 0.0589 0.4146 0.9081
f -3//-3 -2//-2 -1//-1
v -0.014583 0.571892 0.352806
v 0.018019 0.570320 0.347586
v 0.013871 0.602109 0.351718
vn 0.0379 -0.1880 0.9814
vn 0.2523 -0.1983 0.9471
vn 0.2251 0.0108 0.9743
f -3//-3 -2//-2 -1//-1
v -0.014618 0.632310 0.352143
v 0.013871 0.602109 0.351718
v 0.017982 0.633805 0.346889
vn 0.0376 0.2095 0.9771
vn 0.2251 0.0108 0.9743
vn 0.2521 0.2194 0.9425
f -3//-3 -2//-2 -1//-1
v -0.011313 0.540494 0.343005
v 0.018019 0.570320 0.347586
v -0.014583 0.571892 0.352806
vn 0.0594 -0.3945 0.9170
vn 0.2523 -0.1983 0.9471
vn 0.0379 -0.1880 0.9814
f -3//-3 -2//-2 -1//-1
v -0.011384 0.663489 0.341654
v -0.014618 0.632310 0.352143
v 0.017982 0.633805 0.346889
vn 0.0589 0.4146 0.9081
vn 0.0376 0.2095 0.9771
vn 0.2521 0.2194 0.9425
f -3//-3 -2//-2 -1//-1
v -0.011313 0.540494 0.343005
v 0.020432 0.539893 0.336943
v 0.018019 0.570320 0.347586
vn 0.0594 -0.3945 0.9170
vn 0.2682 -0.3985 0.8771
vn 0.2523 -0.1983 0.9471
f -3//-3 -2//-2 -1//-1
v -0.011384 0.663489 0.341654
v 0.017982 0.633805 0.346889
v 0.020360 0.663993 0.335580
vn 0.0589 0.4146 0.9081
vn 0.2521 0.2194 0.9425
vn 0.2677 0.4180 0.8681
f -3//-3 -2//-2 -1//-1
v -0.043466 0.543806 0.342764
v -0.041134 0.517378 0.329199
v -0.011313 0.540494 0.343005
vn -0.1522 -0.3727 0.9154
vn -0.1368 -0.5466 0.8261
vn 0.0594 -0.3945 0.9170
f -3//-3 -2//-2 -1//-1
v -0.043534 0.660135 0.341486
v -0.011384 0.663489 0.341654
v -0.041232 0.686261 0.327345
vn -0.1526 0.3926 0.9070
vn 0.0589 0.4146 0.9081
vn -0.1375 0.5645 0.8139
f -3//-3 -2//-2 -1//-1
v -0.011313 0.540494 0.343005
v -0.008378 0.514075 0.328118
v 0.020432 0.539893 0.336943
vn 0.0594 -0.3945 0.9170
vn 0.0787 -0.5683 0.8190
vn 0.2682 -0.3985 0.8771
f -3//-3 -2//-2 -1//-1
v -0.011384 0.663489 0.341654
v 0.020360 0.663993 0.335580
v -0.008480 0.689578 0.326191
vn 0.0589 0.4146 0.9081
vn 0.2677 0.4180 0.8681
vn 0.0780 0.5863 0.8063
f -3//-3 -2//-2 -1//-1
v -0.041134 0.517378 0.329199
v -0.008378 0.514075 0.328118
v -0.011313 0.540494 0.343005
vn -0.1368 -0.5466 0.8261
vn 0.0787 -0.5683 0.8190
vn 0.0594 -0.3945 0.9170
f -3//-3 -2//-2 -1//-1
v -0.041232 0.686261 0.327345
v -0.011384 0.663489 0.341654
v -0.008480 0.689578 0.326191
vn -0.1375 0.5645 0.8139
vn 0.0589 0.4146 0.9081
vn 0.0780 0.5863 0.8063
f -3//-3 -2//-2 -1//-1
v -0.041134 0.517378 0.329199
v -0.038003 0.494143 0.310809
v -0.008378 0.514075 0.328118
vn -0.1368 -0.5466 0.8261
vn -0.1162 -0.6995 0.7051
vn 0.0787 -0.5683 0.8190
f -3//-3 -2//-2 -1//-1
v -0.041232 0.686261 0.327345
v -0.008480 0.689578 0.326191
v -0.038128 0.709090 0.308449
vn -0.1375 0.5645 0.8139
vn 0.0780 0.5863 0.8063
vn -0.1170 0.7147 0.6896
f -3//-3 -2//-2 -1//-1
v 0.067943 0.601873 0.327355
v 0.083443 0.569572 0.310301
v 0.090387 0.601671 0.307756
vn 0.5808 0.0093 0.8140
vn 0.6828 -0.2032 0.7018
vn 0.7284 0.0079 0.6851
f -3//-3 -2//-2 -1//-1
v 0.067943 0.601873 0.327355
v 0.090387 0.601671 0.307756
v 0.083406 0.633810 0.309595
vn 0.5808 0.0093 0.8140
vn 0.7284 0.0079 0.6851
vn 0.6825 0.2194 0.6972
f -3//-3 -2//-2 -1//-1
v 0.090387 0.601671 0.307756
v 0.103012 0.569703 0.286950
v 0.108575 0.601422 0.284155
vn 0.7284 0.0079 0.6851
vn 0.8115 -0.2024 0.5482
vn 0.8481 0.0063 0.5298
f -3//-3 -2//-2 -1//-1
v 0.090387 0.601671 0.307756
v 0.108575 0.601422 0.284155
v 0.102975 0.633189 0.286253
vn 0.7284 0.0079 0.6851
vn 0.8481 0.0063 0.5298
vn 0.8113 0.2153 0.5436
f -3//-3 -2//-2 -1//-1
v 0.083443 0.569572 0.310301
v 0.103012 0.569703 0.286950
v 0.090387 0.601671 0.307756
vn 0.6828 -0.2032 0.7018
vn 0.8115 -0.2024 0.5482
vn 0.7284 0.0079 0.6851
f -3//-3 -2//-2 -1//-1
v 0.083406 0.633810 0.309595
v 0.090387 0.601671 0.307756
v 0.102975 0.633189 0.286253
vn 0.6825 0.2194 0.6972
vn 0.7284 0.0079 0.6851
vn 0.8113 0.2153 0.5436
f -3//-3 -2//-2 -1//-1
v 0.083443 0.569572 0.310301
v 0.091871 0.539375 0.285977
v 0.103012 0.569703 0.286950
vn 0.6828 -0.2032 0.7018
vn 0.7382 -0.4019 0.5418
vn 0.8115 -0.2024 0.5482
f -3//-3 -2//-2 -1//-1
v 0.083406 0.633810 0.309595
v 0.102975 0.633189 0.286253
v 0.091799 0.663475 0.284614
vn 0.6825 0.2194 0.6972
vn 0.8113 0.2153 0.5436
vn 0.7377 0.4146 0.5328
f -3//-3 -2//-2 -1//-1
v 0.108575 0.601422 0.284155
v 0.118571 0.570926 0.257812
v 0.121809 0.601137 0.257459
vn 0.8481 0.0063 0.5298
vn 0.9139 -0.1943 0.3565
vn 0.9352 0.0044 0.3542
f -3//-3 -2//-2 -1//-1
v 0.108575 0.601422 0.284155
v 0.121809 0.601137 0.257459
v 0.118536 0.631344 0.257148
vn 0.8481 0.0063 0.5298
vn 0.9352 0.0044 0.3542
vn 0.9136 0.2032 0.3521
f -3//-3 -2//-2 -1//-1
v 0.121809 0.601137 0.257459
v 0.126717 0.571167 0.228539
v 0.129581 0.600826 0.228695
vn 0.9352 0.0044 0.3542
vn 0.9675 -0.1927 0.1639
vn 0.9863 0.0024 0.1649
f -3//-3 -2//-2 -1//-1
v 0.121809 0.601137 0.257459
v 0.129581 0.600826 0.228695
v 0.126683 0.630471 0.227888
vn 0.9352 0.0044 0.3542
vn 0.9863 0.0024 0.1649
vn 0.9672 0.1974 0.1596
f -3//-3 -2//-2 -1//-1
v 0.118571 0.570926 0.257812
v 0.126717 0.571167 0.228539
v 0.121809 0.601137 0.257459
vn 0.9139 -0.1943 0.3565
vn 0.9675 -0.1927 0.1639
vn 0.9352 0.0044 0.3542
f -3//-3 -2//-2 -1//-1
v 0.118536 0.631344 0.257148
v 0.121809 0.601137 0.257459
v 0.126683 0.630471 0.227888
vn 0.9136 0.2032 0.3521
vn 0.9352 0.0044 0.3542
vn 0.9672 0.1974 0.1596
f -3//-3 -2//-2 -1//-1
v 0.118571 0.570926 0.257812
v 0.118203 0.542634 0.227426
v 0.126717 0.571167 0.228539
vn 0.9139 -0.1943 0.3565
vn 0.9114 -0.3805 0.1566
vn 0.9675 -0.1927 0.1639
f -3//-3 -2//-2 -1//-1
v 0.118536 0.631344 0.257148
v 0.126683 0.630471 0.227888
v 0.118135 0.658962 0.226148
vn 0.9136 0.2032 0.3521
vn 0.9672 0.1974 0.1596
vn 0.9110 0.3849 0.1482
f -3//-3 -2//-2 -1//-1
v 0.091871 0.539375 0.285977
v 0.107938 0.539629 0.257929
v 0.103012 0.569703 0.286950
vn 0.7382 -0.4019 0.5418
vn 0.8439 -0.4002 0.3573
vn 0.8115 -0.2024 0.5482
f -3//-3 -2//-2 -1//-1
v 0.091799 0.663475 0.284614
v 0.102975 0.633189 0.286253
v 0.107866 0.662624 0.256579
vn 0.7377 0.4146 0.5328
vn 0.8113 0.2153 0.5436
vn 0.8434 0.4090 0.3484
f -3//-3 -2//-2 -1//-1
v 0.103012 0.569703 0.286950
v 0.118571 0.570926 0.257812
v 0.108575 0.601422 0.284155
vn 0.8115 -0.2024 0.5482
vn 0.9139 -0.1943 0.3565
vn 0.8481 0.0063 0.5298
f -3//-3 -2//-2 -1//-1
v 0.102975 0.633189 0.286253
v 0.108575 0.601422 0.284155
v 0.118536 0.631344 0.257148
vn 0.8113 0.2153 0.5436
vn 0.8481 0.0063 0.5298
vn 0.9136 0.2032 0.3521
f -3//-3 -2//-2 -1//-1
v 0.107938 0.539629 0.257929
v 0.118571 0.570926 0.257812
v 0.103012 0.569703 0.286950
vn 0.8439 -0.4002 0.3573
vn 0.9139 -0.1943 0.3565
vn 0.8115 -0.2024 0.5482
f -3//-3 -2//-2 -1//-1
v 0.107866 0.662624 0.256579
v 0.102975 0.633189 0.286253
v 0.118536 0.631344 0.257148
vn 0.8434 0.4090 0.3484
vn 0.8113 0.2153 0.5436
vn 0.9136 0.2032 0.3521
f -3//-3 -2//-2 -1//-1
v 0.107938 0.539629 0.257929
v 0.118203 0.542634 0.227426
v 0.118571 0.570926 0.257812
vn 0.8439 -0.4002 0.3573
vn 0.9114 -0.3805 0.1566
vn 0.9139 -0.1943 0.3565
f -3//-3 -2//-2 -1//-1
v 0.107866 0.662624 0.256579
v 0.118536 0.631344 0.257148
v 0.118135 0.658962 0.226148
vn 0.8434 0.4090 0.3484
vn 0.9136 0.2032 0.3521
vn 0.9110 0.3849 0.1482
f -3//-3 -2//-2 -1//-1
v 0.091871 0.539375 0.285977
v 0.092652 0.513342 0.256041
v 0.107938 0.539629 0.257929
vn 0.7382 -0.4019 0.5418
vn 0.7434 -0.5732 0.3448
vn 0.8439 -0.4002 0.3573
f -3//-3 -2//-2 -1//-1
v 0.091799 0.663475 0.284614
v 0.107866 0.662624 0.256579
v 0.092550 0.688846 0.254114
vn 0.7377 0.4146 0.5328
vn 0.8434 0.4090 0.3484
vn 0.7427 0.5815 0.3322
f -3//-3 -2//-2 -1//-1
v 0.107938 0.539629 0.257929
v 0.104364 0.516323 0.225398
v 0.118203 0.542634 0.227426
vn 0.8439 -0.4002 0.3573
vn 0.8204 -0.5536 0.1432
vn 0.9114 -0.3805 0.1566
f -3//-3 -2//-2 -1//-1
v 0.107866 0.662624 0.256579
v 0.118135 0.658962 0.226148
v 0.104266 0.685206 0.223543
vn 0.8434 0.4090 0.3484
vn 0.9110 0.3849 0.1482
vn 0.8198 0.5575 0.1310
f -3//-3 -2//-2 -1//-1
v 0.092652 0.513342 0.256041
v 0.104364 0.516323 0.225398
v 0.107938 0.539629 0.257929
vn 0.7434 -0.5732 0.3448
vn 0.8204 -0.5536 0.1432
vn 0.8439 -0.4002 0.3573
f -3//-3 -2//-2 -1//-1
v 0.092550 0.688846 0.254114
v 0.107866 0.662624 0.256579
v 0.104266 0.685206 0.223543
vn 0.7427 0.5815 0.3322
vn 0.8434 0.4090 0.3484
vn 0.8198 0.5575 0.1310
f -3//-3 -2//-2 -1//-1
v 0.092652 0.513342 0.256041
v 0.085733 0.493246 0.222533
v 0.104364 0.516323 0.225398
vn 0.7434 -0.5732 0.3448
vn 0.6978 -0.7054 0.1244
vn 0.8204 -0.5536 0.1432
f -3//-3 -2//-2 -1//-1
v 0.092550 0.688846 0.254114
v 0.104266 0.685206 0.223543
v 0.085608 0.708193 0.220173
vn 0.7427 0.5815 0.3322
vn 0.8198 0.5575 0.1310
vn 0.6970 0.7087 0.1089
f -3//-3 -2//-2 -1//-1
v -0.038003 0.494143 0.310809
v -0.003061 0.481611 0.296791
v -0.008378 0.514075 0.328118
vn -0.1162 -0.6995 0.7051
vn 0.1137 -0.7819 0.6129
vn 0.0787 -0.5683 0.8190
f -3//-3 -2//-2 -1//-1
v -0.038128 0.709090 0.308449
v -0.008480 0.689578 0.326191
v -0.003200 0.721353 0.294158
vn -0.1170 0.7147 0.6896
vn 0.0780 0.5863 0.8063
vn 0.1127 0.7953 0.5956
f -3//-3 -2//-2 -1//-1
v -0.008378 0.514075 0.328118
v 0.027609 0.504448 0.311266
v 0.020432 0.539893 0.336943
vn 0.0787 -0.5683 0.8190
vn 0.3154 -0.6317 0.7082
vn 0.2682 -0.3985 0.8771
f -3//-3 -2//-2 -1//-1
v -0.008480 0.689578 0.326191
v 0.020360 0.663993 0.335580
v 0.027496 0.698875 0.309131
vn 0.0780 0.5863 0.8063
vn 0.2677 0.4180 0.8681
vn 0.3147 0.6474 0.6941
f -3//-3 -2//-2 -1//-1
v -0.003061 0.481611 0.296791
v 0.027609 0.504448 0.311266
v -0.008378 0.514075 0.328118
vn 0.1137 -0.7819 0.6129
vn 0.3154 -0.6317 0.7082
vn 0.0787 -0.5683 0.8190
f -3//-3 -2//-2 -1//-1
v -0.003200 0.721353 0.294158
v -0.008480 0.689578 0.326191
v 0.027496 0.698875 0.309131
vn 0.1127 0.7953 0.5956
vn 0.0780 0.5863 0.8063
vn 0.3147 0.6474 0.6941
f -3//-3 -2//-2 -1//-1
v -0.003061 0.481611 0.296791
v 0.030704 0.477178 0.276424
v 0.027609 0.504448 0.311266
vn 0.1137 -0.7819 0.6129
vn 0.3358 -0.8111 0.4789
vn 0.3154 -0.6317 0.7082
f -3//-3 -2//-2 -1//-1
v -0.003200 0.721353 0.294158
v 0.027496 0.698875 0.309131
v 0.030559 0.725377 0.273699
vn 0.1127 0.7953 0.5956
vn 0.3147 0.6474 0.6941
vn 0.3348 0.8218 0.4610
f -3//-3 -2//-2 -1//-1
v 0.020432 0.539893 0.336943
v 0.059553 0.536930 0.316255
v 0.046464 0.569840 0.336682
vn 0.2682 -0.3985 0.8771
vn 0.5256 -0.4180 0.7410
vn 0.4395 -0.2015 0.8754
f -3//-3 -2//-2 -1//-1
v 0.020360 0.663993 0.335580
v 0.046427 0.634079 0.335977
v 0.059478 0.666547 0.314831
vn 0.2677 0.4180 0.8681
vn 0.4392 0.2212 0.8707
vn 0.5251 0.4348 0.7316
f -3//-3 -2//-2 -1//-1
v 0.046464 0.569840 0.336682
v 0.083443 0.569572 0.310301
v 0.067943 0.601873 0.327355
vn 0.4395 -0.2015 0.8754
vn 0.6828 -0.2032 0.7018
vn 0.5808 0.0093 0.8140
f -3//-3 -2//-2 -1//-1
v 0.046427 0.634079 0.335977
v 0.067943 0.601873 0.327355
v 0.083406 0.633810 0.309595
vn 0.4392 0.2212 0.8707
vn 0.5808 0.0093 0.8140
vn 0.6825 0.2194 0.6972
f -3//-3 -2//-2 -1//-1
v 0.059553 0.536930 0.316255
v 0.083443 0.569572 0.310301
v 0.046464 0.569840 0.336682
vn 0.5256 -0.4180 0.7410
vn 0.6828 -0.2032 0.7018
vn 0.4395 -0.2015 0.8754
f -3//-3 -2//-2 -1//-1
v 0.059478 0.666547 0.314831
v 0.046427 0.634079 0.335977
v 0.083406 0.633810 0.309595
vn 0.5251 0.4348 0.7316
vn 0.4392 0.2212 0.8707
vn 0.6825 0.2194 0.6972
f -3//-3 -2//-2 -1//-1
v 0.059553 0.536930 0.316255
v 0.091871 0.539375 0.285977
v 0.083443 0.569572 0.310301
vn 0.5256 -0.4180 0.7410
vn 0.7382 -0.4019 0.5418
vn 0.6828 -0.2032 0.7018
f -3//-3 -2//-2 -1//-1
v 0.059478 0.666547 0.314831
v 0.083406 0.633810 0.309595
v 0.091799 0.663475 0.284614
vn 0.5251 0.4348 0.7316
vn 0.6825 0.2194 0.6972
vn 0.7377 0.4146 0.5328
f -3//-3 -2//-2 -1//-1
v 0.030704 0.477178 0.276424
v 0.064917 0.504177 0.284650
v 0.027609 0.504448 0.311266
vn 0.3358 -0.8111 0.4789
vn 0.5609 -0.6335 0.5330
vn 0.3154 -0.6317 0.7082
f -3//-3 -2//-2 -1//-1
v 0.030559 0.725377 0.273699
v 0.027496 0.698875 0.309131
v 0.064804 0.698604 0.282515
vn 0.3348 0.8218 0.4610
vn 0.3147 0.6474 0.6941
vn 0.5601 0.6457 0.5190
f -3//-3 -2//-2 -1//-1
v 0.027609 0.504448 0.311266
v 0.059553 0.536930 0.316255
v 0.020432 0.539893 0.336943
vn 0.3154 -0.6317 0.7082
vn 0.5256 -0.4180 0.7410
vn 0.2682 -0.3985 0.8771
f -3//-3 -2//-2 -1//-1
v 0.027496 0.698875 0.309131
v 0.020360 0.663993 0.335580
v 0.059478 0.666547 0.314831
vn 0.3147 0.6474 0.6941
vn 0.2677 0.4180 0.8681
vn 0.5251 0.4348 0.7316
f -3//-3 -2//-2 -1//-1
v 0.064917 0.504177 0.284650
v 0.059553 0.536930 0.316255
v 0.027609 0.504448 0.311266
vn 0.5609 -0.6335 0.5330
vn 0.5256 -0.4180 0.7410
vn 0.3154 -0.6317 0.7082
f -3//-3 -2//-2 -1//-1
v 0.064804 0.698604 0.282515
v 0.027496 0.698875 0.309131
v 0.059478 0.666547 0.314831
vn 0.5601 0.6457 0.5190
vn 0.3147 0.6474 0.6941
vn 0.5251 0.4348 0.7316
f -3//-3 -2//-2 -1//-1
v 0.064917 0.504177 0.284650
v 0.091871 0.539375 0.285977
v 0.059553 0.536930 0.316255
vn 0.5609 -0.6335 0.5330
vn 0.7382 -0.4019 0.5418
vn 0.5256 -0.4180 0.7410
f -3//-3 -2//-2 -1//-1
v 0.064804 0.698604 0.282515
v 0.059478 0.666547 0.314831
v 0.091799 0.663475 0.284614
vn 0.5601 0.6457 0.5190
vn 0.5251 0.4348 0.7316
vn 0.7377 0.4146 0.5328
f -3//-3 -2//-2 -1//-1
v 0.030704 0.477178 0.276424
v 0.060990 0.481146 0.251096
v 0.064917 0.504177 0.284650
vn 0.3358 -0.8111 0.4789
vn 0.5350 -0.7850 0.3123
vn 0.5609 -0.6335 0.5330
f -3//-3 -2//-2 -1//-1
v 0.030559 0.725377 0.273699
v 0.064804 0.698604 0.282515
v 0.060850 0.720888 0.248464
vn 0.3348 0.8218 0.4610
vn 0.5601 0.6457 0.5190
vn 0.5341 0.7923 0.2950
f -3//-3 -2//-2 -1//-1
v 0.064917 0.504177 0.284650
v 0.092652 0.513342 0.256041
v 0.091871 0.539375 0.285977
vn 0.5609 -0.6335 0.5330
vn 0.7434 -0.5732 0.3448
vn 0.7382 -0.4019 0.5418
f -3//-3 -2//-2 -1//-1
v 0.064804 0.698604 0.282515
v 0.091799 0.663475 0.284614
v 0.092550 0.688846 0.254114
vn 0.5601 0.6457 0.5190
vn 0.7377 0.4146 0.5328
vn 0.7427 0.5815 0.3322
f -3//-3 -2//-2 -1//-1
v 0.060990 0.481146 0.251096
v 0.092652 0.513342 0.256041
v 0.064917 0.504177 0.284650
vn 0.5350 -0.7850 0.3123
vn 0.7434 -0.5732 0.3448
vn 0.5609 -0.6335 0.5330
f -3//-3 -2//-2 -1//-1
v 0.060850 0.720888 0.248464
v 0.064804 0.698604 0.282515
v 0.092550 0.688846 0.254114
vn 0.5341 0.7923 0.2950
vn 0.5601 0.6457 0.5190
vn 0.7427 0.5815 0.3322
f -3//-3 -2//-2 -1//-1
v 0.060990 0.481146 0.251096
v 0.085733 0.493246 0.222533
v 0.092652 0.513342 0.256041
vn 0.5350 -0.7850 0.3123
vn 0.6978 -0.7054 0.1244
vn 0.7434 -0.5732 0.3448
f -3//-3 -2//-2 -1//-1
v 0.060850 0.720888 0.248464
v 0.092550 0.688846 0.254114
v 0.085608 0.708193 0.220173
vn 0.5341 0.7923 0.2950
vn 0.7427 0.5815 0.3322
vn 0.6970 0.7087 0.1089
f -3//-3 -2//-2 -1//-1
v -0.038003 0.494143 0.310809
v -0.034192 0.474994 0.288300
v -0.003061 0.481611 0.296791
vn -0.1162 -0.6995 0.7051
vn -0.0912 -0.8255 0.5571
vn 0.1137 -0.7819 0.6129
f -3//-3 -2//-2 -1//-1
v -0.038128 0.709090 0.308449
v -0.003200 0.721353 0.294158
v -0.034339 0.727745 0.285524
vn -0.1170 0.7147 0.6896
vn 0.1127 0.7953 0.5956
vn -0.0921 0.8374 0.5388
f -3//-3 -2//-2 -1//-1
v -0.003061 0.481611 0.296791
v 0.000907 0.465879 0.271004
v 0.030704 0.477178 0.276424
vn 0.1137 -0.7819 0.6129
vn 0.1398 -0.8854 0.4433
vn 0.3358 -0.8111 0.4789
f -3//-3 -2//-2 -1//-1
v -0.003200 0.721353 0.294158
v 0.030559 0.725377 0.273699
v 0.000750 0.736519 0.268032
vn 0.1127 0.7953 0.5956
vn 0.3348 0.8218 0.4610
vn 0.1387 0.8951 0.4237
f -3//-3 -2//-2 -1//-1
v -0.034192 0.474994 0.288300
v 0.000907 0.465879 0.271004
v -0.003061 0.481611 0.296791
vn -0.0912 -0.8255 0.5571
vn 0.1398 -0.8854 0.4433
vn 0.1137 -0.7819 0.6129
f -3//-3 -2//-2 -1//-1
v -0.034339 0.727745 0.285524
v -0.003200 0.721353 0.294158
v 0.000750 0.736519 0.268032
vn -0.0921 0.8374 0.5388
vn 0.1127 0.7953 0.5956
vn 0.1387 0.8951 0.4237
f -3//-3 -2//-2 -1//-1
v -0.034192 0.474994 0.288300
v -0.029850 0.460667 0.262536
v 0.000907 0.465879 0.271004
vn -0.0912 -0.8255 0.5571
vn -0.0626 -0.9197 0.3876
vn 0.1398 -0.8854 0.4433
f -3//-3 -2//-2 -1//-1
v -0.034339 0.727745 0.285524
v 0.000750 0.736519 0.268032
v -0.030013 0.741508 0.259453
vn -0.0921 0.8374 0.5388
vn 0.1387 0.8951 0.4237
vn -0.0637 0.9279 0.3673
f -3//-3 -2//-2 -1//-1
v 0.030704 0.477178 0.276424
v 0.035165 0.465631 0.246564
v 0.060990 0.481146 0.251096
vn 0.3358 -0.8111 0.4789
vn 0.3651 -0.8871 0.2825
vn 0.5350 -0.7850 0.3123
f -3//-3 -2//-2 -1//-1
v 0.030559 0.725377 0.273699
v 0.060850 0.720888 0.248464
v 0.035007 0.736271 0.243592
vn 0.3348 0.8218 0.4610
vn 0.5341 0.7923 0.2950
vn 0.3641 0.8935 0.2629
f -3//-3 -2//-2 -1//-1
v 0.060990 0.481146 0.251096
v 0.063026 0.474289 0.218942
v 0.085733 0.493246 0.222533
vn 0.5350 -0.7850 0.3123
vn 0.5484 -0.8301 0.1008
vn 0.6978 -0.7054 0.1244
f -3//-3 -2//-2 -1//-1
v 0.060850 0.720888 0.248464
v 0.085608 0.708193 0.220173
v 0.062879 0.727040 0.216167
vn 0.5341 0.7923 0.2950
vn 0.6970 0.7087 0.1089
vn 0.5475 0.8327 0.0825
f -3//-3 -2//-2 -1//-1
v 0.035165 0.465631 0.246564
v 0.063026 0.474289 0.218942
v 0.060990 0.481146 0.251096
vn 0.3651 -0.8871 0.2825
vn 0.5484 -0.8301 0.1008
vn 0.5350 -0.7850 0.3123
f -3//-3 -2//-2 -1//-1
v 0.035007 0.736271 0.243592
v 0.060850 0.720888 0.248464
v 0.062879 0.727040 0.216167
vn 0.3641 0.8935 0.2629
vn 0.5341 0.7923 0.2950
vn 0.5475 0.8327 0.0825
f -3//-3 -2//-2 -1//-1
v 0.035165 0.465631 0.246564
v 0.037115 0.460181 0.214762
v 0.063026 0.474289 0.218942
vn 0.3651 -0.8871 0.2825
vn 0.3780 -0.9229 0.0733
vn 0.5484 -0.8301 0.1008
f -3//-3 -2//-2 -1//-1
v 0.035007 0.736271 0.243592
v 0.062879 0.727040 0.216167
v 0.036952 0.741023 0.211678
vn 0.3641 0.8935 0.2629
vn 0.5475 0.8327 0.0825
vn 0.3769 0.9247 0.0530
f -3//-3 -2//-2 -1//-1
v -0.029850 0.460667 0.262536
v 0.004562 0.454997 0.240006
v 0.000907 0.465879 0.271004
vn -0.0626 -0.9197 0.3876
vn 0.1638 -0.9570 0.2393
vn 0.1398 -0.8854 0.4433
f -3//-3 -2//-2 -1//-1
v -0.030013 0.741508 0.259453
v 0.000750 0.736519 0.268032
v 0.004392 0.746722 0.236803
vn -0.0637 0.9279 0.3673
vn 0.1387 0.8951 0.4237
vn 0.1627 0.9622 0.2183
f -3//-3 -2//-2 -1//-1
v 0.000907 0.465879 0.271004
v 0.035165 0.465631 0.246564
v 0.030704 0.477178 0.276424
vn 0.1398 -0.8854 0.4433
vn 0.3651 -0.8871 0.2825
vn 0.3358 -0.8111 0.4789
f -3//-3 -2//-2 -1//-1
v 0.000750 0.736519 0.268032
v 0.030559 0.725377 0.273699
v 0.035007 0.736271 0.243592
vn 0.1387 0.8951 0.4237
vn 0.3348 0.8218 0.4610
vn 0.3641 0.8935 0.2629
f -3//-3 -2//-2 -1//-1
v 0.004562 0.454997 0.240006
v 0.035165 0.465631 0.246564
v 0.000907 0.465879 0.271004
vn 0.1638 -0.9570 0.2393
vn 0.3651 -0.8871 0.2825
vn 0.1398 -0.8854 0.4433
f -3//-3 -2//-2 -1//-1
v 0.004392 0.746722 0.236803
v 0.000750 0.736519 0.268032
v 0.035007 0.736271 0.243592
vn 0.1627 0.9622 0.2183
vn 0.1387 0.8951 0.4237
vn 0.3641 0.8935 0.2629
f -3//-3 -2//-2 -1//-1
v 0.004562 0.454997 0.240006
v 0.037115 0.460181 0.214762
v 0.035165 0.465631 0.246564
vn 0.1638 -0.9570 0.2393
vn 0.3780 -0.9229 0.0733
vn 0.3651 -0.8871 0.2825
f -3//-3 -2//-2 -1//-1
v 0.004392 0.746722 0.236803
v 0.035007 0.736271 0.243592
v 0.036952 0.741023 0.211678
vn 0.1627 0.9622 0.2183
vn 0.3641 0.8935 0.2629
vn 0.3769 0.9247 0.0530
f -3//-3 -2//-2 -1//-1
v -0.029850 0.460667 0.262536
v -0.025142 0.451712 0.234509
v 0.004562 0.454997 0.240006
vn -0.0626 -0.9197 0.3876
vn -0.0316 -0.9786 0.2032
vn 0.1638 -0.9570 0.2393
f -3//-3 -2//-2 -1//-1
v -0.030013 0.741508 0.259453
v 0.004392 0.746722 0.236803
v -0.025315 0.749851 0.231236
vn -0.0637 0.9279 0.3673
vn 0.1627 0.9622 0.2183
vn -0.0327 0.9828 0.1816
f -3//-3 -2//-2 -1//-1
v 0.004562 0.454997 0.240006
v 0.008997 0.451464 0.210154
v 0.037115 0.460181 0.214762
vn 0.1638 -0.9570 0.2393
vn 0.1930 -0.9803 0.0429
vn 0.3780 -0.9229 0.0733
f -3//-3 -2//-2 -1//-1
v 0.004392 0.746722 0.236803
v 0.036952 0.741023 0.211678
v 0.008824 0.749604 0.206881
vn 0.1627 0.9622 0.2183
vn 0.3769 0.9247 0.0530
vn 0.1918 0.9812 0.0214
f -3//-3 -2//-2 -1//-1
v -0.025142 0.451712 0.234509
v 0.008997 0.451464 0.210154
v 0.004562 0.454997 0.240006
vn -0.0316 -0.9786 0.2032
vn 0.1930 -0.9803 0.0429
vn 0.1638 -0.9570 0.2393
f -3//-3 -2//-2 -1//-1
v -0.025315 0.749851 0.231236
v 0.004392 0.746722 0.236803
v 0.008824 0.749604 0.206881
vn -0.0327 0.9828 0.1816
vn 0.1627 0.9622 0.2183
vn 0.1918 0.9812 0.0214
f -3//-3 -2//-2 -1//-1
v -0.025142 0.451712 0.234509
v -0.020249 0.448473 0.205296
v 0.008997 0.451464 0.210154
vn -0.0316 -0.9786 0.2032
vn 0.0006 -0.9999 0.0110
vn 0.1930 -0.9803 0.0429
f -3//-3 -2//-2 -1//-1
v -0.025315 0.749851 0.231236
v 0.008824 0.749604 0.206881
v -0.020426 0.752454 0.201958
vn -0.0327 0.9828 0.1816
vn 0.1918 0.9812 0.0214
vn -0.0006 0.9999 -0.0110
f -3//-3 -2//-2 -1//-1
v -0.020249 0.448473 0.205296
v -0.015360 0.451075 0.176018
v 0.008997 0.451464 0.210154
vn 0.0006 -0.9999 0.0110
vn 0.0327 -0.9828 -0.1816
vn 0.1930 -0.9803 0.0429
f -3//-3 -2//-2 -1//-1
v -0.020426 0.752454 0.201958
v 0.008824 0.749604 0.206881
v -0.015533 0.749215 0.172744
vn -0.0006 0.9999 -0.0110
vn 0.1918 0.9812 0.0214
vn 0.0316 0.9786 -0.2032
f -3//-3 -2//-2 -1//-1
v 0.008997 0.451464 0.210154
v 0.014528 0.454349 0.180415
v 0.037115 0.460181 0.214762
vn 0.1930 -0.9803 0.0429
vn 0.2294 -0.9613 -0.1527
vn 0.3780 -0.9229 0.0733
f -3//-3 -2//-2 -1//-1
v 0.008824 0.749604 0.206881
v 0.036952 0.741023 0.211678
v 0.014358 0.746074 0.177212
vn 0.1918 0.9812 0.0214
vn 0.3769 0.9247 0.0530
vn 0.2283 0.9580 -0.1738
f -3//-3 -2//-2 -1//-1
v -0.015360 0.451075 0.176018
v 0.014528 0.454349 0.180415
v 0.008997 0.451464 0.210154
vn 0.0327 -0.9828 -0.1816
vn 0.2294 -0.9613 -0.1527
vn 0.1930 -0.9803 0.0429
f -3//-3 -2//-2 -1//-1
v -0.015533 0.749215 0.172744
v 0.008824 0.749604 0.206881
v 0.014358 0.746074 0.177212
vn 0.0316 0.9786 -0.2032
vn 0.1918 0.9812 0.0214
vn 0.2283 0.9580 -0.1738
f -3//-3 -2//-2 -1//-1
v -0.015360 0.451075 0.176018
v -0.010662 0.459418 0.147801
v 0.014528 0.454349 0.180415
vn 0.0327 -0.9828 -0.1816
vn 0.0637 -0.9279 -0.3673
vn 0.2294 -0.9613 -0.1527
f -3//-3 -2//-2 -1//-1
v -0.015533 0.749215 0.172744
v 0.014358 0.746074 0.177212
v -0.010825 0.740260 0.144717
vn 0.0316 0.9786 -0.2032
vn 0.2283 0.9580 -0.1738
vn 0.0626 0.9197 -0.3876
f -3//-3 -2//-2 -1//-1
v 0.037115 0.460181 0.214762
v 0.045636 0.464949 0.183948
v 0.063026 0.474289 0.218942
vn 0.3780 -0.9229 0.0733
vn 0.4340 -0.8915 -0.1295
vn 0.5484 -0.8301 0.1008
f -3//-3 -2//-2 -1//-1
v 0.036952 0.741023 0.211678
v 0.062879 0.727040 0.216167
v 0.045479 0.735589 0.180976
vn 0.3769 0.9247 0.0530
vn 0.5475 0.8327 0.0825
vn 0.4330 0.8890 -0.1490
f -3//-3 -2//-2 -1//-1
v 0.063026 0.474289 0.218942
v 0.071586 0.480457 0.187737
v 0.085733 0.493246 0.222533
vn 0.5484 -0.8301 0.1008
vn 0.6048 -0.7895 -0.1045
vn 0.6978 -0.7054 0.1244
f -3//-3 -2//-2 -1//-1
v 0.062879 0.727040 0.216167
v 0.085608 0.708193 0.220173
v 0.071446 0.720199 0.185104
vn 0.5475 0.8327 0.0825
vn 0.6970 0.7087 0.1089
vn 0.6038 0.7877 -0.1219
f -3//-3 -2//-2 -1//-1
v 0.045636 0.464949 0.183948
v 0.071586 0.480457 0.187737
v 0.063026 0.474289 0.218942
vn 0.4340 -0.8915 -0.1295
vn 0.6048 -0.7895 -0.1045
vn 0.5484 -0.8301 0.1008
f -3//-3 -2//-2 -1//-1
v 0.045479 0.735589 0.180976
v 0.062879 0.727040 0.216167
v 0.071446 0.720199 0.185104
vn 0.4330 0.8890 -0.1490
vn 0.5475 0.8327 0.0825
vn 0.6038 0.7877 -0.1219
f -3//-3 -2//-2 -1//-1
v 0.045636 0.464949 0.183948
v 0.051174 0.475846 0.154023
v 0.071586 0.480457 0.187737
vn 0.4340 -0.8915 -0.1295
vn 0.4705 -0.8199 -0.3263
vn 0.6048 -0.7895 -0.1045
f -3//-3 -2//-2 -1//-1
v 0.045479 0.735589 0.180976
v 0.071446 0.720199 0.185104
v 0.051030 0.724045 0.151298
vn 0.4330 0.8890 -0.1490
vn 0.6038 0.7877 -0.1219
vn 0.4695 0.8130 -0.3443
f -3//-3 -2//-2 -1//-1
v -0.010662 0.459418 0.147801
v 0.021195 0.464559 0.149692
v 0.014528 0.454349 0.180415
vn 0.0637 -0.9279 -0.3673
vn 0.2732 -0.8941 -0.3548
vn 0.2294 -0.9613 -0.1527
f -3//-3 -2//-2 -1//-1
v -0.010825 0.740260 0.144717
v 0.014358 0.746074 0.177212
v 0.021038 0.735199 0.146721
vn 0.0626 0.9197 -0.3876
vn 0.2283 0.9580 -0.1738
vn 0.2722 0.8864 -0.3744
f -3//-3 -2//-2 -1//-1
v 0.014528 0.454349 0.180415
v 0.045636 0.464949 0.183948
v 0.037115 0.460181 0.214762
vn 0.2294 -0.9613 -0.1527
vn 0.4340 -0.8915 -0.1295
vn 0.3780 -0.9229 0.0733
f -3//-3 -2//-2 -1//-1
v 0.014358 0.746074 0.177212
v 0.036952 0.741023 0.211678
v 0.045479 0.735589 0.180976
vn 0.2283 0.9580 -0.1738
vn 0.3769 0.9247 0.0530
vn 0.4330 0.8890 -0.1490
f -3//-3 -2//-2 -1//-1
v 0.021195 0.464559 0.149692
v 0.045636 0.464949 0.183948
v 0.014528 0.454349 0.180415
vn 0.2732 -0.8941 -0.3548
vn 0.4340 -0.8915 -0.1295
vn 0.2294 -0.9613 -0.1527
f -3//-3 -2//-2 -1//-1
v 0.021038 0.735199 0.146721
v 0.014358 0.746074 0.177212
v 0.045479 0.735589 0.180976
vn 0.2722 0.8864 -0.3744
vn 0.2283 0.9580 -0.1738
vn 0.4330 0.8890 -0.1490
f -3//-3 -2//-2 -1//-1
v 0.021195 0.464559 0.149692
v 0.051174 0.475846 0.154023
v 0.045636 0.464949 0.183948
vn 0.2732 -0.8941 -0.3548
vn 0.4705 -0.8199 -0.3263
vn 0.4340 -0.8915 -0.1295
f -3//-3 -2//-2 -1//-1
v 0.021038 0.735199 0.146721
v 0.045479 0.735589 0.180976
v 0.051030 0.724045 0.151298
vn 0.2722 0.8864 -0.3744
vn 0.4330 0.8890 -0.1490
vn 0.4695 0.8130 -0.3443
f -3//-3 -2//-2 -1//-1
v -0.010662 0.459418 0.147801
v -0.006335 0.473182 0.121729
v 0.021195 0.464559 0.149692
vn 0.0637 -0.9279 -0.3673
vn 0.0921 -0.8374 -0.5388
vn 0.2732 -0.8941 -0.3548
f -3//-3 -2//-2 -1//-1
v -0.010825 0.740260 0.144717
v 0.021038 0.735199 0.146721
v -0.006482 0.725932 0.118954
vn 0.0626 0.9197 -0.3876
vn 0.2722 0.8864 -0.3744
vn 0.0912 0.8255 -0.5571
f -3//-3 -2//-2 -1//-1
v 0.021195 0.464559 0.149692
v 0.025888 0.479727 0.123690
v 0.051174 0.475846 0.154023
vn 0.2732 -0.8941 -0.3548
vn 0.3041 -0.7943 -0.5259
vn 0.4705 -0.8199 -0.3263
f -3//-3 -2//-2 -1//-1
v 0.021038 0.735199 0.146721
v 0.051030 0.724045 0.151298
v 0.025749 0.719469 0.121058
vn 0.2722 0.8864 -0.3744
vn 0.4695 0.8130 -0.3443
vn 0.3032 0.7829 -0.5432
f -3//-3 -2//-2 -1//-1
v -0.006335 0.473182 0.121729
v 0.025888 0.479727 0.123690
v 0.021195 0.464559 0.149692
vn 0.0921 -0.8374 -0.5388
vn 0.3041 -0.7943 -0.5259
vn 0.2732 -0.8941 -0.3548
f -3//-3 -2//-2 -1//-1
v -0.006482 0.725932 0.118954
v 0.021038 0.735199 0.146721
v 0.025749 0.719469 0.121058
vn 0.0912 0.8255 -0.5571
vn 0.2722 0.8864 -0.3744
vn 0.3032 0.7829 -0.5432
f -3//-3 -2//-2 -1//-1
v -0.006335 0.473182 0.121729
v -0.002547 0.491836 0.098805
v 0.025888 0.479727 0.123690
vn 0.0921 -0.8374 -0.5388
vn 0.1170 -0.7147 -0.6896
vn 0.3041 -0.7943 -0.5259
f -3//-3 -2//-2 -1//-1
v -0.006482 0.725932 0.118954
v 0.025749 0.719469 0.121058
v -0.002672 0.706783 0.096445
vn 0.0912 0.8255 -0.5571
vn 0.3032 0.7829 -0.5432
vn 0.1162 0.6995 -0.7051
f -3//-3 -2//-2 -1//-1
v 0.085733 0.493246 0.222533
v 0.103249 0.512653 0.192682
v 0.104364 0.516323 0.225398
vn 0.6978 -0.7054 0.1244
vn 0.8131 -0.5777 -0.0720
vn 0.8204 -0.5536 0.1432
f -3//-3 -2//-2 -1//-1
v 0.085608 0.708193 0.220173
v 0.104266 0.685206 0.223543
v 0.103147 0.688156 0.190755
vn 0.6970 0.7087 0.1089
vn 0.8198 0.5575 0.1310
vn 0.8124 0.5769 -0.0847
f -3//-3 -2//-2 -1//-1
v 0.104364 0.516323 0.225398
v 0.118410 0.538948 0.195313
v 0.118203 0.542634 0.227426
vn 0.8204 -0.5536 0.1432
vn 0.9128 -0.4047 -0.0547
vn 0.9114 -0.3805 0.1566
f -3//-3 -2//-2 -1//-1
v 0.104266 0.685206 0.223543
v 0.118135 0.658962 0.226148
v 0.118338 0.661943 0.193963
vn 0.8198 0.5575 0.1310
vn 0.9110 0.3849 0.1482
vn 0.9123 0.4045 -0.0636
f -3//-3 -2//-2 -1//-1
v 0.103249 0.512653 0.192682
v 0.118410 0.538948 0.195313
v 0.104364 0.516323 0.225398
vn 0.8131 -0.5777 -0.0720
vn 0.9128 -0.4047 -0.0547
vn 0.8204 -0.5536 0.1432
f -3//-3 -2//-2 -1//-1
v 0.103147 0.688156 0.190755
v 0.104266 0.685206 0.223543
v 0.118338 0.661943 0.193963
vn 0.8124 0.5769 -0.0847
vn 0.8198 0.5575 0.1310
vn 0.9123 0.4045 -0.0636
f -3//-3 -2//-2 -1//-1
v 0.103249 0.512653 0.192682
v 0.112342 0.538043 0.163576
v 0.118410 0.538948 0.195313
vn 0.8131 -0.5777 -0.0720
vn 0.8729 -0.4107 -0.2635
vn 0.9128 -0.4047 -0.0547
f -3//-3 -2//-2 -1//-1
v 0.103147 0.688156 0.190755
v 0.118338 0.661943 0.193963
v 0.112269 0.662143 0.162214
vn 0.8124 0.5769 -0.0847
vn 0.9123 0.4045 -0.0636
vn 0.8724 0.4058 -0.2725
f -3//-3 -2//-2 -1//-1
v 0.118203 0.542634 0.227426
v 0.128537 0.570278 0.198221
v 0.126717 0.571167 0.228539
vn 0.9114 -0.3805 0.1566
vn 0.9794 -0.1986 -0.0356
vn 0.9675 -0.1927 0.1639
f -3//-3 -2//-2 -1//-1
v 0.118135 0.658962 0.226148
v 0.126683 0.630471 0.227888
v 0.128502 0.630696 0.197557
vn 0.9110 0.3849 0.1482
vn 0.9672 0.1974 0.1596
vn 0.9792 0.1989 -0.0399
f -3//-3 -2//-2 -1//-1
v 0.126717 0.571167 0.228539
v 0.131591 0.600500 0.198968
v 0.129581 0.600826 0.228695
vn 0.9675 -0.1927 0.1639
vn 0.9995 0.0002 -0.0307
vn 0.9863 0.0024 0.1649
f -3//-3 -2//-2 -1//-1
v 0.126683 0.630471 0.227888
v 0.129581 0.600826 0.228695
v 0.131591 0.600500 0.198968
vn 0.9672 0.1974 0.1596
vn 0.9863 0.0024 0.1649
vn 0.9995 0.0002 -0.0307
f -3//-3 -2//-2 -1//-1
v 0.128537 0.570278 0.198221
v 0.131591 0.600500 0.198968
v 0.126717 0.571167 0.228539
vn 0.9794 -0.1986 -0.0356
vn 0.9995 0.0002 -0.0307
vn 0.9675 -0.1927 0.1639
f -3//-3 -2//-2 -1//-1
v 0.128502 0.630696 0.197557
v 0.126683 0.630471 0.227888
v 0.131591 0.600500 0.198968
vn 0.9792 0.1989 -0.0399
vn 0.9672 0.1974 0.1596
vn 0.9995 0.0002 -0.0307
f -3//-3 -2//-2 -1//-1
v 0.128537 0.570278 0.198221
v 0.127763 0.600174 0.169419
v 0.131591 0.600500 0.198968
vn 0.9794 -0.1986 -0.0356
vn 0.9743 -0.0019 -0.2250
vn 0.9995 0.0002 -0.0307
f -3//-3 -2//-2 -1//-1
v 0.128502 0.630696 0.197557
v 0.131591 0.600500 0.198968
v 0.127763 0.600174 0.169419
vn 0.9792 0.1989 -0.0399
vn 0.9995 0.0002 -0.0307
vn 0.9743 -0.0019 -0.2250
f -3//-3 -2//-2 -1//-1
v 0.112342 0.538043 0.163576
v 0.123300 0.568383 0.165639
v 0.118410 0.538948 0.195313
vn 0.8729 -0.4107 -0.2635
vn 0.9450 -0.2111 -0.2499
vn 0.9128 -0.4047 -0.0547
f -3//-3 -2//-2 -1//-1
v 0.112269 0.662143 0.162214
v 0.118338 0.661943 0.193963
v 0.123263 0.631868 0.164942
vn 0.8724 0.4058 -0.2725
vn 0.9123 0.4045 -0.0636
vn 0.9447 0.2066 -0.2545
f -3//-3 -2//-2 -1//-1
v 0.118410 0.538948 0.195313
v 0.128537 0.570278 0.198221
v 0.118203 0.542634 0.227426
vn 0.9128 -0.4047 -0.0547
vn 0.9794 -0.1986 -0.0356
vn 0.9114 -0.3805 0.1566
f -3//-3 -2//-2 -1//-1
v 0.118338 0.661943 0.193963
v 0.118135 0.658962 0.226148
v 0.128502 0.630696 0.197557
vn 0.9123 0.4045 -0.0636
vn 0.9110 0.3849 0.1482
vn 0.9792 0.1989 -0.0399
f -3//-3 -2//-2 -1//-1
v 0.123300 0.568383 0.165639
v 0.128537 0.570278 0.198221
v 0.118410 0.538948 0.195313
vn 0.9450 -0.2111 -0.2499
vn 0.9794 -0.1986 -0.0356
vn 0.9128 -0.4047 -0.0547
f -3//-3 -2//-2 -1//-1
v 0.123263 0.631868 0.164942
v 0.118338 0.661943 0.193963
v 0.128502 0.630696 0.197557
vn 0.9447 0.2066 -0.2545
vn 0.9123 0.4045 -0.0636
vn 0.9792 0.1989 -0.0399
f -3//-3 -2//-2 -1//-1
v 0.123300 0.568383 0.165639
v 0.127763 0.600174 0.169419
v 0.128537 0.570278 0.198221
vn 0.9450 -0.2111 -0.2499
vn 0.9743 -0.0019 -0.2250
vn 0.9794 -0.1986 -0.0356
f -3//-3 -2//-2 -1//-1
v 0.123263 0.631868 0.164942
v 0.128502 0.630696 0.197557
v 0.127763 0.600174 0.169419
vn 0.9447 0.2066 -0.2545
vn 0.9792 0.1989 -0.0399
vn 0.9743 -0.0019 -0.2250
f -3//-3 -2//-2 -1//-1
v 0.112342 0.538043 0.163576
v 0.112393 0.567688 0.137200
v 0.123300 0.568383 0.165639
vn 0.8729 -0.4107 -0.2635
vn 0.8732 -0.2156 -0.4370
vn 0.9450 -0.2111 -0.2499
f -3//-3 -2//-2 -1//-1
v 0.112269 0.662143 0.162214
v 0.123263 0.631868 0.164942
v 0.112355 0.631926 0.136495
vn 0.8724 0.4058 -0.2725
vn 0.9447 0.2066 -0.2545
vn 0.8730 0.2070 -0.4417
f -3//-3 -2//-2 -1//-1
v 0.123300 0.568383 0.165639
v 0.118244 0.599858 0.141185
v 0.127763 0.600174 0.169419
vn 0.9450 -0.2111 -0.2499
vn 0.9117 -0.0040 -0.4108
vn 0.9743 -0.0019 -0.2250
f -3//-3 -2//-2 -1//-1
v 0.123263 0.631868 0.164942
v 0.127763 0.600174 0.169419
v 0.118244 0.599858 0.141185
vn 0.9447 0.2066 -0.2545
vn 0.9743 -0.0019 -0.2250
vn 0.9117 -0.0040 -0.4108
f -3//-3 -2//-2 -1//-1
v 0.112393 0.567688 0.137200
v 0.118244 0.599858 0.141185
v 0.123300 0.568383 0.165639
vn 0.8732 -0.2156 -0.4370
vn 0.9117 -0.0040 -0.4108
vn 0.9450 -0.2111 -0.2499
f -3//-3 -2//-2 -1//-1
v 0.112355 0.631926 0.136495
v 0.123263 0.631868 0.164942
v 0.118244 0.599858 0.141185
vn 0.8730 0.2070 -0.4417
vn 0.9447 0.2066 -0.2545
vn 0.9117 -0.0040 -0.4108
f -3//-3 -2//-2 -1//-1
v 0.112393 0.567688 0.137200
v 0.103399 0.599566 0.115351
v 0.118244 0.599858 0.141185
vn 0.8732 -0.2156 -0.4370
vn 0.8141 -0.0059 -0.5808
vn 0.9117 -0.0040 -0.4108
f -3//-3 -2//-2 -1//-1
v 0.112355 0.631926 0.136495
v 0.118244 0.599858 0.141185
v 0.103399 0.599566 0.115351
vn 0.8730 0.2070 -0.4417
vn 0.9117 -0.0040 -0.4108
vn 0.8141 -0.0059 -0.5808
f -3//-3 -2//-2 -1//-1
v -0.002547 0.491836 0.098805
v 0.031168 0.511501 0.091658
v 0.025888 0.479727 0.123690
vn 0.1170 -0.7147 -0.6896
vn 0.3389 -0.5853 -0.7366
vn 0.3041 -0.7943 -0.5259
f -3//-3 -2//-2 -1//-1
v -0.002672 0.706783 0.096445
v 0.025749 0.719469 0.121058
v 0.031066 0.687005 0.089731
vn 0.1162 0.6995 -0.7051
vn 0.3032 0.7829 -0.5432
vn 0.3382 0.5694 -0.7493
f -3//-3 -2//-2 -1//-1
v 0.025888 0.479727 0.123690
v 0.059680 0.502361 0.119501
v 0.051174 0.475846 0.154023
vn 0.3041 -0.7943 -0.5259
vn 0.5264 -0.6454 -0.5535
vn 0.4705 -0.8199 -0.3263
f -3//-3 -2//-2 -1//-1
v 0.025749 0.719469 0.121058
v 0.051030 0.724045 0.151298
v 0.059567 0.696788 0.117366
vn 0.3032 0.7829 -0.5432
vn 0.4695 0.8130 -0.3443
vn 0.5257 0.6337 -0.5675
f -3//-3 -2//-2 -1//-1
v 0.031168 0.511501 0.091658
v 0.059680 0.502361 0.119501
v 0.025888 0.479727 0.123690
vn 0.3389 -0.5853 -0.7366
vn 0.5264 -0.6454 -0.5535
vn 0.3041 -0.7943 -0.5259
f -3//-3 -2//-2 -1//-1
v 0.031066 0.687005 0.089731
v 0.025749 0.719469 0.121058
v 0.059567 0.696788 0.117366
vn 0.3382 0.5694 -0.7493
vn 0.3032 0.7829 -0.5432
vn 0.5257 0.6337 -0.5675
f -3//-3 -2//-2 -1//-1
v 0.031168 0.511501 0.091658
v 0.061373 0.537229 0.092142
v 0.059680 0.502361 0.119501
vn 0.3389 -0.5853 -0.7366
vn 0.5376 -0.4160 -0.7335
vn 0.5264 -0.6454 -0.5535
f -3//-3 -2//-2 -1//-1
v 0.031066 0.687005 0.089731
v 0.059567 0.696788 0.117366
v 0.061301 0.661329 0.090779
vn 0.3382 0.5694 -0.7493
vn 0.5257 0.6337 -0.5675
vn 0.5371 0.4004 -0.7424
f -3//-3 -2//-2 -1//-1
v 0.051174 0.475846 0.154023
v 0.086297 0.502786 0.156806
v 0.071586 0.480457 0.187737
vn 0.4705 -0.8199 -0.3263
vn 0.7015 -0.6426 -0.3080
vn 0.6048 -0.7895 -0.1045
f -3//-3 -2//-2 -1//-1
v 0.051030 0.724045 0.151298
v 0.071446 0.720199 0.185104
v 0.086184 0.697213 0.154672
vn 0.4695 0.8130 -0.3443
vn 0.6038 0.7877 -0.1219
vn 0.7008 0.6365 -0.3221
f -3//-3 -2//-2 -1//-1
v 0.071586 0.480457 0.187737
v 0.103249 0.512653 0.192682
v 0.085733 0.493246 0.222533
vn 0.6048 -0.7895 -0.1045
vn 0.8131 -0.5777 -0.0720
vn 0.6978 -0.7054 0.1244
f -3//-3 -2//-2 -1//-1
v 0.071446 0.720199 0.185104
v 0.085608 0.708193 0.220173
v 0.103147 0.688156 0.190755
vn 0.6038 0.7877 -0.1219
vn 0.6970 0.7087 0.1089
vn 0.8124 0.5769 -0.0847
f -3//-3 -2//-2 -1//-1
v 0.086297 0.502786 0.156806
v 0.103249 0.512653 0.192682
v 0.071586 0.480457 0.187737
vn 0.7015 -0.6426 -0.3080
vn 0.8131 -0.5777 -0.0720
vn 0.6048 -0.7895 -0.1045
f -3//-3 -2//-2 -1//-1
v 0.086184 0.697213 0.154672
v 0.071446 0.720199 0.185104
v 0.103147 0.688156 0.190755
vn 0.7008 0.6365 -0.3221
vn 0.6038 0.7877 -0.1219
vn 0.8124 0.5769 -0.0847
f -3//-3 -2//-2 -1//-1
v 0.086297 0.502786 0.156806
v 0.112342 0.538043 0.163576
v 0.103249 0.512653 0.192682
vn 0.7015 -0.6426 -0.3080
vn 0.8729 -0.4107 -0.2635
vn 0.8131 -0.5777 -0.0720
f -3//-3 -2//-2 -1//-1
v 0.086184 0.697213 0.154672
v 0.103147 0.688156 0.190755
v 0.112269 0.662143 0.162214
vn 0.7008 0.6365 -0.3221
vn 0.8124 0.5769 -0.0847
vn 0.8724 0.4058 -0.2725
f -3//-3 -2//-2 -1//-1
v 0.061373 0.537229 0.092142
v 0.091624 0.534843 0.124490
v 0.059680 0.502361 0.119501
vn 0.5376 -0.4160 -0.7335
vn 0.7366 -0.4317 -0.5206
vn 0.5264 -0.6454 -0.5535
f -3//-3 -2//-2 -1//-1
v 0.061301 0.661329 0.090779
v 0.059567 0.696788 0.117366
v 0.091548 0.664460 0.123067
vn 0.5371 0.4004 -0.7424
vn 0.5257 0.6337 -0.5675
vn 0.7361 0.4210 -0.5300
f -3//-3 -2//-2 -1//-1
v 0.059680 0.502361 0.119501
v 0.086297 0.502786 0.156806
v 0.051174 0.475846 0.154023
vn 0.5264 -0.6454 -0.5535
vn 0.7015 -0.6426 -0.3080
vn 0.4705 -0.8199 -0.3263
f -3//-3 -2//-2 -1//-1
v 0.059567 0.696788 0.117366
v 0.051030 0.724045 0.151298
v 0.086184 0.697213 0.154672
vn 0.5257 0.6337 -0.5675
vn 0.4695 0.8130 -0.3443
vn 0.7008 0.6365 -0.3221
f -3//-3 -2//-2 -1//-1
v 0.091624 0.534843 0.124490
v 0.086297 0.502786 0.156806
v 0.059680 0.502361 0.119501
vn 0.7366 -0.4317 -0.5206
vn 0.7015 -0.6426 -0.3080
vn 0.5264 -0.6454 -0.5535
f -3//-3 -2//-2 -1//-1
v 0.091548 0.664460 0.123067
v 0.059567 0.696788 0.117366
v 0.086184 0.697213 0.154672
vn 0.7361 0.4210 -0.5300
vn 0.5257 0.6337 -0.5675
vn 0.7008 0.6365 -0.3221
f -3//-3 -2//-2 -1//-1
v 0.091624 0.534843 0.124490
v 0.112342 0.538043 0.163576
v 0.086297 0.502786 0.156806
vn 0.7366 -0.4317 -0.5206
vn 0.8729 -0.4107 -0.2635
vn 0.7015 -0.6426 -0.3080
f -3//-3 -2//-2 -1//-1
v 0.091548 0.664460 0.123067
v 0.086184 0.697213 0.154672
v 0.112269 0.662143 0.162214
vn 0.7361 0.4210 -0.5300
vn 0.7008 0.6365 -0.3221
vn 0.8724 0.4058 -0.2725
f -3//-3 -2//-2 -1//-1
v 0.061373 0.537229 0.092142
v 0.086009 0.567266 0.100223
v 0.091624 0.534843 0.124490
vn 0.5376 -0.4160 -0.7335
vn 0.6996 -0.2184 -0.6803
vn 0.7366 -0.4317 -0.5206
f -3//-3 -2//-2 -1//-1
v 0.061301 0.661329 0.090779
v 0.091548 0.664460 0.123067
v 0.085972 0.631505 0.099518
vn 0.5371 0.4004 -0.7424
vn 0.7361 0.4210 -0.5300
vn 0.6994 0.2042 -0.6849
f -3//-3 -2//-2 -1//-1
v 0.091624 0.534843 0.124490
v 0.112393 0.567688 0.137200
v 0.112342 0.538043 0.163576
vn 0.7366 -0.4317 -0.5206
vn 0.8732 -0.2156 -0.4370
vn 0.8729 -0.4107 -0.2635
f -3//-3 -2//-2 -1//-1
v 0.091548 0.664460 0.123067
v 0.112269 0.662143 0.162214
v 0.112355 0.631926 0.136495
vn 0.7361 0.4210 -0.5300
vn 0.8724 0.4058 -0.2725
vn 0.8730 0.2070 -0.4417
f -3//-3 -2//-2 -1//-1
v 0.086009 0.567266 0.100223
v 0.112393 0.567688 0.137200
v 0.091624 0.534843 0.124490
vn 0.6996 -0.2184 -0.6803
vn 0.8732 -0.2156 -0.4370
vn 0.7366 -0.4317 -0.5206
f -3//-3 -2//-2 -1//-1
v 0.085972 0.631505 0.099518
v 0.091548 0.664460 0.123067
v 0.112355 0.631926 0.136495
vn 0.6994 0.2042 -0.6849
vn 0.7361 0.4210 -0.5300
vn 0.8730 0.2070 -0.4417
f -3//-3 -2//-2 -1//-1
v 0.086009 0.567266 0.100223
v 0.103399 0.599566 0.115351
v 0.112393 0.567688 0.137200
vn 0.6996 -0.2184 -0.6803
vn 0.8141 -0.0059 -0.5808
vn 0.8732 -0.2156 -0.4370
f -3//-3 -2//-2 -1//-1
v 0.085972 0.631505 0.099518
v 0.112355 0.631926 0.136495
v 0.103399 0.599566 0.115351
vn 0.6994 0.2042 -0.6849
vn 0.8730 0.2070 -0.4417
vn 0.8141 -0.0059 -0.5808
f -3//-3 -2//-2 -1//-1
v -0.002547 0.491836 0.098805
v 0.000557 0.514665 0.079909
v 0.031168 0.511501 0.091658
vn 0.1170 -0.7147 -0.6896
vn 0.1375 -0.5645 -0.8139
vn 0.3389 -0.5853 -0.7366
f -3//-3 -2//-2 -1//-1
v -0.002672 0.706783 0.096445
v 0.031066 0.687005 0.089731
v 0.000459 0.683548 0.078055
vn 0.1162 0.6995 -0.7051
vn 0.3382 0.5694 -0.7493
vn 0.1368 0.5466 -0.8261
f -3//-3 -2//-2 -1//-1
v 0.031168 0.511501 0.091658
v 0.033329 0.537589 0.076070
v 0.061373 0.537229 0.092142
vn 0.3389 -0.5853 -0.7366
vn 0.3531 -0.4136 -0.8392
vn 0.5376 -0.4160 -0.7335
f -3//-3 -2//-2 -1//-1
v 0.031066 0.687005 0.089731
v 0.061301 0.661329 0.090779
v 0.033258 0.660584 0.074720
vn 0.3382 0.5694 -0.7493
vn 0.5371 0.4004 -0.7424
vn 0.3526 0.3955 -0.8481
f -3//-3 -2//-2 -1//-1
v 0.000557 0.514665 0.079909
v 0.033329 0.537589 0.076070
v 0.031168 0.511501 0.091658
vn 0.1375 -0.5645 -0.8139
vn 0.3531 -0.4136 -0.8392
vn 0.3389 -0.5853 -0.7366
f -3//-3 -2//-2 -1//-1
v 0.000459 0.683548 0.078055
v 0.031066 0.687005 0.089731
v 0.033258 0.660584 0.074720
vn 0.1368 0.5466 -0.8261
vn 0.3382 0.5694 -0.7493
vn 0.3526 0.3955 -0.8481
f -3//-3 -2//-2 -1//-1
v 0.000557 0.514665 0.079909
v 0.002859 0.540792 0.065767
v 0.033329 0.537589 0.076070
vn 0.1375 -0.5645 -0.8139
vn 0.1526 -0.3926 -0.9070
vn 0.3531 -0.4136 -0.8392
f -3//-3 -2//-2 -1//-1
v 0.000459 0.683548 0.078055
v 0.033258 0.660584 0.074720
v 0.002791 0.657120 0.064490
vn 0.1368 0.5466 -0.8261
vn 0.3526 0.3955 -0.8481
vn 0.1522 0.3727 -0.9154
f -3//-3 -2//-2 -1//-1
v 0.061373 0.537229 0.092142
v 0.062661 0.567415 0.080651
v 0.086009 0.567266 0.100223
vn 0.5376 -0.4160 -0.7335
vn 0.5460 -0.2174 -0.8091
vn 0.6996 -0.2184 -0.6803
f -3//-3 -2//-2 -1//-1
v 0.061301 0.661329 0.090779
v 0.085972 0.631505 0.099518
v 0.062624 0.630900 0.079954
vn 0.5371 0.4004 -0.7424
vn 0.6994 0.2042 -0.6849
vn 0.5458 0.2002 -0.8136
f -3//-3 -2//-2 -1//-1
v 0.086009 0.567266 0.100223
v 0.083798 0.599308 0.092909
v 0.103399 0.599566 0.115351
vn 0.6996 -0.2184 -0.6803
vn 0.6851 -0.0076 -0.7284
vn 0.8141 -0.0059 -0.5808
f -3//-3 -2//-2 -1//-1
v 0.085972 0.631505 0.099518
v 0.103399 0.599566 0.115351
v 0.083798 0.599308 0.092909
vn 0.6994 0.2042 -0.6849
vn 0.8141 -0.0059 -0.5808
vn 0.6851 -0.0076 -0.7284
f -3//-3 -2//-2 -1//-1
v 0.062661 0.567415 0.080651
v 0.083798 0.599308 0.092909
v 0.086009 0.567266 0.100223
vn 0.5460 -0.2174 -0.8091
vn 0.6851 -0.0076 -0.7284
vn 0.6996 -0.2184 -0.6803
f -3//-3 -2//-2 -1//-1
v 0.062624 0.630900 0.079954
v 0.085972 0.631505 0.099518
v 0.083798 0.599308 0.092909
vn 0.5458 0.2002 -0.8136
vn 0.6994 0.2042 -0.6849
vn 0.6851 -0.0076 -0.7284
f -3//-3 -2//-2 -1//-1
v 0.062661 0.567415 0.080651
v 0.060196 0.599095 0.074722
v 0.083798 0.599308 0.092909
vn 0.5460 -0.2174 -0.8091
vn 0.5298 -0.0090 -0.8481
vn 0.6851 -0.0076 -0.7284
f -3//-3 -2//-2 -1//-1
v 0.062624 0.630900 0.079954
v 0.083798 0.599308 0.092909
v 0.060196 0.599095 0.074722
vn 0.5458 0.2002 -0.8136
vn 0.6851 -0.0076 -0.7284
vn 0.5298 -0.0090 -0.8481
f -3//-3 -2//-2 -1//-1
v 0.002859 0.540792 0.065767
v 0.033538 0.568760 0.065076
v 0.033329 0.537589 0.076070
vn 0.1526 -0.3926 -0.9070
vn 0.3544 -0.2086 -0.9115
vn 0.3531 -0.4136 -0.8392
f -3//-3 -2//-2 -1//-1
v 0.002791 0.657120 0.064490
v 0.033258 0.660584 0.074720
v 0.033502 0.629179 0.064412
vn 0.1522 0.3727 -0.9154
vn 0.3526 0.3955 -0.8481
vn 0.3542 0.1889 -0.9159
f -3//-3 -2//-2 -1//-1
v 0.033329 0.537589 0.076070
v 0.062661 0.567415 0.080651
v 0.061373 0.537229 0.092142
vn 0.3531 -0.4136 -0.8392
vn 0.5460 -0.2174 -0.8091
vn 0.5376 -0.4160 -0.7335
f -3//-3 -2//-2 -1//-1
v 0.033258 0.660584 0.074720
v 0.061301 0.661329 0.090779
v 0.062624 0.630900 0.079954
vn 0.3526 0.3955 -0.8481
vn 0.5371 0.4004 -0.7424
vn 0.5458 0.2002 -0.8136
f -3//-3 -2//-2 -1//-1
v 0.033538 0.568760 0.065076
v 0.062661 0.567415 0.080651
v 0.033329 0.537589 0.076070
vn 0.3544 -0.2086 -0.9115
vn 0.5460 -0.2174 -0.8091
vn 0.3531 -0.4136 -0.8392
f -3//-3 -2//-2 -1//-1
v 0.033502 0.629179 0.064412
v 0.033258 0.660584 0.074720
v 0.062624 0.630900 0.079954
vn 0.3542 0.1889 -0.9159
vn 0.3526 0.3955 -0.8481
vn 0.5458 0.2002 -0.8136
f -3//-3 -2//-2 -1//-1
v 0.033538 0.568760 0.065076
v 0.060196 0.599095 0.074722
v 0.062661 0.567415 0.080651
vn 0.3544 -0.2086 -0.9115
vn 0.5298 -0.0090 -0.8481
vn 0.5460 -0.2174 -0.8091
f -3//-3 -2//-2 -1//-1
v 0.033502 0.629179 0.064412
v 0.062624 0.630900 0.079954
v 0.060196 0.599095 0.074722
vn 0.3542 0.1889 -0.9159
vn 0.5458 0.2002 -0.8136
vn 0.5298 -0.0090 -0.8481
f -3//-3 -2//-2 -1//-1
v 0.002859 0.540792 0.065767
v 0.004269 0.569211 0.056924
v 0.033538 0.568760 0.065076
vn 0.1526 -0.3926 -0.9070
vn 0.1619 -0.2056 -0.9652
vn 0.3544 -0.2086 -0.9115
f -3//-3 -2//-2 -1//-1
v 0.002791 0.657120 0.064490
v 0.033502 0.629179 0.064412
v 0.004235 0.628515 0.056272
vn 0.1522 0.3727 -0.9154
vn 0.3542 0.1889 -0.9159
vn 0.1617 0.1846 -0.9694
f -3//-3 -2//-2 -1//-1
v 0.033538 0.568760 0.065076
v 0.033499 0.598934 0.061489
v 0.060196 0.599095 0.074722
vn 0.3544 -0.2086 -0.9115
vn 0.3542 -0.0101 -0.9351
vn 0.5298 -0.0090 -0.8481
f -3//-3 -2//-2 -1//-1
v 0.033502 0.629179 0.064412
v 0.060196 0.599095 0.074722
v 0.033499 0.598934 0.061489
vn 0.3542 0.1889 -0.9159
vn 0.5298 -0.0090 -0.8481
vn 0.3542 -0.0101 -0.9351
f -3//-3 -2//-2 -1//-1
v 0.004269 0.569211 0.056924
v 0.033499 0.598934 0.061489
v 0.033538 0.568760 0.065076
vn 0.1619 -0.2056 -0.9652
vn 0.3542 -0.0101 -0.9351
vn 0.3544 -0.2086 -0.9115
f -3//-3 -2//-2 -1//-1
v 0.004235 0.628515 0.056272
v 0.033502 0.629179 0.064412
v 0.033499 0.598934 0.061489
vn 0.1617 0.1846 -0.9694
vn 0.3542 0.1889 -0.9159
vn 0.3542 -0.0101 -0.9351
f -3//-3 -2//-2 -1//-1
v 0.004269 0.569211 0.056924
v 0.004733 0.598832 0.053717
v 0.033499 0.598934 0.061489
vn 0.1619 -0.2056 -0.9652
vn 0.1649 -0.0107 -0.9862
vn 0.3542 -0.0101 -0.9351
f -3//-3 -2//-2 -1//-1
v 0.004235 0.628515 0.056272
v 0.033499 0.598934 0.061489
v 0.004733 0.598832 0.053717
vn 0.1617 0.1846 -0.9694
vn 0.3542 -0.0101 -0.9351
vn 0.1649 -0.0107 -0.9862
f -3//-3 -2//-2 -1//-1
v -0.020249 0.448473 0.205296
v -0.049498 0.451323 0.200373
v -0.015360 0.451075 0.176018
vn 0.0006 -0.9999 0.0110
vn -0.1918 -0.9812 -0.0214
vn 0.0327 -0.9828 -0.1816
f -3//-3 -2//-2 -1//-1
v -0.020426 0.752454 0.201958
v -0.015533 0.749215 0.172744
v -0.049672 0.749462 0.197099
vn -0.0006 0.9999 -0.0110
vn 0.0316 0.9786 -0.2032
vn -0.1930 0.9803 -0.0429
f -3//-3 -2//-2 -1//-1
v -0.015360 0.451075 0.176018
v -0.045067 0.454204 0.170450
v -0.010662 0.459418 0.147801
vn 0.0327 -0.9828 -0.1816
vn -0.1627 -0.9622 -0.2183
vn 0.0637 -0.9279 -0.3673
f -3//-3 -2//-2 -1//-1
v -0.015533 0.749215 0.172744
v -0.010825 0.740260 0.144717
v -0.045236 0.745930 0.167247
vn 0.0316 0.9786 -0.2032
vn 0.0626 0.9197 -0.3876
vn -0.1638 0.9570 -0.2393
f -3//-3 -2//-2 -1//-1
v -0.049498 0.451323 0.200373
v -0.045067 0.454204 0.170450
v -0.015360 0.451075 0.176018
vn -0.1918 -0.9812 -0.0214
vn -0.1627 -0.9622 -0.2183
vn 0.0327 -0.9828 -0.1816
f -3//-3 -2//-2 -1//-1
v -0.049672 0.749462 0.197099
v -0.015533 0.749215 0.172744
v -0.045236 0.745930 0.167247
vn -0.1930 0.9803 -0.0429
vn 0.0316 0.9786 -0.2032
vn -0.1638 0.9570 -0.2393
f -3//-3 -2//-2 -1//-1
v -0.049498 0.451323 0.200373
v -0.077627 0.459904 0.195575
v -0.045067 0.454204 0.170450
vn -0.1918 -0.9812 -0.0214
vn -0.3769 -0.9247 -0.0530
vn -0.1627 -0.9622 -0.2183
f -3//-3 -2//-2 -1//-1
v -0.049672 0.749462 0.197099
v -0.045236 0.745930 0.167247
v -0.077790 0.740745 0.192492
vn -0.1930 0.9803 -0.0429
vn -0.1638 0.9570 -0.2393
vn -0.3780 0.9229 -0.0733
f -3//-3 -2//-2 -1//-1
v -0.010662 0.459418 0.147801
v -0.041425 0.464407 0.139222
v -0.006335 0.473182 0.121729
vn 0.0637 -0.9279 -0.3673
vn -0.1387 -0.8951 -0.4237
vn 0.0921 -0.8374 -0.5388
f -3//-3 -2//-2 -1//-1
v -0.010825 0.740260 0.144717
v -0.006482 0.725932 0.118954
v -0.041582 0.735048 0.136250
vn 0.0626 0.9197 -0.3876
vn 0.0912 0.8255 -0.5571
vn -0.1398 0.8854 -0.4433
f -3//-3 -2//-2 -1//-1
v -0.006335 0.473182 0.121729
v -0.037474 0.479574 0.113095
v -0.002547 0.491836 0.098805
vn 0.0921 -0.8374 -0.5388
vn -0.1127 -0.7953 -0.5956
vn 0.1170 -0.7147 -0.6896
f -3//-3 -2//-2 -1//-1
v -0.006482 0.725932 0.118954
v -0.002672 0.706783 0.096445
v -0.037614 0.719316 0.110463
vn 0.0912 0.8255 -0.5571
vn 0.1162 0.6995 -0.7051
vn -0.1137 0.7819 -0.6129
f -3//-3 -2//-2 -1//-1
v -0.041425 0.464407 0.139222
v -0.037474 0.479574 0.113095
v -0.006335 0.473182 0.121729
vn -0.1387 -0.8951 -0.4237
vn -0.1127 -0.7953 -0.5956
vn 0.0921 -0.8374 -0.5388
f -3//-3 -2//-2 -1//-1
v -0.041582 0.735048 0.136250
v -0.006482 0.725932 0.118954
v -0.037614 0.719316 0.110463
vn -0.1398 0.8854 -0.4433
vn 0.0912 0.8255 -0.5571
vn -0.1137 0.7819 -0.6129
f -3//-3 -2//-2 -1//-1
v -0.041425 0.464407 0.139222
v -0.071234 0.475550 0.133555
v -0.037474 0.479574 0.113095
vn -0.1387 -0.8951 -0.4237
vn -0.3348 -0.8218 -0.4610
vn -0.1127 -0.7953 -0.5956
f -3//-3 -2//-2 -1//-1
v -0.041582 0.735048 0.136250
v -0.037614 0.719316 0.110463
v -0.071378 0.723749 0.130830
vn -0.1398 0.8854 -0.4433
vn -0.1137 0.7819 -0.6129
vn -0.3358 0.8111 -0.4789
f -3//-3 -2//-2 -1//-1
v -0.077627 0.459904 0.195575
v -0.075682 0.464656 0.163661
v -0.045067 0.454204 0.170450
vn -0.3769 -0.9247 -0.0530
vn -0.3641 -0.8935 -0.2629
vn -0.1627 -0.9622 -0.2183
f -3//-3 -2//-2 -1//-1
v -0.077790 0.740745 0.192492
v -0.045236 0.745930 0.167247
v -0.075839 0.735296 0.160690
vn -0.3780 0.9229 -0.0733
vn -0.1638 0.9570 -0.2393
vn -0.3651 0.8871 -0.2825
f -3//-3 -2//-2 -1//-1
v -0.045067 0.454204 0.170450
v -0.041425 0.464407 0.139222
v -0.010662 0.459418 0.147801
vn -0.1627 -0.9622 -0.2183
vn -0.1387 -0.8951 -0.4237
vn 0.0637 -0.9279 -0.3673
f -3//-3 -2//-2 -1//-1
v -0.045236 0.745930 0.167247
v -0.010825 0.740260 0.144717
v -0.041582 0.735048 0.136250
vn -0.1638 0.9570 -0.2393
vn 0.0626 0.9197 -0.3876
vn -0.1398 0.8854 -0.4433
f -3//-3 -2//-2 -1//-1
v -0.075682 0.464656 0.163661
v -0.041425 0.464407 0.139222
v -0.045067 0.454204 0.170450
vn -0.3641 -0.8935 -0.2629
vn -0.1387 -0.8951 -0.4237
vn -0.1627 -0.9622 -0.2183
f -3//-3 -2//-2 -1//-1
v -0.075839 0.735296 0.160690
v -0.045236 0.745930 0.167247
v -0.041582 0.735048 0.136250
vn -0.3651 0.8871 -0.2825
vn -0.1638 0.9570 -0.2393
vn -0.1398 0.8854 -0.4433
f -3//-3 -2//-2 -1//-1
v -0.075682 0.464656 0.163661
v -0.071234 0.475550 0.133555
v -0.041425 0.464407 0.139222
vn -0.3641 -0.8935 -0.2629
vn -0.3348 -0.8218 -0.4610
vn -0.1387 -0.8951 -0.4237
f -3//-3 -2//-2 -1//-1
v -0.075839 0.735296 0.160690
v -0.041582 0.735048 0.136250
v -0.071378 0.723749 0.130830
vn -0.3651 0.8871 -0.2825
vn -0.1398 0.8854 -0.4433
vn -0.3358 0.8111 -0.4789
f -3//-3 -2//-2 -1//-1
v -0.077627 0.459904 0.195575
v -0.103554 0.473887 0.191087
v -0.075682 0.464656 0.163661
vn -0.3769 -0.9247 -0.0530
vn -0.5475 -0.8327 -0.0825
vn -0.3641 -0.8935 -0.2629
f -3//-3 -2//-2 -1//-1
v -0.077790 0.740745 0.192492
v -0.075839 0.735296 0.160690
v -0.103701 0.726637 0.188312
vn -0.3780 0.9229 -0.0733
vn -0.3651 0.8871 -0.2825
vn -0.5484 0.8301 -0.1008
f -3//-3 -2//-2 -1//-1
v -0.075682 0.464656 0.163661
v -0.101525 0.480038 0.158790
v -0.071234 0.475550 0.133555
vn -0.3641 -0.8935 -0.2629
vn -0.5341 -0.7923 -0.2950
vn -0.3348 -0.8218 -0.4610
f -3//-3 -2//-2 -1//-1
v -0.075839 0.735296 0.160690
v -0.071378 0.723749 0.130830
v -0.101664 0.719780 0.156158
vn -0.3651 0.8871 -0.2825
vn -0.3358 0.8111 -0.4789
vn -0.5350 0.7850 -0.3123
f -3//-3 -2//-2 -1//-1
v -0.103554 0.473887 0.191087
v -0.101525 0.480038 0.158790
v -0.075682 0.464656 0.163661
vn -0.5475 -0.8327 -0.0825
vn -0.5341 -0.7923 -0.2950
vn -0.3641 -0.8935 -0.2629
f -3//-3 -2//-2 -1//-1
v -0.103701 0.726637 0.188312
v -0.075839 0.735296 0.160690
v -0.101664 0.719780 0.156158
vn -0.5484 0.8301 -0.1008
vn -0.3651 0.8871 -0.2825
vn -0.5350 0.7850 -0.3123
f -3//-3 -2//-2 -1//-1
v -0.103554 0.473887 0.191087
v -0.126283 0.492734 0.187081
v -0.101525 0.480038 0.158790
vn -0.5475 -0.8327 -0.0825
vn -0.6970 -0.7087 -0.1089
vn -0.5341 -0.7923 -0.2950
f -3//-3 -2//-2 -1//-1
v -0.103701 0.726637 0.188312
v -0.101664 0.719780 0.156158
v -0.126408 0.707680 0.184721
vn -0.5484 0.8301 -0.1008
vn -0.5350 0.7850 -0.3123
vn -0.6978 0.7054 -0.1244
f -3//-3 -2//-2 -1//-1
v -0.002547 0.491836 0.098805
v -0.032195 0.511348 0.081063
v 0.000557 0.514665 0.079909
vn 0.1170 -0.7147 -0.6896
vn -0.0780 -0.5863 -0.8063
vn 0.1375 -0.5645 -0.8139
f -3//-3 -2//-2 -1//-1
v -0.002672 0.706783 0.096445
v 0.000459 0.683548 0.078055
v -0.032297 0.686852 0.079136
vn 0.1162 0.6995 -0.7051
vn 0.1368 0.5466 -0.8261
vn -0.0787 0.5683 -0.8190
f -3//-3 -2//-2 -1//-1
v 0.000557 0.514665 0.079909
v -0.029290 0.537437 0.065599
v 0.002859 0.540792 0.065767
vn 0.1375 -0.5645 -0.8139
vn -0.0589 -0.4146 -0.9081
vn 0.1526 -0.3926 -0.9070
f -3//-3 -2//-2 -1//-1
v 0.000459 0.683548 0.078055
v 0.002791 0.657120 0.064490
v -0.029362 0.660433 0.064249
vn 0.1368 0.5466 -0.8261
vn 0.1522 0.3727 -0.9154
vn -0.0594 0.3945 -0.9170
f -3//-3 -2//-2 -1//-1
v -0.032195 0.511348 0.081063
v -0.029290 0.537437 0.065599
v 0.000557 0.514665 0.079909
vn -0.0780 -0.5863 -0.8063
vn -0.0589 -0.4146 -0.9081
vn 0.1375 -0.5645 -0.8139
f -3//-3 -2//-2 -1//-1
v -0.032297 0.686852 0.079136
v 0.000459 0.683548 0.078055
v -0.029362 0.660433 0.064249
vn -0.0787 0.5683 -0.8190
vn 0.1368 0.5466 -0.8261
vn -0.0594 0.3945 -0.9170
f -3//-3 -2//-2 -1//-1
v -0.032195 0.511348 0.081063
v -0.061035 0.536933 0.071673
v -0.029290 0.537437 0.065599
vn -0.0780 -0.5863 -0.8063
vn -0.2677 -0.4180 -0.8681
vn -0.0589 -0.4146 -0.9081
f -3//-3 -2//-2 -1//-1
v -0.032297 0.686852 0.079136
v -0.029362 0.660433 0.064249
v -0.061107 0.661033 0.070311
vn -0.0787 0.5683 -0.8190
vn -0.0594 0.3945 -0.9170
vn -0.2682 0.3985 -0.8771
f -3//-3 -2//-2 -1//-1
v 0.002859 0.540792 0.065767
v -0.026057 0.568616 0.055111
v 0.004269 0.569211 0.056924
vn 0.1526 -0.3926 -0.9070
vn -0.0376 -0.2095 -0.9771
vn 0.1619 -0.2056 -0.9652
f -3//-3 -2//-2 -1//-1
v 0.002791 0.657120 0.064490
v 0.004235 0.628515 0.056272
v -0.026092 0.629035 0.054447
vn 0.1522 0.3727 -0.9154
vn 0.1617 0.1846 -0.9694
vn -0.0379 0.1880 -0.9814
f -3//-3 -2//-2 -1//-1
v 0.004269 0.569211 0.056924
v -0.024996 0.598792 0.051707
v 0.004733 0.598832 0.053717
vn 0.1619 -0.2056 -0.9652
vn -0.0306 -0.0110 -0.9995
vn 0.1649 -0.0107 -0.9862
f -3//-3 -2//-2 -1//-1
v 0.004235 0.628515 0.056272
v 0.004733 0.598832 0.053717
v -0.024996 0.598792 0.051707
vn 0.1617 0.1846 -0.9694
vn 0.1649 -0.0107 -0.9862
vn -0.0306 -0.0110 -0.9995
f -3//-3 -2//-2 -1//-1
v -0.026057 0.568616 0.055111
v -0.024996 0.598792 0.051707
v 0.004269 0.569211 0.056924
vn -0.0376 -0.2095 -0.9771
vn -0.0306 -0.0110 -0.9995
vn 0.1619 -0.2056 -0.9652
f -3//-3 -2//-2 -1//-1
v -0.026092 0.629035 0.054447
v 0.004235 0.628515 0.056272
v -0.024996 0.598792 0.051707
vn -0.0379 0.1880 -0.9814
vn 0.1617 0.1846 -0.9694
vn -0.0306 -0.0110 -0.9995
f -3//-3 -2//-2 -1//-1
v -0.026057 0.568616 0.055111
v -0.054546 0.598817 0.055535
v -0.024996 0.598792 0.051707
vn -0.0376 -0.2095 -0.9771
vn -0.2251 -0.0108 -0.9743
vn -0.0306 -0.0110 -0.9995
f -3//-3 -2//-2 -1//-1
v -0.026092 0.629035 0.054447
v -0.024996 0.598792 0.051707
v -0.054546 0.598817 0.055535
vn -0.0379 0.1880 -0.9814
vn -0.0306 -0.0110 -0.9995
vn -0.2251 -0.0108 -0.9743
f -3//-3 -2//-2 -1//-1
v -0.061035 0.536933 0.071673
v -0.058657 0.567122 0.060365
v -0.029290 0.537437 0.065599
vn -0.2677 -0.4180 -0.8681
vn -0.2521 -0.2194 -0.9425
vn -0.0589 -0.4146 -0.9081
f -3//-3 -2//-2 -1//-1
v -0.061107 0.661033 0.070311
v -0.029362 0.660433 0.064249
v -0.058694 0.630607 0.059668
vn -0.2682 0.3985 -0.8771
vn -0.0594 0.3945 -0.9170
vn -0.2523 0.1983 -0.9471
f -3//-3 -2//-2 -1//-1
v -0.029290 0.537437 0.065599
v -0.026057 0.568616 0.055111
v 0.002859 0.540792 0.065767
vn -0.0589 -0.4146 -0.9081
vn -0.0376 -0.2095 -0.9771
vn 0.1526 -0.3926 -0.9070
f -3//-3 -2//-2 -1//-1
v -0.029362 0.660433 0.064249
v 0.002791 0.657120 0.064490
v -0.026092 0.629035 0.054447
vn -0.0594 0.3945 -0.9170
vn 0.1522 0.3727 -0.9154
vn -0.0379 0.1880 -0.9814
f -3//-3 -2//-2 -1//-1
v -0.058657 0.567122 0.060365
v -0.026057 0.568616 0.055111
v -0.029290 0.537437 0.065599
vn -0.2521 -0.2194 -0.9425
vn -0.0376 -0.2095 -0.9771
vn -0.0589 -0.4146 -0.9081
f -3//-3 -2//-2 -1//-1
v -0.058694 0.630607 0.059668
v -0.029362 0.660433 0.064249
v -0.026092 0.629035 0.054447
vn -0.2523 0.1983 -0.9471
vn -0.0594 0.3945 -0.9170
vn -0.0379 0.1880 -0.9814
f -3//-3 -2//-2 -1//-1
v -0.058657 0.567122 0.060365
v -0.054546 0.598817 0.055535
v -0.026057 0.568616 0.055111
vn -0.2521 -0.2194 -0.9425
vn -0.2251 -0.0108 -0.9743
vn -0.0376 -0.2095 -0.9771
f -3//-3 -2//-2 -1//-1
v -0.058694 0.630607 0.059668
v -0.026092 0.629035 0.054447
v -0.054546 0.598817 0.055535
vn -0.2523 0.1983 -0.9471
vn -0.0379 0.1880 -0.9814
vn -0.2251 -0.0108 -0.9743
f -3//-3 -2//-2 -1//-1
v -0.061035 0.536933 0.071673
v -0.087101 0.566848 0.071276
v -0.058657 0.567122 0.060365
vn -0.2677 -0.4180 -0.8681
vn -0.4392 -0.2212 -0.8707
vn -0.2521 -0.2194 -0.9425
f -3//-3 -2//-2 -1//-1
v -0.061107 0.661033 0.070311
v -0.058694 0.630607 0.059668
v -0.087139 0.631087 0.070571
vn -0.2682 0.3985 -0.8771
vn -0.2523 0.1983 -0.9471
vn -0.4395 0.2015 -0.8754
f -3//-3 -2//-2 -1//-1
v -0.058657 0.567122 0.060365
v -0.082782 0.598905 0.065054
v -0.054546 0.598817 0.055535
vn -0.2521 -0.2194 -0.9425
vn -0.4108 -0.0102 -0.9117
vn -0.2251 -0.0108 -0.9743
f -3//-3 -2//-2 -1//-1
v -0.058694 0.630607 0.059668
v -0.054546 0.598817 0.055535
v -0.082782 0.598905 0.065054
vn -0.2523 0.1983 -0.9471
vn -0.2251 -0.0108 -0.9743
vn -0.4108 -0.0102 -0.9117
f -3//-3 -2//-2 -1//-1
v -0.087101 0.566848 0.071276
v -0.082782 0.598905 0.065054
v -0.058657 0.567122 0.060365
vn -0.4392 -0.2212 -0.8707
vn -0.4108 -0.0102 -0.9117
vn -0.2521 -0.2194 -0.9425
f -3//-3 -2//-2 -1//-1
v -0.087139 0.631087 0.070571
v -0.058694 0.630607 0.059668
v -0.082782 0.598905 0.065054
vn -0.4395 0.2015 -0.8754
vn -0.2523 0.1983 -0.9471
vn -0.4108 -0.0102 -0.9117
f -3//-3 -2//-2 -1//-1
v -0.087101 0.566848 0.071276
v -0.108618 0.599053 0.079899
v -0.082782 0.598905 0.065054
vn -0.4392 -0.2212 -0.8707
vn -0.5808 -0.0093 -0.8140
vn -0.4108 -0.0102 -0.9117
f -3//-3 -2//-2 -1//-1
v -0.087139 0.631087 0.070571
v -0.082782 0.598905 0.065054
v -0.108618 0.599053 0.079899
vn -0.4395 0.2015 -0.8754
vn -0.4108 -0.0102 -0.9117
vn -0.5808 -0.0093 -0.8140
f -3//-3 -2//-2 -1//-1
v -0.126283 0.492734 0.187081
v -0.133225 0.512081 0.153140
v -0.101525 0.480038 0.158790
vn -0.6970 -0.7087 -0.1089
vn -0.7427 -0.5815 -0.3322
vn -0.5341 -0.7923 -0.2950
f -3//-3 -2//-2 -1//-1
v -0.126408 0.707680 0.184721
v -0.101664 0.719780 0.156158
v -0.133327 0.687584 0.151213
vn -0.6978 0.7054 -0.1244
vn -0.5350 0.7850 -0.3123
vn -0.7434 0.5732 -0.3448
f -3//-3 -2//-2 -1//-1
v -0.101525 0.480038 0.158790
v -0.105479 0.502322 0.124739
v -0.071234 0.475550 0.133555
vn -0.5341 -0.7923 -0.2950
vn -0.5601 -0.6457 -0.5190
vn -0.3348 -0.8218 -0.4610
f -3//-3 -2//-2 -1//-1
v -0.101664 0.719780 0.156158
v -0.071378 0.723749 0.130830
v -0.105592 0.696749 0.122604
vn -0.5350 0.7850 -0.3123
vn -0.3358 0.8111 -0.4789
vn -0.5609 0.6335 -0.5330
f -3//-3 -2//-2 -1//-1
v -0.133225 0.512081 0.153140
v -0.105479 0.502322 0.124739
v -0.101525 0.480038 0.158790
vn -0.7427 -0.5815 -0.3322
vn -0.5601 -0.6457 -0.5190
vn -0.5341 -0.7923 -0.2950
f -3//-3 -2//-2 -1//-1
v -0.133327 0.687584 0.151213
v -0.101664 0.719780 0.156158
v -0.105592 0.696749 0.122604
vn -0.7434 0.5732 -0.3448
vn -0.5350 0.7850 -0.3123
vn -0.5609 0.6335 -0.5330
f -3//-3 -2//-2 -1//-1
v -0.133225 0.512081 0.153140
v -0.132474 0.537452 0.122640
v -0.105479 0.502322 0.124739
vn -0.7427 -0.5815 -0.3322
vn -0.7377 -0.4146 -0.5328
vn -0.5601 -0.6457 -0.5190
f -3//-3 -2//-2 -1//-1
v -0.133327 0.687584 0.151213
v -0.105592 0.696749 0.122604
v -0.132546 0.661551 0.121277
vn -0.7434 0.5732 -0.3448
vn -0.5609 0.6335 -0.5330
vn -0.7382 0.4019 -0.5418
f -3//-3 -2//-2 -1//-1
v -0.071234 0.475550 0.133555
v -0.068171 0.502052 0.098123
v -0.037474 0.479574 0.113095
vn -0.3348 -0.8218 -0.4610
vn -0.3147 -0.6474 -0.6941
vn -0.1127 -0.7953 -0.5956
f -3//-3 -2//-2 -1//-1
v -0.071378 0.723749 0.130830
v -0.037614 0.719316 0.110463
v -0.068284 0.696479 0.095988
vn -0.3358 0.8111 -0.4789
vn -0.1137 0.7819 -0.6129
vn -0.3154 0.6317 -0.7082
f -3//-3 -2//-2 -1//-1
v -0.037474 0.479574 0.113095
v -0.032195 0.511348 0.081063
v -0.002547 0.491836 0.098805
vn -0.1127 -0.7953 -0.5956
vn -0.0780 -0.5863 -0.8063
vn 0.1170 -0.7147 -0.6896
f -3//-3 -2//-2 -1//-1
v -0.037614 0.719316 0.110463
v -0.002672 0.706783 0.096445
v -0.032297 0.686852 0.079136
vn -0.1137 0.7819 -0.6129
vn 0.1162 0.6995 -0.7051
vn -0.0787 0.5683 -0.8190
f -3//-3 -2//-2 -1//-1
v -0.068171 0.502052 0.098123
v -0.032195 0.511348 0.081063
v -0.037474 0.479574 0.113095
vn -0.3147 -0.6474 -0.6941
vn -0.0780 -0.5863 -0.8063
vn -0.1127 -0.7953 -0.5956
f -3//-3 -2//-2 -1//-1
v -0.068284 0.696479 0.095988
v -0.037614 0.719316 0.110463
v -0.032297 0.686852 0.079136
vn -0.3154 0.6317 -0.7082
vn -0.1137 0.7819 -0.6129
vn -0.0787 0.5683 -0.8190
f -3//-3 -2//-2 -1//-1
v -0.068171 0.502052 0.098123
v -0.061035 0.536933 0.071673
v -0.032195 0.511348 0.081063
vn -0.3147 -0.6474 -0.6941
vn -0.2677 -0.4180 -0.8681
vn -0.0780 -0.5863 -0.8063
f -3//-3 -2//-2 -1//-1
v -0.068284 0.696479 0.095988
v -0.032297 0.686852 0.079136
v -0.061107 0.661033 0.070311
vn -0.3154 0.6317 -0.7082
vn -0.0787 0.5683 -0.8190
vn -0.2682 0.3985 -0.8771
f -3//-3 -2//-2 -1//-1
v -0.132474 0.537452 0.122640
v -0.100152 0.534379 0.092422
v -0.105479 0.502322 0.124739
vn -0.7377 -0.4146 -0.5328
vn -0.5251 -0.4348 -0.7316
vn -0.5601 -0.6457 -0.5190
f -3//-3 -2//-2 -1//-1
v -0.132546 0.661551 0.121277
v -0.105592 0.696749 0.122604
v -0.100228 0.663997 0.090999
vn -0.7382 0.4019 -0.5418
vn -0.5609 0.6335 -0.5330
vn -0.5256 0.4180 -0.7410
f -3//-3 -2//-2 -1//-1
v -0.105479 0.502322 0.124739
v -0.068171 0.502052 0.098123
v -0.071234 0.475550 0.133555
vn -0.5601 -0.6457 -0.5190
vn -0.3147 -0.6474 -0.6941
vn -0.3348 -0.8218 -0.4610
f -3//-3 -2//-2 -1//-1
v -0.105592 0.696749 0.122604
v -0.071378 0.723749 0.130830
v -0.068284 0.696479 0.095988
vn -0.5609 0.6335 -0.5330
vn -0.3358 0.8111 -0.4789
vn -0.3154 0.6317 -0.7082
f -3//-3 -2//-2 -1//-1
v -0.100152 0.534379 0.092422
v -0.068171 0.502052 0.098123
v -0.105479 0.502322 0.124739
vn -0.5251 -0.4348 -0.7316
vn -0.3147 -0.6474 -0.6941
vn -0.5601 -0.6457 -0.5190
f -3//-3 -2//-2 -1//-1
v -0.100228 0.663997 0.090999
v -0.105592 0.696749 0.122604
v -0.068284 0.696479 0.095988
vn -0.5256 0.4180 -0.7410
vn -0.5609 0.6335 -0.5330
vn -0.3154 0.6317 -0.7082
f -3//-3 -2//-2 -1//-1
v -0.100152 0.534379 0.092422
v -0.061035 0.536933 0.071673
v -0.068171 0.502052 0.098123
vn -0.5251 -0.4348 -0.7316
vn -0.2677 -0.4180 -0.8681
vn -0.3147 -0.6474 -0.6941
f -3//-3 -2//-2 -1//-1
v -0.100228 0.663997 0.090999
v -0.068284 0.696479 0.095988
v -0.061107 0.661033 0.070311
vn -0.5256 0.4180 -0.7410
vn -0.3154 0.6317 -0.7082
vn -0.2682 0.3985 -0.8771
f -3//-3 -2//-2 -1//-1
v -0.132474 0.537452 0.122640
v -0.124081 0.567116 0.097658
v -0.100152 0.534379 0.092422
vn -0.7377 -0.4146 -0.5328
vn -0.6825 -0.2194 -0.6972
vn -0.5251 -0.4348 -0.7316
f -3//-3 -2//-2 -1//-1
v -0.132546 0.661551 0.121277
v -0.100228 0.663997 0.090999
v -0.124118 0.631355 0.096953
vn -0.7382 0.4019 -0.5418
vn -0.5256 0.4180 -0.7410
vn -0.6828 0.2032 -0.7018
f -3//-3 -2//-2 -1//-1
v -0.100152 0.534379 0.092422
v -0.087101 0.566848 0.071276
v -0.061035 0.536933 0.071673
vn -0.5251 -0.4348 -0.7316
vn -0.4392 -0.2212 -0.8707
vn -0.2677 -0.4180 -0.8681
f -3//-3 -2//-2 -1//-1
v -0.100228 0.663997 0.090999
v -0.061107 0.661033 0.070311
v -0.087139 0.631087 0.070571
vn -0.5256 0.4180 -0.7410
vn -0.2682 0.3985 -0.8771
vn -0.4395 0.2015 -0.8754
f -3//-3 -2//-2 -1//-1
v -0.124081 0.567116 0.097658
v -0.087101 0.566848 0.071276
v -0.100152 0.534379 0.092422
vn -0.6825 -0.2194 -0.6972
vn -0.4392 -0.2212 -0.8707
vn -0.5251 -0.4348 -0.7316
f -3//-3 -2//-2 -1//-1
v -0.124118 0.631355 0.096953
v -0.100228 0.663997 0.090999
v -0.087139 0.631087 0.070571
vn -0.6828 0.2032 -0.7018
vn -0.5256 0.4180 -0.7410
vn -0.4395 0.2015 -0.8754
f -3//-3 -2//-2 -1//-1
v -0.124081 0.567116 0.097658
v -0.108618 0.599053 0.079899
v -0.087101 0.566848 0.071276
vn -0.6825 -0.2194 -0.6972
vn -0.5808 -0.0093 -0.8140
vn -0.4392 -0.2212 -0.8707
f -3//-3 -2//-2 -1//-1
v -0.124118 0.631355 0.096953
v -0.087139 0.631087 0.070571
v -0.108618 0.599053 0.079899
vn -0.6828 0.2032 -0.7018
vn -0.4395 0.2015 -0.8754
vn -0.5808 -0.0093 -0.8140
f -3//-3 -2//-2 -1//-1
v -0.126283 0.492734 0.187081
v -0.144941 0.515721 0.183710
v -0.133225 0.512081 0.153140
vn -0.6970 -0.7087 -0.1089
vn -0.8198 -0.5575 -0.1310
vn -0.7427 -0.5815 -0.3322
f -3//-3 -2//-2 -1//-1
v -0.126408 0.707680 0.184721
v -0.133327 0.687584 0.151213
v -0.145039 0.684603 0.181856
vn -0.6978 0.7054 -0.1244
vn -0.7434 0.5732 -0.3448
vn -0.8204 0.5536 -0.1432
f -3//-3 -2//-2 -1//-1
v -0.133225 0.512081 0.153140
v -0.148541 0.538302 0.150675
v -0.132474 0.537452 0.122640
vn -0.7427 -0.5815 -0.3322
vn -0.8434 -0.4090 -0.3484
vn -0.7377 -0.4146 -0.5328
f -3//-3 -2//-2 -1//-1
v -0.133327 0.687584 0.151213
v -0.132546 0.661551 0.121277
v -0.148612 0.661298 0.149325
vn -0.7434 0.5732 -0.3448
vn -0.7382 0.4019 -0.5418
vn -0.8439 0.4002 -0.3573
f -3//-3 -2//-2 -1//-1
v -0.144941 0.515721 0.183710
v -0.148541 0.538302 0.150675
v -0.133225 0.512081 0.153140
vn -0.8198 -0.5575 -0.1310
vn -0.8434 -0.4090 -0.3484
vn -0.7427 -0.5815 -0.3322
f -3//-3 -2//-2 -1//-1
v -0.145039 0.684603 0.181856
v -0.133327 0.687584 0.151213
v -0.148612 0.661298 0.149325
vn -0.8204 0.5536 -0.1432
vn -0.7434 0.5732 -0.3448
vn -0.8439 0.4002 -0.3573
f -3//-3 -2//-2 -1//-1
v -0.144941 0.515721 0.183710
v -0.158810 0.541964 0.181105
v -0.148541 0.538302 0.150675
vn -0.8198 -0.5575 -0.1310
vn -0.9110 -0.3849 -0.1482
vn -0.8434 -0.4090 -0.3484
f -3//-3 -2//-2 -1//-1
v -0.145039 0.684603 0.181856
v -0.148612 0.661298 0.149325
v -0.158878 0.658293 0.179828
vn -0.8204 0.5536 -0.1432
vn -0.8439 0.4002 -0.3573
vn -0.9114 0.3805 -0.1566
f -3//-3 -2//-2 -1//-1
v -0.132474 0.537452 0.122640
v -0.143650 0.567738 0.121001
v -0.124081 0.567116 0.097658
vn -0.7377 -0.4146 -0.5328
vn -0.8113 -0.2153 -0.5436
vn -0.6825 -0.2194 -0.6972
f -3//-3 -2//-2 -1//-1
v -0.132546 0.661551 0.121277
v -0.124118 0.631355 0.096953
v -0.143687 0.631223 0.120304
vn -0.7382 0.4019 -0.5418
vn -0.6828 0.2032 -0.7018
vn -0.8115 0.2024 -0.5482
f -3//-3 -2//-2 -1//-1
v -0.124081 0.567116 0.097658
v -0.131061 0.599256 0.099498
v -0.108618 0.599053 0.079899
vn -0.6825 -0.2194 -0.6972
vn -0.7284 -0.0079 -0.6851
vn -0.5808 -0.0093 -0.8140
f -3//-3 -2//-2 -1//-1
v -0.124118 0.631355 0.096953
v -0.108618 0.599053 0.079899
v -0.131061 0.599256 0.099498
vn -0.6828 0.2032 -0.7018
vn -0.5808 -0.0093 -0.8140
vn -0.7284 -0.0079 -0.6851
f -3//-3 -2//-2 -1//-1
v -0.143650 0.567738 0.121001
v -0.131061 0.599256 0.099498
v -0.124081 0.567116 0.097658
vn -0.8113 -0.2153 -0.5436
vn -0.7284 -0.0079 -0.6851
vn -0.6825 -0.2194 -0.6972
f -3//-3 -2//-2 -1//-1
v -0.143687 0.631223 0.120304
v -0.124118 0.631355 0.096953
v -0.131061 0.599256 0.099498
vn -0.8115 0.2024 -0.5482
vn -0.6828 0.2032 -0.7018
vn -0.7284 -0.0079 -0.6851
f -3//-3 -2//-2 -1//-1
v -0.143650 0.567738 0.121001
v -0.149250 0.599504 0.123099
v -0.131061 0.599256 0.099498
vn -0.8113 -0.2153 -0.5436
vn -0.8481 -0.0063 -0.5298
vn -0.7284 -0.0079 -0.6851
f -3//-3 -2//-2 -1//-1
v -0.143687 0.631223 0.120304
v -0.131061 0.599256 0.099498
v -0.149250 0.599504 0.123099
vn -0.8115 0.2024 -0.5482
vn -0.7284 -0.0079 -0.6851
vn -0.8481 -0.0063 -0.5298
f -3//-3 -2//-2 -1//-1
v -0.158810 0.541964 0.181105
v -0.159211 0.569582 0.150105
v -0.148541 0.538302 0.150675
vn -0.9110 -0.3849 -0.1482
vn -0.9136 -0.2032 -0.3521
vn -0.8434 -0.4090 -0.3484
f -3//-3 -2//-2 -1//-1
v -0.158878 0.658293 0.179828
v -0.148612 0.661298 0.149325
v -0.159246 0.630000 0.149442
vn -0.9114 0.3805 -0.1566
vn -0.8439 0.4002 -0.3573
vn -0.9139 0.1943 -0.3565
f -3//-3 -2//-2 -1//-1
v -0.148541 0.538302 0.150675
v -0.143650 0.567738 0.121001
v -0.132474 0.537452 0.122640
vn -0.8434 -0.4090 -0.3484
vn -0.8113 -0.2153 -0.5436
vn -0.7377 -0.4146 -0.5328
f -3//-3 -2//-2 -1//-1
v -0.148612 0.661298 0.149325
v -0.132546 0.661551 0.121277
v -0.143687 0.631223 0.120304
vn -0.8439 0.4002 -0.3573
vn -0.7382 0.4019 -0.5418
vn -0.8115 0.2024 -0.5482
f -3//-3 -2//-2 -1//-1
v -0.159211 0.569582 0.150105
v -0.143650 0.567738 0.121001
v -0.148541 0.538302 0.150675
vn -0.9136 -0.2032 -0.3521
vn -0.8113 -0.2153 -0.5436
vn -0.8434 -0.4090 -0.3484
f -3//-3 -2//-2 -1//-1
v -0.159246 0.630000 0.149442
v -0.148612 0.661298 0.149325
v -0.143687 0.631223 0.120304
vn -0.9139 0.1943 -0.3565
vn -0.8439 0.4002 -0.3573
vn -0.8115 0.2024 -0.5482
f -3//-3 -2//-2 -1//-1
v -0.159211 0.569582 0.150105
v -0.149250 0.599504 0.123099
v -0.143650 0.567738 0.121001
vn -0.9136 -0.2032 -0.3521
vn -0.8481 -0.0063 -0.5298
vn -0.8113 -0.2153 -0.5436
f -3//-3 -2//-2 -1//-1
v -0.159246 0.630000 0.149442
v -0.143687 0.631223 0.120304
v -0.149250 0.599504 0.123099
vn -0.9139 0.1943 -0.3565
vn -0.8115 0.2024 -0.5482
vn -0.8481 -0.0063 -0.5298
f -3//-3 -2//-2 -1//-1
v -0.158810 0.541964 0.181105
v -0.167358 0.570456 0.179366
v -0.159211 0.569582 0.150105
vn -0.9110 -0.3849 -0.1482
vn -0.9672 -0.1974 -0.1596
vn -0.9136 -0.2032 -0.3521
f -3//-3 -2//-2 -1//-1
v -0.158878 0.658293 0.179828
v -0.159246 0.630000 0.149442
v -0.167392 0.629760 0.178714
vn -0.9114 0.3805 -0.1566
vn -0.9139 0.1943 -0.3565
vn -0.9675 0.1927 -0.1639
f -3//-3 -2//-2 -1//-1
v -0.159211 0.569582 0.150105
v -0.162484 0.599790 0.149794
v -0.149250 0.599504 0.123099
vn -0.9136 -0.2032 -0.3521
vn -0.9352 -0.0044 -0.3542
vn -0.8481 -0.0063 -0.5298
f -3//-3 -2//-2 -1//-1
v -0.159246 0.630000 0.149442
v -0.149250 0.599504 0.123099
v -0.162484 0.599790 0.149794
vn -0.9139 0.1943 -0.3565
vn -0.8481 -0.0063 -0.5298
vn -0.9352 -0.0044 -0.3542
f -3//-3 -2//-2 -1//-1
v -0.167358 0.570456 0.179366
v -0.162484 0.599790 0.149794
v -0.159211 0.569582 0.150105
vn -0.9672 -0.1974 -0.1596
vn -0.9352 -0.0044 -0.3542
vn -0.9136 -0.2032 -0.3521
f -3//-3 -2//-2 -1//-1
v -0.167392 0.629760 0.178714
v -0.159246 0.630000 0.149442
v -0.162484 0.599790 0.149794
vn -0.9675 0.1927 -0.1639
vn -0.9139 0.1943 -0.3565
vn -0.9352 -0.0044 -0.3542
f -3//-3 -2//-2 -1//-1
v -0.167358 0.570456 0.179366
v -0.170256 0.600101 0.178558
v -0.162484 0.599790 0.149794
vn -0.9672 -0.1974 -0.1596
vn -0.9863 -0.0024 -0.1649
vn -0.9352 -0.0044 -0.3542
f -3//-3 -2//-2 -1//-1
v -0.167392 0.629760 0.178714
v -0.162484 0.599790 0.149794
v -0.170256 0.600101 0.178558
vn -0.9675 0.1927 -0.1639
vn -0.9352 -0.0044 -0.3542
vn -0.9863 -0.0024 -0.1649
f -3//-3 -2//-2 -1//-1
v -0.020249 0.448473 0.205296
v -0.025142 0.451712 0.234509
v -0.049498 0.451323 0.200373
vn 0.0006 -0.9999 0.0110
vn -0.0316 -0.9786 0.2032
vn -0.1918 -0.9812 -0.0214
f -3//-3 -2//-2 -1//-1
v -0.020426 0.752454 0.201958
v -0.049672 0.749462 0.197099
v -0.025315 0.749851 0.231236
vn -0.0006 0.9999 -0.0110
vn -0.1930 0.9803 -0.0429
vn -0.0327 0.9828 0.1816
f -3//-3 -2//-2 -1//-1
v -0.049498 0.451323 0.200373
v -0.055033 0.454853 0.230041
v -0.077627 0.459904 0.195575
vn -0.1918 -0.9812 -0.0214
vn -0.2283 -0.9580 0.1738
vn -0.3769 -0.9247 -0.0530
f -3//-3 -2//-2 -1//-1
v -0.049672 0.749462 0.197099
v -0.077790 0.740745 0.192492
v -0.055202 0.746578 0.226838
vn -0.1930 0.9803 -0.0429
vn -0.3780 0.9229 -0.0733
vn -0.2294 0.9613 0.1527
f -3//-3 -2//-2 -1//-1
v -0.025142 0.451712 0.234509
v -0.055033 0.454853 0.230041
v -0.049498 0.451323 0.200373
vn -0.0316 -0.9786 0.2032
vn -0.2283 -0.9580 0.1738
vn -0.1918 -0.9812 -0.0214
f -3//-3 -2//-2 -1//-1
v -0.025315 0.749851 0.231236
v -0.049672 0.749462 0.197099
v -0.055202 0.746578 0.226838
vn -0.0327 0.9828 0.1816
vn -0.1930 0.9803 -0.0429
vn -0.2294 0.9613 0.1527
f -3//-3 -2//-2 -1//-1
v -0.025142 0.451712 0.234509
v -0.029850 0.460667 0.262536
v -0.055033 0.454853 0.230041
vn -0.0316 -0.9786 0.2032
vn -0.0626 -0.9197 0.3876
vn -0.2283 -0.9580 0.1738
f -3//-3 -2//-2 -1//-1
v -0.025315 0.749851 0.231236
v -0.055202 0.746578 0.226838
v -0.030013 0.741508 0.259453
vn -0.0327 0.9828 0.1816
vn -0.2294 0.9613 0.1527
vn -0.0637 0.9279 0.3673
f -3//-3 -2//-2 -1//-1
v -0.077627 0.459904 0.195575
v -0.086154 0.465337 0.226278
v -0.103554 0.473887 0.191087
vn -0.3769 -0.9247 -0.0530
vn -0.4330 -0.8890 0.1490
vn -0.5475 -0.8327 -0.0825
f -3//-3 -2//-2 -1//-1
v -0.077790 0.740745 0.192492
v -0.103701 0.726637 0.188312
v -0.086311 0.735977 0.223306
vn -0.3780 0.9229 -0.0733
vn -0.5484 0.8301 -0.1008
vn -0.4340 0.8915 0.1295
f -3//-3 -2//-2 -1//-1
v -0.103554 0.473887 0.191087
v -0.112121 0.480728 0.222149
v -0.126283 0.492734 0.187081
vn -0.5475 -0.8327 -0.0825
vn -0.6038 -0.7877 0.1219
vn -0.6970 -0.7087 -0.1089
f -3//-3 -2//-2 -1//-1
v -0.103701 0.726637 0.188312
v -0.126408 0.707680 0.184721
v -0.112260 0.720470 0.219517
vn -0.5484 0.8301 -0.1008
vn -0.6978 0.7054 -0.1244
vn -0.6048 0.7895 0.1045
f -3//-3 -2//-2 -1//-1
v -0.086154 0.465337 0.226278
v -0.112121 0.480728 0.222149
v -0.103554 0.473887 0.191087
vn -0.4330 -0.8890 0.1490
vn -0.6038 -0.7877 0.1219
vn -0.5475 -0.8327 -0.0825
f -3//-3 -2//-2 -1//-1
v -0.086311 0.735977 0.223306
v -0.103701 0.726637 0.188312
v -0.112260 0.720470 0.219517
vn -0.4340 0.8915 0.1295
vn -0.5484 0.8301 -0.1008
vn -0.6048 0.7895 0.1045
f -3//-3 -2//-2 -1//-1
v -0.086154 0.465337 0.226278
v -0.091704 0.476882 0.255955
v -0.112121 0.480728 0.222149
vn -0.4330 -0.8890 0.1490
vn -0.4695 -0.8130 0.3443
vn -0.6038 -0.7877 0.1219
f -3//-3 -2//-2 -1//-1
v -0.086311 0.735977 0.223306
v -0.112260 0.720470 0.219517
v -0.091848 0.725081 0.253230
vn -0.4340 0.8915 0.1295
vn -0.6048 0.7895 0.1045
vn -0.4705 0.8199 0.3263
f -3//-3 -2//-2 -1//-1
v -0.029850 0.460667 0.262536
v -0.061713 0.465728 0.260533
v -0.055033 0.454853 0.230041
vn -0.0626 -0.9197 0.3876
vn -0.2722 -0.8864 0.3744
vn -0.2283 -0.9580 0.1738
f -3//-3 -2//-2 -1//-1
v -0.030013 0.741508 0.259453
v -0.055202 0.746578 0.226838
v -0.061870 0.736368 0.257561
vn -0.0637 0.9279 0.3673
vn -0.2294 0.9613 0.1527
vn -0.2732 0.8941 0.3548
f -3//-3 -2//-2 -1//-1
v -0.055033 0.454853 0.230041
v -0.086154 0.465337 0.226278
v -0.077627 0.459904 0.195575
vn -0.2283 -0.9580 0.1738
vn -0.4330 -0.8890 0.1490
vn -0.3769 -0.9247 -0.0530
f -3//-3 -2//-2 -1//-1
v -0.055202 0.746578 0.226838
v -0.077790 0.740745 0.192492
v -0.086311 0.735977 0.223306
vn -0.2294 0.9613 0.1527
vn -0.3780 0.9229 -0.0733
vn -0.4340 0.8915 0.1295
f -3//-3 -2//-2 -1//-1
v -0.061713 0.465728 0.260533
v -0.086154 0.465337 0.226278
v -0.055033 0.454853 0.230041
vn -0.2722 -0.8864 0.3744
vn -0.4330 -0.8890 0.1490
vn -0.2283 -0.9580 0.1738
f -3//-3 -2//-2 -1//-1
v -0.061870 0.736368 0.257561
v -0.055202 0.746578 0.226838
v -0.086311 0.735977 0.223306
vn -0.2732 0.8941 0.3548
vn -0.2294 0.9613 0.1527
vn -0.4340 0.8915 0.1295
f -3//-3 -2//-2 -1//-1
v -0.061713 0.465728 0.260533
v -0.091704 0.476882 0.255955
v -0.086154 0.465337 0.226278
vn -0.2722 -0.8864 0.3744
vn -0.4695 -0.8130 0.3443
vn -0.4330 -0.8890 0.1490
f -3//-3 -2//-2 -1//-1
v -0.061870 0.736368 0.257561
v -0.086311 0.735977 0.223306
v -0.091848 0.725081 0.253230
vn -0.2732 0.8941 0.3548
vn -0.4340 0.8915 0.1295
vn -0.4705 0.8199 0.3263
f -3//-3 -2//-2 -1//-1
v -0.029850 0.460667 0.262536
v -0.034192 0.474994 0.288300
v -0.061713 0.465728 0.260533
vn -0.0626 -0.9197 0.3876
vn -0.0912 -0.8255 0.5571
vn -0.2722 -0.8864 0.3744
f -3//-3 -2//-2 -1//-1
v -0.030013 0.741508 0.259453
v -0.061870 0.736368 0.257561
v -0.034339 0.727745 0.285524
vn -0.0637 0.9279 0.3673
vn -0.2732 0.8941 0.3548
vn -0.0921 0.8374 0.5388
f -3//-3 -2//-2 -1//-1
v -0.061713 0.465728 0.260533
v -0.066424 0.481458 0.286196
v -0.091704 0.476882 0.255955
vn -0.2722 -0.8864 0.3744
vn -0.3032 -0.7829 0.5432
vn -0.4695 -0.8130 0.3443
f -3//-3 -2//-2 -1//-1
v -0.061870 0.736368 0.257561
v -0.091848 0.725081 0.253230
v -0.066563 0.721200 0.283563
vn -0.2732 0.8941 0.3548
vn -0.4705 0.8199 0.3263
vn -0.3041 0.7943 0.5259
f -3//-3 -2//-2 -1//-1
v -0.034192 0.474994 0.288300
v -0.066424 0.481458 0.286196
v -0.061713 0.465728 0.260533
vn -0.0912 -0.8255 0.5571
vn -0.3032 -0.7829 0.5432
vn -0.2722 -0.8864 0.3744
f -3//-3 -2//-2 -1//-1
v -0.034339 0.727745 0.285524
v -0.061870 0.736368 0.257561
v -0.066563 0.721200 0.283563
vn -0.0921 0.8374 0.5388
vn -0.2732 0.8941 0.3548
vn -0.3041 0.7943 0.5259
f -3//-3 -2//-2 -1//-1
v -0.034192 0.474994 0.288300
v -0.038003 0.494143 0.310809
v -0.066424 0.481458 0.286196
vn -0.0912 -0.8255 0.5571
vn -0.1162 -0.6995 0.7051
vn -0.3032 -0.7829 0.5432
f -3//-3 -2//-2 -1//-1
v -0.034339 0.727745 0.285524
v -0.066563 0.721200 0.283563
v -0.038128 0.709090 0.308449
vn -0.0921 0.8374 0.5388
vn -0.3041 0.7943 0.5259
vn -0.1170 0.7147 0.6896
f -3//-3 -2//-2 -1//-1
v -0.126283 0.492734 0.187081
v -0.143821 0.512771 0.216499
v -0.144941 0.515721 0.183710
vn -0.6970 -0.7087 -0.1089
vn -0.8124 -0.5769 0.0847
vn -0.8198 -0.5575 -0.1310
f -3//-3 -2//-2 -1//-1
v -0.126408 0.707680 0.184721
v -0.145039 0.684603 0.181856
v -0.143923 0.688274 0.214572
vn -0.6978 0.7054 -0.1244
vn -0.8204 0.5536 -0.1432
vn -0.8131 0.5777 0.0720
f -3//-3 -2//-2 -1//-1
v -0.144941 0.515721 0.183710
v -0.159013 0.538984 0.213291
v -0.158810 0.541964 0.181105
vn -0.8198 -0.5575 -0.1310
vn -0.9123 -0.4045 0.0636
vn -0.9110 -0.3849 -0.1482
f -3//-3 -2//-2 -1//-1
v -0.145039 0.684603 0.181856
v -0.158878 0.658293 0.179828
v -0.159084 0.661979 0.211941
vn -0.8204 0.5536 -0.1432
vn -0.9114 0.3805 -0.1566
vn -0.9128 0.4047 0.0547
f -3//-3 -2//-2 -1//-1
v -0.143821 0.512771 0.216499
v -0.159013 0.538984 0.213291
v -0.144941 0.515721 0.183710
vn -0.8124 -0.5769 0.0847
vn -0.9123 -0.4045 0.0636
vn -0.8198 -0.5575 -0.1310
f -3//-3 -2//-2 -1//-1
v -0.143923 0.688274 0.214572
v -0.145039 0.684603 0.181856
v -0.159084 0.661979 0.211941
vn -0.8131 0.5777 0.0720
vn -0.8204 0.5536 -0.1432
vn -0.9128 0.4047 0.0547
f -3//-3 -2//-2 -1//-1
v -0.143821 0.512771 0.216499
v -0.152944 0.538784 0.245040
v -0.159013 0.538984 0.213291
vn -0.8124 -0.5769 0.0847
vn -0.8724 -0.4058 0.2725
vn -0.9123 -0.4045 0.0636
f -3//-3 -2//-2 -1//-1
v -0.143923 0.688274 0.214572
v -0.159084 0.661979 0.211941
v -0.153016 0.662883 0.243677
vn -0.8131 0.5777 0.0720
vn -0.9128 0.4047 0.0547
vn -0.8729 0.4107 0.2635
f -3//-3 -2//-2 -1//-1
v -0.158810 0.541964 0.181105
v -0.169177 0.570231 0.209696
v -0.167358 0.570456 0.179366
vn -0.9110 -0.3849 -0.1482
vn -0.9792 -0.1989 0.0399
vn -0.9672 -0.1974 -0.1596
f -3//-3 -2//-2 -1//-1
v -0.158878 0.658293 0.179828
v -0.167392 0.629760 0.178714
v -0.169212 0.630649 0.209033
vn -0.9114 0.3805 -0.1566
vn -0.9675 0.1927 -0.1639
vn -0.9794 0.1986 0.0356
f -3//-3 -2//-2 -1//-1
v -0.167358 0.570456 0.179366
v -0.172266 0.600426 0.208286
v -0.170256 0.600101 0.178558
vn -0.9672 -0.1974 -0.1596
vn -0.9995 -0.0002 0.0307
vn -0.9863 -0.0024 -0.1649
f -3//-3 -2//-2 -1//-1
v -0.167392 0.629760 0.178714
v -0.170256 0.600101 0.178558
v -0.172266 0.600426 0.208286
vn -0.9675 0.1927 -0.1639
vn -0.9863 -0.0024 -0.1649
vn -0.9995 -0.0002 0.0307
f -3//-3 -2//-2 -1//-1
v -0.169177 0.570231 0.209696
v -0.172266 0.600426 0.208286
v -0.167358 0.570456 0.179366
vn -0.9792 -0.1989 0.0399
vn -0.9995 -0.0002 0.0307
vn -0.9672 -0.1974 -0.1596
f -3//-3 -2//-2 -1//-1
v -0.169212 0.630649 0.209033
v -0.167392 0.629760 0.178714
v -0.172266 0.600426 0.208286
vn -0.9794 0.1986 0.0356
vn -0.9675 0.1927 -0.1639
vn -0.9995 -0.0002 0.0307
f -3//-3 -2//-2 -1//-1
v -0.169177 0.570231 0.209696
v -0.168438 0.600753 0.237834
v -0.172266 0.600426 0.208286
vn -0.9792 -0.1989 0.0399
vn -0.9743 0.0019 0.2250
vn -0.9995 -0.0002 0.0307
f -3//-3 -2//-2 -1//-1
v -0.169212 0.630649 0.209033
v -0.172266 0.600426 0.208286
v -0.168438 0.600753 0.237834
vn -0.9794 0.1986 0.0356
vn -0.9995 -0.0002 0.0307
vn -0.9743 0.0019 0.2250
f -3//-3 -2//-2 -1//-1
v -0.152944 0.538784 0.245040
v -0.163938 0.569058 0.242312
v -0.159013 0.538984 0.213291
vn -0.8724 -0.4058 0.2725
vn -0.9447 -0.2066 0.2545
vn -0.9123 -0.4045 0.0636
f -3//-3 -2//-2 -1//-1
v -0.153016 0.662883 0.243677
v -0.159084 0.661979 0.211941
v -0.163975 0.632543 0.241615
vn -0.8729 0.4107 0.2635
vn -0.9128 0.4047 0.0547
vn -0.9450 0.2111 0.2499
f -3//-3 -2//-2 -1//-1
v -0.159013 0.538984 0.213291
v -0.169177 0.570231 0.209696
v -0.158810 0.541964 0.181105
vn -0.9123 -0.4045 0.0636
vn -0.9792 -0.1989 0.0399
vn -0.9110 -0.3849 -0.1482
f -3//-3 -2//-2 -1//-1
v -0.159084 0.661979 0.211941
v -0.158878 0.658293 0.179828
v -0.169212 0.630649 0.209033
vn -0.9128 0.4047 0.0547
vn -0.9114 0.3805 -0.1566
vn -0.9794 0.1986 0.0356
f -3//-3 -2//-2 -1//-1
v -0.163938 0.569058 0.242312
v -0.169177 0.570231 0.209696
v -0.159013 0.538984 0.213291
vn -0.9447 -0.2066 0.2545
vn -0.9792 -0.1989 0.0399
vn -0.9123 -0.4045 0.0636
f -3//-3 -2//-2 -1//-1
v -0.163975 0.632543 0.241615
v -0.159084 0.661979 0.211941
v -0.169212 0.630649 0.209033
vn -0.9450 0.2111 0.2499
vn -0.9128 0.4047 0.0547
vn -0.9794 0.1986 0.0356
f -3//-3 -2//-2 -1//-1
v -0.163938 0.569058 0.242312
v -0.168438 0.600753 0.237834
v -0.169177 0.570231 0.209696
vn -0.9447 -0.2066 0.2545
vn -0.9743 0.0019 0.2250
vn -0.9792 -0.1989 0.0399
f -3//-3 -2//-2 -1//-1
v -0.163975 0.632543 0.241615
v -0.169212 0.630649 0.209033
v -0.168438 0.600753 0.237834
vn -0.9450 0.2111 0.2499
vn -0.9794 0.1986 0.0356
vn -0.9743 0.0019 0.2250
f -3//-3 -2//-2 -1//-1
v -0.152944 0.538784 0.245040
v -0.153030 0.569000 0.270759
v -0.163938 0.569058 0.242312
vn -0.8724 -0.4058 0.2725
vn -0.8730 -0.2070 0.4417
vn -0.9447 -0.2066 0.2545
f -3//-3 -2//-2 -1//-1
v -0.153016 0.662883 0.243677
v -0.163975 0.632543 0.241615
v -0.153067 0.633239 0.270053
vn -0.8729 0.4107 0.2635
vn -0.9450 0.2111 0.2499
vn -0.8732 0.2156 0.4370
f -3//-3 -2//-2 -1//-1
v -0.163938 0.569058 0.242312
v -0.158918 0.601068 0.266068
v -0.168438 0.600753 0.237834
vn -0.9447 -0.2066 0.2545
vn -0.9117 0.0040 0.4108
vn -0.9743 0.0019 0.2250
f -3//-3 -2//-2 -1//-1
v -0.163975 0.632543 0.241615
v -0.168438 0.600753 0.237834
v -0.158918 0.601068 0.266068
vn -0.9450 0.2111 0.2499
vn -0.9743 0.0019 0.2250
vn -0.9117 0.0040 0.4108
f -3//-3 -2//-2 -1//-1
v -0.153030 0.569000 0.270759
v -0.158918 0.601068 0.266068
v -0.163938 0.569058 0.242312
vn -0.8730 -0.2070 0.4417
vn -0.9117 0.0040 0.4108
vn -0.9447 -0.2066 0.2545
f -3//-3 -2//-2 -1//-1
v -0.153067 0.633239 0.270053
v -0.163975 0.632543 0.241615
v -0.158918 0.601068 0.266068
vn -0.8732 0.2156 0.4370
vn -0.9450 0.2111 0.2499
vn -0.9117 0.0040 0.4108
f -3//-3 -2//-2 -1//-1
v -0.153030 0.569000 0.270759
v -0.144073 0.601361 0.291903
v -0.158918 0.601068 0.266068
vn -0.8730 -0.2070 0.4417
vn -0.8141 0.0059 0.5808
vn -0.9117 0.0040 0.4108
f -3//-3 -2//-2 -1//-1
v -0.153067 0.633239 0.270053
v -0.158918 0.601068 0.266068
v -0.144073 0.601361 0.291903
vn -0.8732 0.2156 0.4370
vn -0.9117 0.0040 0.4108
vn -0.8141 0.0059 0.5808
f -3//-3 -2//-2 -1//-1
v -0.038003 0.494143 0.310809
v -0.071741 0.513922 0.317522
v -0.066424 0.481458 0.286196
vn -0.1162 -0.6995 0.7051
vn -0.3382 -0.5694 0.7493
vn -0.3032 -0.7829 0.5432
f -3//-3 -2//-2 -1//-1
v -0.038128 0.709090 0.308449
v -0.066563 0.721200 0.283563
v -0.071843 0.689425 0.315596
vn -0.1170 0.7147 0.6896
vn -0.3041 0.7943 0.5259
vn -0.3389 0.5853 0.7366
f -3//-3 -2//-2 -1//-1
v -0.066424 0.481458 0.286196
v -0.100242 0.504139 0.289887
v -0.091704 0.476882 0.255955
vn -0.3032 -0.7829 0.5432
vn -0.5257 -0.6337 0.5675
vn -0.4695 -0.8130 0.3443
f -3//-3 -2//-2 -1//-1
v -0.066563 0.721200 0.283563
v -0.091848 0.725081 0.253230
v -0.100355 0.698566 0.287753
vn -0.3041 0.7943 0.5259
vn -0.4705 0.8199 0.3263
vn -0.5264 0.6454 0.5535
f -3//-3 -2//-2 -1//-1
v -0.071741 0.513922 0.317522
v -0.100242 0.504139 0.289887
v -0.066424 0.481458 0.286196
vn -0.3382 -0.5694 0.7493
vn -0.5257 -0.6337 0.5675
vn -0.3032 -0.7829 0.5432
f -3//-3 -2//-2 -1//-1
v -0.071843 0.689425 0.315596
v -0.066563 0.721200 0.283563
v -0.100355 0.698566 0.287753
vn -0.3389 0.5853 0.7366
vn -0.3041 0.7943 0.5259
vn -0.5264 0.6454 0.5535
f -3//-3 -2//-2 -1//-1
v -0.071741 0.513922 0.317522
v -0.101975 0.539598 0.316474
v -0.100242 0.504139 0.289887
vn -0.3382 -0.5694 0.7493
vn -0.5371 -0.4004 0.7424
vn -0.5257 -0.6337 0.5675
f -3//-3 -2//-2 -1//-1
v -0.071843 0.689425 0.315596
v -0.100355 0.698566 0.287753
v -0.102048 0.663697 0.315112
vn -0.3389 0.5853 0.7366
vn -0.5264 0.6454 0.5535
vn -0.5376 0.4160 0.7335
f -3//-3 -2//-2 -1//-1
v -0.091704 0.476882 0.255955
v -0.126859 0.503714 0.252582
v -0.112121 0.480728 0.222149
vn -0.4695 -0.8130 0.3443
vn -0.7008 -0.6365 0.3221
vn -0.6038 -0.7877 0.1219
f -3//-3 -2//-2 -1//-1
v -0.091848 0.725081 0.253230
v -0.112260 0.720470 0.219517
v -0.126972 0.698141 0.250447
vn -0.4705 0.8199 0.3263
vn -0.6048 0.7895 0.1045
vn -0.7015 0.6426 0.3080
f -3//-3 -2//-2 -1//-1
v -0.112121 0.480728 0.222149
v -0.143821 0.512771 0.216499
v -0.126283 0.492734 0.187081
vn -0.6038 -0.7877 0.1219
vn -0.8124 -0.5769 0.0847
vn -0.6970 -0.7087 -0.1089
f -3//-3 -2//-2 -1//-1
v -0.112260 0.720470 0.219517
v -0.126408 0.707680 0.184721
v -0.143923 0.688274 0.214572
vn -0.6048 0.7895 0.1045
vn -0.6978 0.7054 -0.1244
vn -0.8131 0.5777 0.0720
f -3//-3 -2//-2 -1//-1
v -0.126859 0.503714 0.252582
v -0.143821 0.512771 0.216499
v -0.112121 0.480728 0.222149
vn -0.7008 -0.6365 0.3221
vn -0.8124 -0.5769 0.0847
vn -0.6038 -0.7877 0.1219
f -3//-3 -2//-2 -1//-1
v -0.126972 0.698141 0.250447
v -0.112260 0.720470 0.219517
v -0.143923 0.688274 0.214572
vn -0.7015 0.6426 0.3080
vn -0.6048 0.7895 0.1045
vn -0.8131 0.5777 0.0720
f -3//-3 -2//-2 -1//-1
v -0.126859 0.503714 0.252582
v -0.152944 0.538784 0.245040
v -0.143821 0.512771 0.216499
vn -0.7008 -0.6365 0.3221
vn -0.8724 -0.4058 0.2725
vn -0.8124 -0.5769 0.0847
f -3//-3 -2//-2 -1//-1
v -0.126972 0.698141 0.250447
v -0.143923 0.688274 0.214572
v -0.153016 0.662883 0.243677
vn -0.7015 0.6426 0.3080
vn -0.8131 0.5777 0.0720
vn -0.8729 0.4107 0.2635
f -3//-3 -2//-2 -1//-1
v -0.101975 0.539598 0.316474
v -0.132223 0.536466 0.284187
v -0.100242 0.504139 0.289887
vn -0.5371 -0.4004 0.7424
vn -0.7361 -0.4210 0.5300
vn -0.5257 -0.6337 0.5675
f -3//-3 -2//-2 -1//-1
v -0.102048 0.663697 0.315112
v -0.100355 0.698566 0.287753
v -0.132298 0.666084 0.282764
vn -0.5376 0.4160 0.7335
vn -0.5264 0.6454 0.5535
vn -0.7366 0.4317 0.5206
f -3//-3 -2//-2 -1//-1
v -0.100242 0.504139 0.289887
v -0.126859 0.503714 0.252582
v -0.091704 0.476882 0.255955
vn -0.5257 -0.6337 0.5675
vn -0.7008 -0.6365 0.3221
vn -0.4695 -0.8130 0.3443
f -3//-3 -2//-2 -1//-1
v -0.100355 0.698566 0.287753
v -0.091848 0.725081 0.253230
v -0.126972 0.698141 0.250447
vn -0.5264 0.6454 0.5535
vn -0.4705 0.8199 0.3263
vn -0.7015 0.6426 0.3080
f -3//-3 -2//-2 -1//-1
v -0.132223 0.536466 0.284187
v -0.126859 0.503714 0.252582
v -0.100242 0.504139 0.289887
vn -0.7361 -0.4210 0.5300
vn -0.7008 -0.6365 0.3221
vn -0.5257 -0.6337 0.5675
f -3//-3 -2//-2 -1//-1
v -0.132298 0.666084 0.282764
v -0.100355 0.698566 0.287753
v -0.126972 0.698141 0.250447
vn -0.7366 0.4317 0.5206
vn -0.5264 0.6454 0.5535
vn -0.7015 0.6426 0.3080
f -3//-3 -2//-2 -1//-1
v -0.132223 0.536466 0.284187
v -0.152944 0.538784 0.245040
v -0.126859 0.503714 0.252582
vn -0.7361 -0.4210 0.5300
vn -0.8724 -0.4058 0.2725
vn -0.7008 -0.6365 0.3221
f -3//-3 -2//-2 -1//-1
v -0.132298 0.666084 0.282764
v -0.126972 0.698141 0.250447
v -0.153016 0.662883 0.243677
vn -0.7366 0.4317 0.5206
vn -0.7015 0.6426 0.3080
vn -0.8729 0.4107 0.2635
f -3//-3 -2//-2 -1//-1
v -0.101975 0.539598 0.316474
v -0.126647 0.569421 0.307736
v -0.132223 0.536466 0.284187
vn -0.5371 -0.4004 0.7424
vn -0.6994 -0.2042 0.6849
vn -0.7361 -0.4210 0.5300
f -3//-3 -2//-2 -1//-1
v -0.102048 0.663697 0.315112
v -0.132298 0.666084 0.282764
v -0.126684 0.633660 0.307031
vn -0.5376 0.4160 0.7335
vn -0.7366 0.4317 0.5206
vn -0.6996 0.2184 0.6803
f -3//-3 -2//-2 -1//-1
v -0.132223 0.536466 0.284187
v -0.153030 0.569000 0.270759
v -0.152944 0.538784 0.245040
vn -0.7361 -0.4210 0.5300
vn -0.8730 -0.2070 0.4417
vn -0.8724 -0.4058 0.2725
f -3//-3 -2//-2 -1//-1
v -0.132298 0.666084 0.282764
v -0.153016 0.662883 0.243677
v -0.153067 0.633239 0.270053
vn -0.7366 0.4317 0.5206
vn -0.8729 0.4107 0.2635
vn -0.8732 0.2156 0.4370
f -3//-3 -2//-2 -1//-1
v -0.126647 0.569421 0.307736
v -0.153030 0.569000 0.270759
v -0.132223 0.536466 0.284187
vn -0.6994 -0.2042 0.6849
vn -0.8730 -0.2070 0.4417
vn -0.7361 -0.4210 0.5300
f -3//-3 -2//-2 -1//-1
v -0.126684 0.633660 0.307031
v -0.132298 0.666084 0.282764
v -0.153067 0.633239 0.270053
vn -0.6996 0.2184 0.6803
vn -0.7366 0.4317 0.5206
vn -0.8732 0.2156 0.4370
f -3//-3 -2//-2 -1//-1
v -0.126647 0.569421 0.307736
v -0.144073 0.601361 0.291903
v -0.153030 0.569000 0.270759
vn -0.6994 -0.2042 0.6849
vn -0.8141 0.0059 0.5808
vn -0.8730 -0.2070 0.4417
f -3//-3 -2//-2 -1//-1
v -0.126684 0.633660 0.307031
v -0.153067 0.633239 0.270053
v -0.144073 0.601361 0.291903
vn -0.6996 0.2184 0.6803
vn -0.8732 0.2156 0.4370
vn -0.8141 0.0059 0.5808
f -3//-3 -2//-2 -1//-1
v -0.038003 0.494143 0.310809
v -0.041134 0.517378 0.329199
v -0.071741 0.513922 0.317522
vn -0.1162 -0.6995 0.7051
vn -0.1368 -0.5466 0.8261
vn -0.3382 -0.5694 0.7493
f -3//-3 -2//-2 -1//-1
v -0.038128 0.709090 0.308449
v -0.071843 0.689425 0.315596
v -0.041232 0.686261 0.327345
vn -0.1170 0.7147 0.6896
vn -0.3389 0.5853 0.7366
vn -0.1375 0.5645 0.8139
f -3//-3 -2//-2 -1//-1
v -0.071741 0.513922 0.317522
v -0.073933 0.540342 0.332534
v -0.101975 0.539598 0.316474
vn -0.3382 -0.5694 0.7493
vn -0.3526 -0.3955 0.8481
vn -0.5371 -0.4004 0.7424
f -3//-3 -2//-2 -1//-1
v -0.071843 0.689425 0.315596
v -0.102048 0.663697 0.315112
v -0.074004 0.663338 0.331183
vn -0.3389 0.5853 0.7366
vn -0.5376 0.4160 0.7335
vn -0.3531 0.4136 0.8392
f -3//-3 -2//-2 -1//-1
v -0.041134 0.517378 0.329199
v -0.073933 0.540342 0.332534
v -0.071741 0.513922 0.317522
vn -0.1368 -0.5466 0.8261
vn -0.3526 -0.3955 0.8481
vn -0.3382 -0.5694 0.7493
f -3//-3 -2//-2 -1//-1
v -0.041232 0.686261 0.327345
v -0.071843 0.689425 0.315596
v -0.074004 0.663338 0.331183
vn -0.1375 0.5645 0.8139
vn -0.3389 0.5853 0.7366
vn -0.3531 0.4136 0.8392
f -3//-3 -2//-2 -1//-1
v -0.041134 0.517378 0.329199
v -0.043466 0.543806 0.342764
v -0.073933 0.540342 0.332534
vn -0.1368 -0.5466 0.8261
vn -0.1522 -0.3727 0.9154
vn -0.3526 -0.3955 0.8481
f -3//-3 -2//-2 -1//-1
v -0.041232 0.686261 0.327345
v -0.074004 0.663338 0.331183
v -0.043534 0.660135 0.341486
vn -0.1375 0.5645 0.8139
vn -0.3531 0.4136 0.8392
vn -0.1526 0.3926 0.9070
f -3//-3 -2//-2 -1//-1
v -0.101975 0.539598 0.316474
v -0.103299 0.570027 0.327300
v -0.126647 0.569421 0.307736
vn -0.5371 -0.4004 0.7424
vn -0.5458 -0.2002 0.8136
vn -0.6994 -0.2042 0.6849
f -3//-3 -2//-2 -1//-1
v -0.102048 0.663697 0.315112
v -0.126684 0.633660 0.307031
v -0.103336 0.633512 0.326602
vn -0.5376 0.4160 0.7335
vn -0.6996 0.2184 0.6803
vn -0.5460 0.2174 0.8091
f -3//-3 -2//-2 -1//-1
v -0.126647 0.569421 0.307736
v -0.124473 0.601618 0.314345
v -0.144073 0.601361 0.291903
vn -0.6994 -0.2042 0.6849
vn -0.6851 0.0076 0.7284
vn -0.8141 0.0059 0.5808
f -3//-3 -2//-2 -1//-1
v -0.126684 0.633660 0.307031
v -0.144073 0.601361 0.291903
v -0.124473 0.601618 0.314345
vn -0.6996 0.2184 0.6803
vn -0.8141 0.0059 0.5808
vn -0.6851 0.0076 0.7284
f -3//-3 -2//-2 -1//-1
v -0.103299 0.570027 0.327300
v -0.124473 0.601618 0.314345
v -0.126647 0.569421 0.307736
vn -0.5458 -0.2002 0.8136
vn -0.6851 0.0076 0.7284
vn -0.6994 -0.2042 0.6849
f -3//-3 -2//-2 -1//-1
v -0.103336 0.633512 0.326602
v -0.126684 0.633660 0.307031
v -0.124473 0.601618 0.314345
vn -0.5460 0.2174 0.8091
vn -0.6996 0.2184 0.6803
vn -0.6851 0.0076 0.7284
f -3//-3 -2//-2 -1//-1
v -0.103299 0.570027 0.327300
v -0.100871 0.601832 0.332532
v -0.124473 0.601618 0.314345
vn -0.5458 -0.2002 0.8136
vn -0.5298 0.0090 0.8481
vn -0.6851 0.0076 0.7284
f -3//-3 -2//-2 -1//-1
v -0.103336 0.633512 0.326602
v -0.124473 0.601618 0.314345
v -0.100871 0.601832 0.332532
vn -0.5460 0.2174 0.8091
vn -0.6851 0.0076 0.7284
vn -0.5298 0.0090 0.8481
f -3//-3 -2//-2 -1//-1
v -0.043466 0.543806 0.342764
v -0.074177 0.571748 0.342841
v -0.073933 0.540342 0.332534
vn -0.1522 -0.3727 0.9154
vn -0.3542 -0.1889 0.9159
vn -0.3526 -0.3955 0.8481
f -3//-3 -2//-2 -1//-1
v -0.043534 0.660135 0.341486
v -0.074004 0.663338 0.331183
v -0.074212 0.632166 0.342178
vn -0.1526 0.3926 0.9070
vn -0.3531 0.4136 0.8392
vn -0.3544 0.2086 0.9115
f -3//-3 -2//-2 -1//-1
v -0.073933 0.540342 0.332534
v -0.103299 0.570027 0.327300
v -0.101975 0.539598 0.316474
vn -0.3526 -0.3955 0.8481
vn -0.5458 -0.2002 0.8136
vn -0.5371 -0.4004 0.7424
f -3//-3 -2//-2 -1//-1
v -0.074004 0.663338 0.331183
v -0.102048 0.663697 0.315112
v -0.103336 0.633512 0.326602
vn -0.3531 0.4136 0.8392
vn -0.5376 0.4160 0.7335
vn -0.5460 0.2174 0.8091
f -3//-3 -2//-2 -1//-1
v -0.074177 0.571748 0.342841
v -0.103299 0.570027 0.327300
v -0.073933 0.540342 0.332534
vn -0.3542 -0.1889 0.9159
vn -0.5458 -0.2002 0.8136
vn -0.3526 -0.3955 0.8481
f -3//-3 -2//-2 -1//-1
v -0.074212 0.632166 0.342178
v -0.074004 0.663338 0.331183
v -0.103336 0.633512 0.326602
vn -0.3544 0.2086 0.9115
vn -0.3531 0.4136 0.8392
vn -0.5460 0.2174 0.8091
f -3//-3 -2//-2 -1//-1
v -0.074177 0.571748 0.342841
v -0.100871 0.601832 0.332532
v -0.103299 0.570027 0.327300
vn -0.3542 -0.1889 0.9159
vn -0.5298 0.0090 0.8481
vn -0.5458 -0.2002 0.8136
f -3//-3 -2//-2 -1//-1
v -0.074212 0.632166 0.342178
v -0.103336 0.633512 0.326602
v -0.100871 0.601832 0.332532
vn -0.3544 0.2086 0.9115
vn -0.5460 0.2174 0.8091
vn -0.5298 0.0090 0.8481
f -3//-3 -2//-2 -1//-1
v -0.043466 0.543806 0.342764
v -0.044909 0.572412 0.350981
v -0.074177 0.571748 0.342841
vn -0.1522 -0.3727 0.9154
vn -0.1617 -0.1846 0.9694
vn -0.3542 -0.1889 0.9159
f -3//-3 -2//-2 -1//-1
v -0.043534 0.660135 0.341486
v -0.074212 0.632166 0.342178
v -0.044944 0.631715 0.350330
vn -0.1526 0.3926 0.9070
vn -0.3544 0.2086 0.9115
vn -0.1619 0.2056 0.9652
f -3//-3 -2//-2 -1//-1
v -0.074177 0.571748 0.342841
v -0.074174 0.601993 0.345765
v -0.100871 0.601832 0.332532
vn -0.3542 -0.1889 0.9159
vn -0.3542 0.0101 0.9351
vn -0.5298 0.0090 0.8481
f -3//-3 -2//-2 -1//-1
v -0.074212 0.632166 0.342178
v -0.100871 0.601832 0.332532
v -0.074174 0.601993 0.345765
vn -0.3544 0.2086 0.9115
vn -0.5298 0.0090 0.8481
vn -0.3542 0.0101 0.9351
f -3//-3 -2//-2 -1//-1
v -0.044909 0.572412 0.350981
v -0.074174 0.601993 0.345765
v -0.074177 0.571748 0.342841
vn -0.1617 -0.1846 0.9694
vn -0.3542 0.0101 0.9351
vn -0.3542 -0.1889 0.9159
f -3//-3 -2//-2 -1//-1
v -0.044944 0.631715 0.350330
v -0.074212 0.632166 0.342178
v -0.074174 0.601993 0.345765
vn -0.1619 0.2056 0.9652
vn -0.3544 0.2086 0.9115
vn -0.3542 0.0101 0.9351
f -3//-3 -2//-2 -1//-1
v -0.044909 0.572412 0.350981
v -0.045408 0.602095 0.353536
v -0.074174 0.601993 0.345765
vn -0.1617 -0.1846 0.9694
vn -0.1649 0.0107 0.9862
vn -0.3542 0.0101 0.9351
f -3//-3 -2//-2 -1//-1
v -0.044944 0.631715 0.350330
v -0.074174 0.601993 0.345765
v -0.045408 0.602095 0.353536
vn -0.1619 0.2056 0.9652
vn -0.3542 0.0101 0.9351
vn -0.1649 0.0107 0.9862
f -3//-3 -2//-2 -1//-1
